
<entities xmlns:xsd="http://www.w3.org/2001/XMLSchema" xmlns:xsi="http://www.w3.org/2001/XMLSchema-instance" timestamp="2023-04-13T18:05:29.4672564Z">
  <entity name="jarvis_subquerycategory" displayname="Sub Query Category">
    <records>
      <record id="799fac5c-1eb8-ed11-83fe-000d3ab1495c">
        <field name="createdby" value="293ebda2-985a-ed11-9562-000d3adf4843" lookupentity="systemuser" lookupentityname="Swathi Sathish Kumar" />
        <field name="createdon" value="2023-03-01T10:46:47.0000000Z" />
        <field name="jarvis_querycategory" value="fa1c940b-1eb8-ed11-83fe-000d3ab1495c" lookupentity="jarvis_querycategory" lookupentityname="Financial Query" />
        <field name="modifiedby" value="293ebda2-985a-ed11-9562-000d3adf4843" lookupentity="systemuser" lookupentityname="Swathi Sathish Kumar" />
        <field name="modifiedon" value="2023-03-01T10:46:47.0000000Z" />
        <field name="jarvis_name" value="VAT" />
        <field name="ownerid" value="293ebda2-985a-ed11-9562-000d3adf4843" lookupentity="systemuser" lookupentityname="Swathi Sathish Kumar" />
        <field name="owningbusinessunit" value="c3ed74bc-152d-ed11-9db1-000d3adb48a2" lookupentity="businessunit" lookupentityname="org449d870c" />
        <field name="owninguser" value="293ebda2-985a-ed11-9562-000d3adf4843" lookupentity="systemuser" />
        <field name="statecode" value="0" />
        <field name="statuscode" value="1" />
        <field name="jarvis_subquerycategoryid" value="799fac5c-1eb8-ed11-83fe-000d3ab1495c" />
      </record>
      <record id="2d432f63-1eb8-ed11-83fe-000d3ab1495c">
        <field name="createdby" value="293ebda2-985a-ed11-9562-000d3adf4843" lookupentity="systemuser" lookupentityname="Swathi Sathish Kumar" />
        <field name="createdon" value="2023-03-01T10:46:58.0000000Z" />
        <field name="jarvis_querycategory" value="fa1c940b-1eb8-ed11-83fe-000d3ab1495c" lookupentity="jarvis_querycategory" lookupentityname="Financial Query" />
        <field name="modifiedby" value="293ebda2-985a-ed11-9562-000d3adf4843" lookupentity="systemuser" lookupentityname="Swathi Sathish Kumar" />
        <field name="modifiedon" value="2023-03-01T10:46:58.0000000Z" />
        <field name="jarvis_name" value="CCP" />
        <field name="ownerid" value="293ebda2-985a-ed11-9562-000d3adf4843" lookupentity="systemuser" lookupentityname="Swathi Sathish Kumar" />
        <field name="owningbusinessunit" value="c3ed74bc-152d-ed11-9db1-000d3adb48a2" lookupentity="businessunit" lookupentityname="org449d870c" />
        <field name="owninguser" value="293ebda2-985a-ed11-9562-000d3adf4843" lookupentity="systemuser" />
        <field name="statecode" value="0" />
        <field name="statuscode" value="1" />
        <field name="jarvis_subquerycategoryid" value="2d432f63-1eb8-ed11-83fe-000d3ab1495c" />
      </record>
      <record id="f2b78cdc-1eb8-ed11-83fe-000d3ab1495c">
        <field name="createdby" value="293ebda2-985a-ed11-9562-000d3adf4843" lookupentity="systemuser" lookupentityname="Swathi Sathish Kumar" />
        <field name="createdon" value="2023-03-01T10:50:25.0000000Z" />
        <field name="jarvis_querycategory" value="fa1c940b-1eb8-ed11-83fe-000d3ab1495c" lookupentity="jarvis_querycategory" lookupentityname="Financial Query" />
        <field name="modifiedby" value="293ebda2-985a-ed11-9562-000d3adf4843" lookupentity="systemuser" lookupentityname="Swathi Sathish Kumar" />
        <field name="modifiedon" value="2023-03-01T10:50:25.0000000Z" />
        <field name="jarvis_name" value="GOP Amount" />
        <field name="ownerid" value="293ebda2-985a-ed11-9562-000d3adf4843" lookupentity="systemuser" lookupentityname="Swathi Sathish Kumar" />
        <field name="owningbusinessunit" value="c3ed74bc-152d-ed11-9db1-000d3adb48a2" lookupentity="businessunit" lookupentityname="org449d870c" />
        <field name="owninguser" value="293ebda2-985a-ed11-9562-000d3adf4843" lookupentity="systemuser" />
        <field name="statecode" value="0" />
        <field name="statuscode" value="1" />
        <field name="jarvis_subquerycategoryid" value="f2b78cdc-1eb8-ed11-83fe-000d3ab1495c" />
      </record>
      <record id="40da9fe7-1eb8-ed11-83fe-000d3ab1495c">
        <field name="createdby" value="293ebda2-985a-ed11-9562-000d3adf4843" lookupentity="systemuser" lookupentityname="Swathi Sathish Kumar" />
        <field name="createdon" value="2023-03-01T10:50:42.0000000Z" />
        <field name="jarvis_querycategory" value="fa1c940b-1eb8-ed11-83fe-000d3ab1495c" lookupentity="jarvis_querycategory" lookupentityname="Financial Query" />
        <field name="modifiedby" value="293ebda2-985a-ed11-9562-000d3adf4843" lookupentity="systemuser" lookupentityname="Swathi Sathish Kumar" />
        <field name="modifiedon" value="2023-03-01T10:50:42.0000000Z" />
        <field name="jarvis_name" value="GOP Validity" />
        <field name="ownerid" value="293ebda2-985a-ed11-9562-000d3adf4843" lookupentity="systemuser" lookupentityname="Swathi Sathish Kumar" />
        <field name="owningbusinessunit" value="c3ed74bc-152d-ed11-9db1-000d3adb48a2" lookupentity="businessunit" lookupentityname="org449d870c" />
        <field name="owninguser" value="293ebda2-985a-ed11-9562-000d3adf4843" lookupentity="systemuser" />
        <field name="statecode" value="0" />
        <field name="statuscode" value="1" />
        <field name="jarvis_subquerycategoryid" value="40da9fe7-1eb8-ed11-83fe-000d3ab1495c" />
      </record>
      <record id="8b9e62ef-1eb8-ed11-83fe-000d3ab1495c">
        <field name="createdby" value="293ebda2-985a-ed11-9562-000d3adf4843" lookupentity="systemuser" lookupentityname="Swathi Sathish Kumar" />
        <field name="createdon" value="2023-03-01T10:50:56.0000000Z" />
        <field name="jarvis_querycategory" value="fa1c940b-1eb8-ed11-83fe-000d3ab1495c" lookupentity="jarvis_querycategory" lookupentityname="Financial Query" />
        <field name="modifiedby" value="293ebda2-985a-ed11-9562-000d3adf4843" lookupentity="systemuser" lookupentityname="Swathi Sathish Kumar" />
        <field name="modifiedon" value="2023-03-01T10:50:56.0000000Z" />
        <field name="jarvis_name" value="Tariffs" />
        <field name="ownerid" value="293ebda2-985a-ed11-9562-000d3adf4843" lookupentity="systemuser" lookupentityname="Swathi Sathish Kumar" />
        <field name="owningbusinessunit" value="c3ed74bc-152d-ed11-9db1-000d3adb48a2" lookupentity="businessunit" lookupentityname="org449d870c" />
        <field name="owninguser" value="293ebda2-985a-ed11-9562-000d3adf4843" lookupentity="systemuser" />
        <field name="statecode" value="0" />
        <field name="statuscode" value="1" />
        <field name="jarvis_subquerycategoryid" value="8b9e62ef-1eb8-ed11-83fe-000d3ab1495c" />
      </record>
      <record id="9d9b1203-1fb8-ed11-83fe-000d3ab1495c">
        <field name="createdby" value="293ebda2-985a-ed11-9562-000d3adf4843" lookupentity="systemuser" lookupentityname="Swathi Sathish Kumar" />
        <field name="createdon" value="2023-03-01T10:51:32.0000000Z" />
        <field name="jarvis_querycategory" value="fa1c940b-1eb8-ed11-83fe-000d3ab1495c" lookupentity="jarvis_querycategory" lookupentityname="Financial Query" />
        <field name="modifiedby" value="293ebda2-985a-ed11-9562-000d3adf4843" lookupentity="systemuser" lookupentityname="Swathi Sathish Kumar" />
        <field name="modifiedon" value="2023-03-01T10:51:32.0000000Z" />
        <field name="jarvis_name" value="Sublet Missing or Overcharged" />
        <field name="ownerid" value="293ebda2-985a-ed11-9562-000d3adf4843" lookupentity="systemuser" lookupentityname="Swathi Sathish Kumar" />
        <field name="owningbusinessunit" value="c3ed74bc-152d-ed11-9db1-000d3adb48a2" lookupentity="businessunit" lookupentityname="org449d870c" />
        <field name="owninguser" value="293ebda2-985a-ed11-9562-000d3adf4843" lookupentity="systemuser" />
        <field name="statecode" value="0" />
        <field name="statuscode" value="1" />
        <field name="jarvis_subquerycategoryid" value="9d9b1203-1fb8-ed11-83fe-000d3ab1495c" />
      </record>
      <record id="a72d8b0f-1fb8-ed11-83fe-000d3ab1495c">
        <field name="createdby" value="293ebda2-985a-ed11-9562-000d3adf4843" lookupentity="systemuser" lookupentityname="Swathi Sathish Kumar" />
        <field name="createdon" value="2023-03-01T10:51:54.0000000Z" />
        <field name="jarvis_querycategory" value="fa1c940b-1eb8-ed11-83fe-000d3ab1495c" lookupentity="jarvis_querycategory" lookupentityname="Financial Query" />
        <field name="modifiedby" value="293ebda2-985a-ed11-9562-000d3adf4843" lookupentity="systemuser" lookupentityname="Swathi Sathish Kumar" />
        <field name="modifiedon" value="2023-03-01T10:51:54.0000000Z" />
        <field name="jarvis_name" value="TOAS Issue" />
        <field name="ownerid" value="293ebda2-985a-ed11-9562-000d3adf4843" lookupentity="systemuser" lookupentityname="Swathi Sathish Kumar" />
        <field name="owningbusinessunit" value="c3ed74bc-152d-ed11-9db1-000d3adb48a2" lookupentity="businessunit" lookupentityname="org449d870c" />
        <field name="owninguser" value="293ebda2-985a-ed11-9562-000d3adf4843" lookupentity="systemuser" />
        <field name="statecode" value="0" />
        <field name="statuscode" value="1" />
        <field name="jarvis_subquerycategoryid" value="a72d8b0f-1fb8-ed11-83fe-000d3ab1495c" />
      </record>
      <record id="ab317a23-1fb8-ed11-83fe-000d3ab1495c">
        <field name="createdby" value="293ebda2-985a-ed11-9562-000d3adf4843" lookupentity="systemuser" lookupentityname="Swathi Sathish Kumar" />
        <field name="createdon" value="2023-03-01T10:52:20.0000000Z" />
        <field name="jarvis_querycategory" value="fa1c940b-1eb8-ed11-83fe-000d3ab1495c" lookupentity="jarvis_querycategory" lookupentityname="Financial Query" />
        <field name="modifiedby" value="293ebda2-985a-ed11-9562-000d3adf4843" lookupentity="systemuser" lookupentityname="Swathi Sathish Kumar" />
        <field name="modifiedon" value="2023-03-01T10:52:20.0000000Z" />
        <field name="jarvis_name" value="Invoice Details Missing or Wrong" />
        <field name="ownerid" value="293ebda2-985a-ed11-9562-000d3adf4843" lookupentity="systemuser" lookupentityname="Swathi Sathish Kumar" />
        <field name="owningbusinessunit" value="c3ed74bc-152d-ed11-9db1-000d3adb48a2" lookupentity="businessunit" lookupentityname="org449d870c" />
        <field name="owninguser" value="293ebda2-985a-ed11-9562-000d3adf4843" lookupentity="systemuser" />
        <field name="statecode" value="0" />
        <field name="statuscode" value="1" />
        <field name="jarvis_subquerycategoryid" value="ab317a23-1fb8-ed11-83fe-000d3ab1495c" />
      </record>
      <record id="dfbbd233-1fb8-ed11-83fe-000d3ab1495c">
        <field name="createdby" value="293ebda2-985a-ed11-9562-000d3adf4843" lookupentity="systemuser" lookupentityname="Swathi Sathish Kumar" />
        <field name="createdon" value="2023-03-01T10:52:48.0000000Z" />
        <field name="jarvis_querycategory" value="fa1c940b-1eb8-ed11-83fe-000d3ab1495c" lookupentity="jarvis_querycategory" lookupentityname="Financial Query" />
        <field name="modifiedby" value="293ebda2-985a-ed11-9562-000d3adf4843" lookupentity="systemuser" lookupentityname="Swathi Sathish Kumar" />
        <field name="modifiedon" value="2023-03-01T10:52:48.0000000Z" />
        <field name="jarvis_name" value="Warranty 1st Year" />
        <field name="ownerid" value="293ebda2-985a-ed11-9562-000d3adf4843" lookupentity="systemuser" lookupentityname="Swathi Sathish Kumar" />
        <field name="owningbusinessunit" value="c3ed74bc-152d-ed11-9db1-000d3adb48a2" lookupentity="businessunit" lookupentityname="org449d870c" />
        <field name="owninguser" value="293ebda2-985a-ed11-9562-000d3adf4843" lookupentity="systemuser" />
        <field name="statecode" value="0" />
        <field name="statuscode" value="1" />
        <field name="jarvis_subquerycategoryid" value="dfbbd233-1fb8-ed11-83fe-000d3ab1495c" />
      </record>
      <record id="77543c41-1fb8-ed11-83fe-000d3ab1495c">
        <field name="createdby" value="293ebda2-985a-ed11-9562-000d3adf4843" lookupentity="systemuser" lookupentityname="Swathi Sathish Kumar" />
        <field name="createdon" value="2023-03-01T10:53:10.0000000Z" />
        <field name="jarvis_querycategory" value="fa1c940b-1eb8-ed11-83fe-000d3ab1495c" lookupentity="jarvis_querycategory" lookupentityname="Financial Query" />
        <field name="modifiedby" value="293ebda2-985a-ed11-9562-000d3adf4843" lookupentity="systemuser" lookupentityname="Swathi Sathish Kumar" />
        <field name="modifiedon" value="2023-03-01T10:53:10.0000000Z" />
        <field name="jarvis_name" value="Warranty 2nd Year" />
        <field name="ownerid" value="293ebda2-985a-ed11-9562-000d3adf4843" lookupentity="systemuser" lookupentityname="Swathi Sathish Kumar" />
        <field name="owningbusinessunit" value="c3ed74bc-152d-ed11-9db1-000d3adb48a2" lookupentity="businessunit" lookupentityname="org449d870c" />
        <field name="owninguser" value="293ebda2-985a-ed11-9562-000d3adf4843" lookupentity="systemuser" />
        <field name="statecode" value="0" />
        <field name="statuscode" value="1" />
        <field name="jarvis_subquerycategoryid" value="77543c41-1fb8-ed11-83fe-000d3ab1495c" />
      </record>
      <record id="b643944e-1fb8-ed11-83fe-000d3ab1495c">
        <field name="createdby" value="293ebda2-985a-ed11-9562-000d3adf4843" lookupentity="systemuser" lookupentityname="Swathi Sathish Kumar" />
        <field name="createdon" value="2023-03-01T10:53:33.0000000Z" />
        <field name="jarvis_querycategory" value="fa1c940b-1eb8-ed11-83fe-000d3ab1495c" lookupentity="jarvis_querycategory" lookupentityname="Financial Query" />
        <field name="modifiedby" value="293ebda2-985a-ed11-9562-000d3adf4843" lookupentity="systemuser" lookupentityname="Swathi Sathish Kumar" />
        <field name="modifiedon" value="2023-03-01T10:53:33.0000000Z" />
        <field name="jarvis_name" value="Warranty on Parts" />
        <field name="ownerid" value="293ebda2-985a-ed11-9562-000d3adf4843" lookupentity="systemuser" lookupentityname="Swathi Sathish Kumar" />
        <field name="owningbusinessunit" value="c3ed74bc-152d-ed11-9db1-000d3adb48a2" lookupentity="businessunit" lookupentityname="org449d870c" />
        <field name="owninguser" value="293ebda2-985a-ed11-9562-000d3adf4843" lookupentity="systemuser" />
        <field name="statecode" value="0" />
        <field name="statuscode" value="1" />
        <field name="jarvis_subquerycategoryid" value="b643944e-1fb8-ed11-83fe-000d3ab1495c" />
      </record>
      <record id="8247bd57-1fb8-ed11-83fe-000d3ab1495c">
        <field name="createdby" value="293ebda2-985a-ed11-9562-000d3adf4843" lookupentity="systemuser" lookupentityname="Swathi Sathish Kumar" />
        <field name="createdon" value="2023-03-01T10:53:48.0000000Z" />
        <field name="jarvis_querycategory" value="fa1c940b-1eb8-ed11-83fe-000d3ab1495c" lookupentity="jarvis_querycategory" lookupentityname="Financial Query" />
        <field name="modifiedby" value="293ebda2-985a-ed11-9562-000d3adf4843" lookupentity="systemuser" lookupentityname="Swathi Sathish Kumar" />
        <field name="modifiedon" value="2023-03-01T10:53:48.0000000Z" />
        <field name="jarvis_name" value="Warranty P-code" />
        <field name="ownerid" value="293ebda2-985a-ed11-9562-000d3adf4843" lookupentity="systemuser" lookupentityname="Swathi Sathish Kumar" />
        <field name="owningbusinessunit" value="c3ed74bc-152d-ed11-9db1-000d3adb48a2" lookupentity="businessunit" lookupentityname="org449d870c" />
        <field name="owninguser" value="293ebda2-985a-ed11-9562-000d3adf4843" lookupentity="systemuser" />
        <field name="statecode" value="0" />
        <field name="statuscode" value="1" />
        <field name="jarvis_subquerycategoryid" value="8247bd57-1fb8-ed11-83fe-000d3ab1495c" />
      </record>
      <record id="03c0fd5f-1fb8-ed11-83fe-000d3ab1495c">
        <field name="createdby" value="293ebda2-985a-ed11-9562-000d3adf4843" lookupentity="systemuser" lookupentityname="Swathi Sathish Kumar" />
        <field name="createdon" value="2023-03-01T10:54:02.0000000Z" />
        <field name="jarvis_querycategory" value="fa1c940b-1eb8-ed11-83fe-000d3ab1495c" lookupentity="jarvis_querycategory" lookupentityname="Financial Query" />
        <field name="modifiedby" value="293ebda2-985a-ed11-9562-000d3adf4843" lookupentity="systemuser" lookupentityname="Swathi Sathish Kumar" />
        <field name="modifiedon" value="2023-03-01T10:54:02.0000000Z" />
        <field name="jarvis_name" value="Contract" />
        <field name="ownerid" value="293ebda2-985a-ed11-9562-000d3adf4843" lookupentity="systemuser" lookupentityname="Swathi Sathish Kumar" />
        <field name="owningbusinessunit" value="c3ed74bc-152d-ed11-9db1-000d3adb48a2" lookupentity="businessunit" lookupentityname="org449d870c" />
        <field name="owninguser" value="293ebda2-985a-ed11-9562-000d3adf4843" lookupentity="systemuser" />
        <field name="statecode" value="0" />
        <field name="statuscode" value="1" />
        <field name="jarvis_subquerycategoryid" value="03c0fd5f-1fb8-ed11-83fe-000d3ab1495c" />
      </record>
    </records>
    <m2mrelationships />
  </entity>
</entities>