
<entities xmlns:xsd="http://www.w3.org/2001/XMLSchema" xmlns:xsi="http://www.w3.org/2001/XMLSchema-instance" timestamp="2023-01-06T06:40:13.3968296Z">
  <entity name="jarvis_maincode" displayname="Main Code">
    <records>
      <record id="5f94d566-e17a-ed11-81ad-000d3ad9bde0">
        <field name="createdby" value="dddde7d9-7e2f-ed11-9db1-0022489db736" lookupentity="systemuser" lookupentityname="Nizar Zouaoui" />
        <field name="createdon" value="2022-12-13T12:26:44.0000000Z" />
        <field name="jarvis_ctdimaincode" value="N" />
        <field name="jarvis_maincodeid" value="5f94d566-e17a-ed11-81ad-000d3ad9bde0" />
        <field name="modifiedby" value="dddde7d9-7e2f-ed11-9db1-0022489db736" lookupentity="systemuser" lookupentityname="Nizar Zouaoui" />
        <field name="modifiedon" value="2022-12-13T12:26:44.0000000Z" />
        <field name="jarvis_name" value="Press &amp;amp; Media" />
        <field name="ownerid" value="dddde7d9-7e2f-ed11-9db1-0022489db736" lookupentity="systemuser" lookupentityname="Nizar Zouaoui" />
        <field name="owningbusinessunit" value="c3ed74bc-152d-ed11-9db1-000d3adb48a2" lookupentity="businessunit" lookupentityname="org449d870c" />
        <field name="owninguser" value="dddde7d9-7e2f-ed11-9db1-0022489db736" lookupentity="systemuser" />
        <field name="statecode" value="0" />
        <field name="statuscode" value="1" />
      </record>
      <record id="fe1ea078-e17a-ed11-81ad-000d3ad9bde0">
        <field name="createdby" value="dddde7d9-7e2f-ed11-9db1-0022489db736" lookupentity="systemuser" lookupentityname="Nizar Zouaoui" />
        <field name="createdon" value="2022-12-13T12:27:17.0000000Z" />
        <field name="jarvis_ctdimaincode" value="Y" />
        <field name="jarvis_maincodeid" value="fe1ea078-e17a-ed11-81ad-000d3ad9bde0" />
        <field name="modifiedby" value="dddde7d9-7e2f-ed11-9db1-0022489db736" lookupentity="systemuser" lookupentityname="Nizar Zouaoui" />
        <field name="modifiedon" value="2022-12-13T12:27:17.0000000Z" />
        <field name="jarvis_name" value="Technical Alliance Workshop" />
        <field name="ownerid" value="dddde7d9-7e2f-ed11-9db1-0022489db736" lookupentity="systemuser" lookupentityname="Nizar Zouaoui" />
        <field name="owningbusinessunit" value="c3ed74bc-152d-ed11-9db1-000d3adb48a2" lookupentity="businessunit" lookupentityname="org449d870c" />
        <field name="owninguser" value="dddde7d9-7e2f-ed11-9db1-0022489db736" lookupentity="systemuser" />
        <field name="statecode" value="0" />
        <field name="statuscode" value="1" />
      </record>
      <record id="f3633e9b-366b-ed11-9561-0022489d0994">
        <field name="createdby" value="293ebda2-985a-ed11-9562-000d3adf4843" lookupentity="systemuser" lookupentityname="Swathi Sathish Kumar" />
        <field name="createdon" value="2022-11-23T13:56:24.0000000Z" />
        <field name="jarvis_ctdimaincode" value="E" />
        <field name="jarvis_maincodeid" value="f3633e9b-366b-ed11-9561-0022489d0994" />
        <field name="modifiedby" value="293ebda2-985a-ed11-9562-000d3adf4843" lookupentity="systemuser" lookupentityname="Swathi Sathish Kumar" />
        <field name="modifiedon" value="2022-11-23T13:56:24.0000000Z" />
        <field name="jarvis_name" value="Body Builder" />
        <field name="ownerid" value="293ebda2-985a-ed11-9562-000d3adf4843" lookupentity="systemuser" lookupentityname="Swathi Sathish Kumar" />
        <field name="owningbusinessunit" value="c3ed74bc-152d-ed11-9db1-000d3adb48a2" lookupentity="businessunit" lookupentityname="org449d870c" />
        <field name="owninguser" value="293ebda2-985a-ed11-9562-000d3adf4843" lookupentity="systemuser" />
        <field name="statecode" value="0" />
        <field name="statuscode" value="1" />
      </record>
      <record id="95246ba1-366b-ed11-9561-0022489d0994">
        <field name="createdby" value="293ebda2-985a-ed11-9562-000d3adf4843" lookupentity="systemuser" lookupentityname="Swathi Sathish Kumar" />
        <field name="createdon" value="2022-11-23T13:56:39.0000000Z" />
        <field name="jarvis_ctdimaincode" value="M" />
        <field name="jarvis_maincodeid" value="95246ba1-366b-ed11-9561-0022489d0994" />
        <field name="modifiedby" value="293ebda2-985a-ed11-9562-000d3adf4843" lookupentity="systemuser" lookupentityname="Swathi Sathish Kumar" />
        <field name="modifiedon" value="2022-11-23T13:56:39.0000000Z" />
        <field name="jarvis_name" value="Customer" />
        <field name="ownerid" value="293ebda2-985a-ed11-9562-000d3adf4843" lookupentity="systemuser" lookupentityname="Swathi Sathish Kumar" />
        <field name="owningbusinessunit" value="c3ed74bc-152d-ed11-9db1-000d3adb48a2" lookupentity="businessunit" lookupentityname="org449d870c" />
        <field name="owninguser" value="293ebda2-985a-ed11-9562-000d3adf4843" lookupentity="systemuser" />
        <field name="statecode" value="0" />
        <field name="statuscode" value="1" />
      </record>
      <record id="0146b9a7-366b-ed11-9561-0022489d0994">
        <field name="createdby" value="293ebda2-985a-ed11-9562-000d3adf4843" lookupentity="systemuser" lookupentityname="Swathi Sathish Kumar" />
        <field name="createdon" value="2022-11-23T13:56:49.0000000Z" />
        <field name="jarvis_ctdimaincode" value="D" />
        <field name="jarvis_maincodeid" value="0146b9a7-366b-ed11-9561-0022489d0994" />
        <field name="modifiedby" value="293ebda2-985a-ed11-9562-000d3adf4843" lookupentity="systemuser" lookupentityname="Swathi Sathish Kumar" />
        <field name="modifiedon" value="2022-11-23T13:56:49.0000000Z" />
        <field name="jarvis_name" value="Dealer" />
        <field name="ownerid" value="293ebda2-985a-ed11-9562-000d3adf4843" lookupentity="systemuser" lookupentityname="Swathi Sathish Kumar" />
        <field name="owningbusinessunit" value="c3ed74bc-152d-ed11-9db1-000d3adb48a2" lookupentity="businessunit" lookupentityname="org449d870c" />
        <field name="owninguser" value="293ebda2-985a-ed11-9562-000d3adf4843" lookupentity="systemuser" />
        <field name="statecode" value="0" />
        <field name="statuscode" value="1" />
      </record>
      <record id="8466c5d0-366b-ed11-9561-0022489d0994">
        <field name="createdby" value="293ebda2-985a-ed11-9562-000d3adf4843" lookupentity="systemuser" lookupentityname="Swathi Sathish Kumar" />
        <field name="createdon" value="2022-11-23T13:57:53.0000000Z" />
        <field name="jarvis_ctdimaincode" value="H" />
        <field name="jarvis_maincodeid" value="8466c5d0-366b-ed11-9561-0022489d0994" />
        <field name="modifiedby" value="293ebda2-985a-ed11-9562-000d3adf4843" lookupentity="systemuser" lookupentityname="Swathi Sathish Kumar" />
        <field name="modifiedon" value="2022-11-23T13:57:53.0000000Z" />
        <field name="jarvis_name" value="Education Center" />
        <field name="ownerid" value="293ebda2-985a-ed11-9562-000d3adf4843" lookupentity="systemuser" lookupentityname="Swathi Sathish Kumar" />
        <field name="owningbusinessunit" value="c3ed74bc-152d-ed11-9db1-000d3adb48a2" lookupentity="businessunit" lookupentityname="org449d870c" />
        <field name="owninguser" value="293ebda2-985a-ed11-9562-000d3adf4843" lookupentity="systemuser" />
        <field name="statecode" value="0" />
        <field name="statuscode" value="1" />
      </record>
      <record id="9f6ebad7-366b-ed11-9561-0022489d0994">
        <field name="createdby" value="293ebda2-985a-ed11-9562-000d3adf4843" lookupentity="systemuser" lookupentityname="Swathi Sathish Kumar" />
        <field name="createdon" value="2022-11-23T13:58:06.0000000Z" />
        <field name="jarvis_ctdimaincode" value="I" />
        <field name="jarvis_maincodeid" value="9f6ebad7-366b-ed11-9561-0022489d0994" />
        <field name="modifiedby" value="293ebda2-985a-ed11-9562-000d3adf4843" lookupentity="systemuser" lookupentityname="Swathi Sathish Kumar" />
        <field name="modifiedon" value="2022-11-23T13:58:06.0000000Z" />
        <field name="jarvis_name" value="Factory" />
        <field name="ownerid" value="293ebda2-985a-ed11-9562-000d3adf4843" lookupentity="systemuser" lookupentityname="Swathi Sathish Kumar" />
        <field name="owningbusinessunit" value="c3ed74bc-152d-ed11-9db1-000d3adb48a2" lookupentity="businessunit" lookupentityname="org449d870c" />
        <field name="owninguser" value="293ebda2-985a-ed11-9562-000d3adf4843" lookupentity="systemuser" />
        <field name="statecode" value="0" />
        <field name="statuscode" value="1" />
      </record>
      <record id="06fdf0dd-366b-ed11-9561-0022489d0994">
        <field name="createdby" value="293ebda2-985a-ed11-9562-000d3adf4843" lookupentity="systemuser" lookupentityname="Swathi Sathish Kumar" />
        <field name="createdon" value="2022-11-23T13:58:21.0000000Z" />
        <field name="jarvis_ctdimaincode" value="J" />
        <field name="jarvis_maincodeid" value="06fdf0dd-366b-ed11-9561-0022489d0994" />
        <field name="modifiedby" value="293ebda2-985a-ed11-9562-000d3adf4843" lookupentity="systemuser" lookupentityname="Swathi Sathish Kumar" />
        <field name="modifiedon" value="2022-11-23T13:58:21.0000000Z" />
        <field name="jarvis_name" value="Government" />
        <field name="ownerid" value="293ebda2-985a-ed11-9562-000d3adf4843" lookupentity="systemuser" lookupentityname="Swathi Sathish Kumar" />
        <field name="owningbusinessunit" value="c3ed74bc-152d-ed11-9db1-000d3adb48a2" lookupentity="businessunit" lookupentityname="org449d870c" />
        <field name="owninguser" value="293ebda2-985a-ed11-9562-000d3adf4843" lookupentity="systemuser" />
        <field name="statecode" value="0" />
        <field name="statuscode" value="1" />
      </record>
      <record id="59115feb-366b-ed11-9561-0022489d0994">
        <field name="createdby" value="293ebda2-985a-ed11-9562-000d3adf4843" lookupentity="systemuser" lookupentityname="Swathi Sathish Kumar" />
        <field name="createdon" value="2022-11-23T13:58:40.0000000Z" />
        <field name="jarvis_ctdimaincode" value="K" />
        <field name="jarvis_maincodeid" value="59115feb-366b-ed11-9561-0022489d0994" />
        <field name="modifiedby" value="293ebda2-985a-ed11-9562-000d3adf4843" lookupentity="systemuser" lookupentityname="Swathi Sathish Kumar" />
        <field name="modifiedon" value="2022-11-23T13:58:40.0000000Z" />
        <field name="jarvis_name" value="Headquarter" />
        <field name="ownerid" value="293ebda2-985a-ed11-9562-000d3adf4843" lookupentity="systemuser" lookupentityname="Swathi Sathish Kumar" />
        <field name="owningbusinessunit" value="c3ed74bc-152d-ed11-9db1-000d3adb48a2" lookupentity="businessunit" lookupentityname="org449d870c" />
        <field name="owninguser" value="293ebda2-985a-ed11-9562-000d3adf4843" lookupentity="systemuser" />
        <field name="statecode" value="0" />
        <field name="statuscode" value="1" />
      </record>
      <record id="abcc360b-376b-ed11-9561-0022489d0994">
        <field name="createdby" value="293ebda2-985a-ed11-9562-000d3adf4843" lookupentity="systemuser" lookupentityname="Swathi Sathish Kumar" />
        <field name="createdon" value="2022-11-23T13:59:37.0000000Z" />
        <field name="jarvis_ctdimaincode" value="L" />
        <field name="jarvis_maincodeid" value="abcc360b-376b-ed11-9561-0022489d0994" />
        <field name="modifiedby" value="293ebda2-985a-ed11-9562-000d3adf4843" lookupentity="systemuser" lookupentityname="Swathi Sathish Kumar" />
        <field name="modifiedon" value="2022-11-23T13:59:37.0000000Z" />
        <field name="jarvis_name" value="Importer" />
        <field name="ownerid" value="293ebda2-985a-ed11-9562-000d3adf4843" lookupentity="systemuser" lookupentityname="Swathi Sathish Kumar" />
        <field name="owningbusinessunit" value="c3ed74bc-152d-ed11-9db1-000d3adb48a2" lookupentity="businessunit" lookupentityname="org449d870c" />
        <field name="owninguser" value="293ebda2-985a-ed11-9562-000d3adf4843" lookupentity="systemuser" />
        <field name="statecode" value="0" />
        <field name="statuscode" value="1" />
      </record>
      <record id="ee831318-376b-ed11-9561-0022489d0994">
        <field name="createdby" value="293ebda2-985a-ed11-9562-000d3adf4843" lookupentity="systemuser" lookupentityname="Swathi Sathish Kumar" />
        <field name="createdon" value="2022-11-23T13:59:53.0000000Z" />
        <field name="jarvis_ctdimaincode" value="F" />
        <field name="jarvis_maincodeid" value="ee831318-376b-ed11-9561-0022489d0994" />
        <field name="modifiedby" value="293ebda2-985a-ed11-9562-000d3adf4843" lookupentity="systemuser" lookupentityname="Swathi Sathish Kumar" />
        <field name="modifiedon" value="2022-11-23T13:59:53.0000000Z" />
        <field name="jarvis_name" value="Independent Operator" />
        <field name="ownerid" value="293ebda2-985a-ed11-9562-000d3adf4843" lookupentity="systemuser" lookupentityname="Swathi Sathish Kumar" />
        <field name="owningbusinessunit" value="c3ed74bc-152d-ed11-9db1-000d3adb48a2" lookupentity="businessunit" lookupentityname="org449d870c" />
        <field name="owninguser" value="293ebda2-985a-ed11-9562-000d3adf4843" lookupentity="systemuser" />
        <field name="statecode" value="0" />
        <field name="statuscode" value="1" />
      </record>
      <record id="baf4b91e-376b-ed11-9561-0022489d0994">
        <field name="createdby" value="293ebda2-985a-ed11-9562-000d3adf4843" lookupentity="systemuser" lookupentityname="Swathi Sathish Kumar" />
        <field name="createdon" value="2022-11-23T14:00:06.0000000Z" />
        <field name="jarvis_ctdimaincode" value="P" />
        <field name="jarvis_maincodeid" value="baf4b91e-376b-ed11-9561-0022489d0994" />
        <field name="modifiedby" value="293ebda2-985a-ed11-9562-000d3adf4843" lookupentity="systemuser" lookupentityname="Swathi Sathish Kumar" />
        <field name="modifiedon" value="2022-11-23T14:00:06.0000000Z" />
        <field name="jarvis_name" value="Internal" />
        <field name="ownerid" value="293ebda2-985a-ed11-9562-000d3adf4843" lookupentity="systemuser" lookupentityname="Swathi Sathish Kumar" />
        <field name="owningbusinessunit" value="c3ed74bc-152d-ed11-9db1-000d3adb48a2" lookupentity="businessunit" lookupentityname="org449d870c" />
        <field name="owninguser" value="293ebda2-985a-ed11-9562-000d3adf4843" lookupentity="systemuser" />
        <field name="statecode" value="0" />
        <field name="statuscode" value="1" />
      </record>
      <record id="d0013325-376b-ed11-9561-0022489d0994">
        <field name="createdby" value="293ebda2-985a-ed11-9562-000d3adf4843" lookupentity="systemuser" lookupentityname="Swathi Sathish Kumar" />
        <field name="createdon" value="2022-11-23T14:00:20.0000000Z" />
        <field name="jarvis_ctdimaincode" value="Z" />
        <field name="jarvis_maincodeid" value="d0013325-376b-ed11-9561-0022489d0994" />
        <field name="modifiedby" value="293ebda2-985a-ed11-9562-000d3adf4843" lookupentity="systemuser" lookupentityname="Swathi Sathish Kumar" />
        <field name="modifiedon" value="2022-11-23T14:00:20.0000000Z" />
        <field name="jarvis_name" value="Obsolete" />
        <field name="ownerid" value="293ebda2-985a-ed11-9562-000d3adf4843" lookupentity="systemuser" lookupentityname="Swathi Sathish Kumar" />
        <field name="owningbusinessunit" value="c3ed74bc-152d-ed11-9db1-000d3adb48a2" lookupentity="businessunit" lookupentityname="org449d870c" />
        <field name="owninguser" value="293ebda2-985a-ed11-9562-000d3adf4843" lookupentity="systemuser" />
        <field name="statecode" value="0" />
        <field name="statuscode" value="1" />
      </record>
      <record id="038b0033-376b-ed11-9561-0022489d0994">
        <field name="createdby" value="293ebda2-985a-ed11-9562-000d3adf4843" lookupentity="systemuser" lookupentityname="Swathi Sathish Kumar" />
        <field name="createdon" value="2022-11-23T14:00:40.0000000Z" />
        <field name="jarvis_ctdimaincode" value="G" />
        <field name="jarvis_maincodeid" value="038b0033-376b-ed11-9561-0022489d0994" />
        <field name="modifiedby" value="293ebda2-985a-ed11-9562-000d3adf4843" lookupentity="systemuser" lookupentityname="Swathi Sathish Kumar" />
        <field name="modifiedon" value="2022-11-23T14:00:40.0000000Z" />
        <field name="jarvis_name" value="Supplier" />
        <field name="ownerid" value="293ebda2-985a-ed11-9562-000d3adf4843" lookupentity="systemuser" lookupentityname="Swathi Sathish Kumar" />
        <field name="owningbusinessunit" value="c3ed74bc-152d-ed11-9db1-000d3adb48a2" lookupentity="businessunit" lookupentityname="org449d870c" />
        <field name="owninguser" value="293ebda2-985a-ed11-9562-000d3adf4843" lookupentity="systemuser" />
        <field name="statecode" value="0" />
        <field name="statuscode" value="1" />
      </record>
    </records>
    <m2mrelationships />
  </entity>
</entities>