
<entities xmlns:xsd="http://www.w3.org/2001/XMLSchema" xmlns:xsi="http://www.w3.org/2001/XMLSchema-instance" timestamp="2023-04-13T18:10:09.3496777Z">
  <entity name="jarvis_querysolutioncategory" displayname="Query Solution Category">
    <records>
      <record id="e38b9aaa-2ab8-ed11-83fe-000d3ab1495c">
        <field name="createdby" value="293ebda2-985a-ed11-9562-000d3adf4843" lookupentity="systemuser" lookupentityname="Swathi Sathish Kumar" />
        <field name="createdon" value="2023-03-01T12:14:52.0000000Z" />
        <field name="modifiedby" value="293ebda2-985a-ed11-9562-000d3adf4843" lookupentity="systemuser" lookupentityname="Swathi Sathish Kumar" />
        <field name="modifiedon" value="2023-03-01T12:14:52.0000000Z" />
        <field name="jarvis_name" value="Explanation" />
        <field name="ownerid" value="293ebda2-985a-ed11-9562-000d3adf4843" lookupentity="systemuser" lookupentityname="Swathi Sathish Kumar" />
        <field name="owningbusinessunit" value="c3ed74bc-152d-ed11-9db1-000d3adb48a2" lookupentity="businessunit" lookupentityname="org449d870c" />
        <field name="owninguser" value="293ebda2-985a-ed11-9562-000d3adf4843" lookupentity="systemuser" />
        <field name="jarvis_querysolutioncategoryid" value="e38b9aaa-2ab8-ed11-83fe-000d3ab1495c" />
        <field name="statecode" value="0" />
        <field name="statuscode" value="1" />
      </record>
      <record id="346b26be-2ab8-ed11-83fe-000d3ab1495c">
        <field name="createdby" value="293ebda2-985a-ed11-9562-000d3adf4843" lookupentity="systemuser" lookupentityname="Swathi Sathish Kumar" />
        <field name="createdon" value="2023-03-01T12:15:24.0000000Z" />
        <field name="modifiedby" value="293ebda2-985a-ed11-9562-000d3adf4843" lookupentity="systemuser" lookupentityname="Swathi Sathish Kumar" />
        <field name="modifiedon" value="2023-03-01T12:15:24.0000000Z" />
        <field name="jarvis_name" value="Cancellation of Case Fees" />
        <field name="ownerid" value="293ebda2-985a-ed11-9562-000d3adf4843" lookupentity="systemuser" lookupentityname="Swathi Sathish Kumar" />
        <field name="owningbusinessunit" value="c3ed74bc-152d-ed11-9db1-000d3adb48a2" lookupentity="businessunit" lookupentityname="org449d870c" />
        <field name="owninguser" value="293ebda2-985a-ed11-9562-000d3adf4843" lookupentity="systemuser" />
        <field name="jarvis_querysolutioncategoryid" value="346b26be-2ab8-ed11-83fe-000d3ab1495c" />
        <field name="statecode" value="0" />
        <field name="statuscode" value="1" />
      </record>
      <record id="387046ca-2ab8-ed11-83fe-000d3ab1495c">
        <field name="createdby" value="293ebda2-985a-ed11-9562-000d3adf4843" lookupentity="systemuser" lookupentityname="Swathi Sathish Kumar" />
        <field name="createdon" value="2023-03-01T12:15:45.0000000Z" />
        <field name="modifiedby" value="293ebda2-985a-ed11-9562-000d3adf4843" lookupentity="systemuser" lookupentityname="Swathi Sathish Kumar" />
        <field name="modifiedon" value="2023-03-01T12:15:45.0000000Z" />
        <field name="jarvis_name" value="Compensation from RD" />
        <field name="ownerid" value="293ebda2-985a-ed11-9562-000d3adf4843" lookupentity="systemuser" lookupentityname="Swathi Sathish Kumar" />
        <field name="owningbusinessunit" value="c3ed74bc-152d-ed11-9db1-000d3adb48a2" lookupentity="businessunit" lookupentityname="org449d870c" />
        <field name="owninguser" value="293ebda2-985a-ed11-9562-000d3adf4843" lookupentity="systemuser" />
        <field name="jarvis_querysolutioncategoryid" value="387046ca-2ab8-ed11-83fe-000d3ab1495c" />
        <field name="statecode" value="0" />
        <field name="statuscode" value="1" />
      </record>
      <record id="3b7046ca-2ab8-ed11-83fe-000d3ab1495c">
        <field name="createdby" value="293ebda2-985a-ed11-9562-000d3adf4843" lookupentity="systemuser" lookupentityname="Swathi Sathish Kumar" />
        <field name="createdon" value="2023-03-01T12:15:54.0000000Z" />
        <field name="modifiedby" value="293ebda2-985a-ed11-9562-000d3adf4843" lookupentity="systemuser" lookupentityname="Swathi Sathish Kumar" />
        <field name="modifiedon" value="2023-03-01T12:15:54.0000000Z" />
        <field name="jarvis_name" value="Other" />
        <field name="ownerid" value="293ebda2-985a-ed11-9562-000d3adf4843" lookupentity="systemuser" lookupentityname="Swathi Sathish Kumar" />
        <field name="owningbusinessunit" value="c3ed74bc-152d-ed11-9db1-000d3adb48a2" lookupentity="businessunit" lookupentityname="org449d870c" />
        <field name="owninguser" value="293ebda2-985a-ed11-9562-000d3adf4843" lookupentity="systemuser" />
        <field name="jarvis_querysolutioncategoryid" value="3b7046ca-2ab8-ed11-83fe-000d3ab1495c" />
        <field name="statecode" value="0" />
        <field name="statuscode" value="1" />
      </record>
    </records>
    <m2mrelationships />
  </entity>
</entities>