<entities >
  <entity name="jarvis_exchangerate" displayname="Exchange Rate" etc="10986" primaryidfield="jarvis_exchangerateid" primarynamefield="jarvis_name" disableplugins="false">
    <fields>
      <field displayname="Base Currency" name="jarvis_basecurrency" type="entityreference" lookupType="transactioncurrency" customfield="true" />
      <field displayname="Counter Currency" name="jarvis_countercurrency" type="entityreference" lookupType="transactioncurrency" customfield="true" />
      <field displayname="Created By" name="createdby" type="entityreference" lookupType="systemuser" />
      <field displayname="Created By (Delegate)" name="createdonbehalfby" type="entityreference" lookupType="systemuser" />
      <field displayname="Created On" name="createdon" type="datetime" />
      <field displayname="Exchange Rate" name="jarvis_exchangerateid" type="guid" primaryKey="true" />
      <field displayname="Import Sequence Number" name="importsequencenumber" type="number" />
      <field displayname="Modified By" name="modifiedby" type="entityreference" lookupType="systemuser" />
      <field displayname="Modified By (Delegate)" name="modifiedonbehalfby" type="entityreference" lookupType="systemuser" />
      <field displayname="Modified On" name="modifiedon" type="datetime" />
      <field displayname="Name" name="jarvis_name" type="string" customfield="true" />
      <field displayname="Owner" name="ownerid" type="owner" />
      <field displayname="Owning Business Unit" name="owningbusinessunit" type="entityreference" lookupType="businessunit" />
      <field displayname="Owning Team" name="owningteam" type="entityreference" lookupType="team" />
      <field displayname="Owning User" name="owninguser" type="entityreference" lookupType="systemuser" />
      <field displayname="Record Created On" name="overriddencreatedon" type="datetime" />
      <field displayname="Status" name="statecode" type="state" />
      <field displayname="Status Reason" name="statuscode" type="status" />
      <field displayname="Time Zone Rule Version Number" name="timezoneruleversionnumber" type="number" />
      <field displayname="UTC Conversion Time Zone Code" name="utcconversiontimezonecode" type="number" />
      <field displayname="Value" name="jarvis_value" type="decimal" customfield="true" />
      <field displayname="Version Number" name="versionnumber" type="bigint" />
    </fields>
    <relationships />
  </entity>
</entities>