
<entities xmlns:xsd="http://www.w3.org/2001/XMLSchema" xmlns:xsi="http://www.w3.org/2001/XMLSchema-instance" timestamp="2023-04-27T06:41:25.4014321Z">
  <entity name="msdyn_incidenttype" displayname="Incident Type">
    <records>
      <record id="8e1d5cbd-bb70-ed11-9561-000d3ad9bde0">
        <field name="jarvis_brand" value="4a59b47e-176b-ed11-9561-0022489d0994" lookupentity="jarvis_brand" lookupentityname="Volvo Trucks" />
        <field name="jarvis_brandrelated" value="True" />
        <field name="msdyn_copyincidentitemstoagreement" value="False" />
        <field name="createdby" value="154ef5e2-7e2f-ed11-9db1-0022489db736" lookupentity="systemuser" lookupentityname="Stephan Mars" />
        <field name="createdon" value="2022-11-30T14:31:56.0000000Z" />
        <field name="msdyn_incidenttypeid" value="8e1d5cbd-bb70-ed11-9561-000d3ad9bde0" />
        <field name="modifiedby" value="154ef5e2-7e2f-ed11-9db1-0022489db736" lookupentity="systemuser" lookupentityname="Stephan Mars" />
        <field name="modifiedon" value="2022-11-30T14:31:56.0000000Z" />
        <field name="msdyn_name" value="Volvo Trucks" />
        <field name="ownerid" value="154ef5e2-7e2f-ed11-9db1-0022489db736" lookupentity="systemuser" lookupentityname="Stephan Mars" />
        <field name="owningbusinessunit" value="c3ed74bc-152d-ed11-9db1-000d3adb48a2" lookupentity="businessunit" lookupentityname="org449d870c" />
        <field name="owninguser" value="154ef5e2-7e2f-ed11-9db1-0022489db736" lookupentity="systemuser" />
        <field name="msdyn_resolutionrequiredonwocompletion" value="False" />
        <field name="statecode" value="0" />
        <field name="statuscode" value="1" />
      </record>
      <record id="508e7dc5-bb70-ed11-9561-000d3ad9bde0">
        <field name="jarvis_brand" value="e9d09f51-176b-ed11-9561-0022489d0994" lookupentity="jarvis_brand" lookupentityname="Volvo Bus" />
        <field name="jarvis_brandrelated" value="True" />
        <field name="msdyn_copyincidentitemstoagreement" value="False" />
        <field name="createdby" value="154ef5e2-7e2f-ed11-9db1-0022489db736" lookupentity="systemuser" lookupentityname="Stephan Mars" />
        <field name="createdon" value="2022-11-30T14:32:11.0000000Z" />
        <field name="msdyn_incidenttypeid" value="508e7dc5-bb70-ed11-9561-000d3ad9bde0" />
        <field name="modifiedby" value="154ef5e2-7e2f-ed11-9db1-0022489db736" lookupentity="systemuser" lookupentityname="Stephan Mars" />
        <field name="modifiedon" value="2022-11-30T14:32:11.0000000Z" />
        <field name="msdyn_name" value="Volvo Bus" />
        <field name="ownerid" value="154ef5e2-7e2f-ed11-9db1-0022489db736" lookupentity="systemuser" lookupentityname="Stephan Mars" />
        <field name="owningbusinessunit" value="c3ed74bc-152d-ed11-9db1-000d3adb48a2" lookupentity="businessunit" lookupentityname="org449d870c" />
        <field name="owninguser" value="154ef5e2-7e2f-ed11-9db1-0022489db736" lookupentity="systemuser" />
        <field name="msdyn_resolutionrequiredonwocompletion" value="False" />
        <field name="statecode" value="0" />
        <field name="statuscode" value="1" />
      </record>
      <record id="5813b2cd-bb70-ed11-9561-000d3ad9bde0">
        <field name="jarvis_brand" value="15cdee67-176b-ed11-9561-0022489d0994" lookupentity="jarvis_brand" lookupentityname="Volvo Penta" />
        <field name="jarvis_brandrelated" value="True" />
        <field name="msdyn_copyincidentitemstoagreement" value="False" />
        <field name="createdby" value="154ef5e2-7e2f-ed11-9db1-0022489db736" lookupentity="systemuser" lookupentityname="Stephan Mars" />
        <field name="createdon" value="2022-11-30T14:32:27.0000000Z" />
        <field name="msdyn_incidenttypeid" value="5813b2cd-bb70-ed11-9561-000d3ad9bde0" />
        <field name="modifiedby" value="154ef5e2-7e2f-ed11-9db1-0022489db736" lookupentity="systemuser" lookupentityname="Stephan Mars" />
        <field name="modifiedon" value="2022-11-30T14:32:27.0000000Z" />
        <field name="msdyn_name" value="Volvo Penta" />
        <field name="ownerid" value="154ef5e2-7e2f-ed11-9db1-0022489db736" lookupentity="systemuser" lookupentityname="Stephan Mars" />
        <field name="owningbusinessunit" value="c3ed74bc-152d-ed11-9db1-000d3adb48a2" lookupentity="businessunit" lookupentityname="org449d870c" />
        <field name="owninguser" value="154ef5e2-7e2f-ed11-9db1-0022489db736" lookupentity="systemuser" />
        <field name="msdyn_resolutionrequiredonwocompletion" value="False" />
        <field name="statecode" value="0" />
        <field name="statuscode" value="1" />
      </record>
      <record id="2ed836d5-bb70-ed11-9561-000d3ad9bde0">
        <field name="jarvis_brandrelated" value="False" />
        <field name="msdyn_copyincidentitemstoagreement" value="False" />
        <field name="createdby" value="154ef5e2-7e2f-ed11-9db1-0022489db736" lookupentity="systemuser" lookupentityname="Stephan Mars" />
        <field name="createdon" value="2022-11-30T14:32:39.0000000Z" />
        <field name="msdyn_description" value="LNG" />
        <field name="msdyn_incidenttypeid" value="2ed836d5-bb70-ed11-9561-000d3ad9bde0" />
        <field name="modifiedby" value="154ef5e2-7e2f-ed11-9db1-0022489db736" lookupentity="systemuser" lookupentityname="Stephan Mars" />
        <field name="modifiedon" value="2023-04-13T14:23:05.0000000Z" />
        <field name="msdyn_name" value="LNG" />
        <field name="ownerid" value="154ef5e2-7e2f-ed11-9db1-0022489db736" lookupentity="systemuser" lookupentityname="Stephan Mars" />
        <field name="owningbusinessunit" value="c3ed74bc-152d-ed11-9db1-000d3adb48a2" lookupentity="businessunit" lookupentityname="org449d870c" />
        <field name="owninguser" value="154ef5e2-7e2f-ed11-9db1-0022489db736" lookupentity="systemuser" />
        <field name="msdyn_resolutionrequiredonwocompletion" value="False" />
        <field name="statecode" value="0" />
        <field name="statuscode" value="1" />
      </record>
      <record id="8cb9b9db-bb70-ed11-9561-000d3ad9bde0">
        <field name="jarvis_brandrelated" value="False" />
        <field name="msdyn_copyincidentitemstoagreement" value="False" />
        <field name="createdby" value="154ef5e2-7e2f-ed11-9db1-0022489db736" lookupentity="systemuser" lookupentityname="Stephan Mars" />
        <field name="createdon" value="2022-11-30T14:32:47.0000000Z" />
        <field name="msdyn_incidenttypeid" value="8cb9b9db-bb70-ed11-9561-000d3ad9bde0" />
        <field name="modifiedby" value="154ef5e2-7e2f-ed11-9db1-0022489db736" lookupentity="systemuser" lookupentityname="Stephan Mars" />
        <field name="modifiedon" value="2022-11-30T14:32:47.0000000Z" />
        <field name="msdyn_name" value="Electric" />
        <field name="ownerid" value="154ef5e2-7e2f-ed11-9db1-0022489db736" lookupentity="systemuser" lookupentityname="Stephan Mars" />
        <field name="owningbusinessunit" value="c3ed74bc-152d-ed11-9db1-000d3adb48a2" lookupentity="businessunit" lookupentityname="org449d870c" />
        <field name="owninguser" value="154ef5e2-7e2f-ed11-9db1-0022489db736" lookupentity="systemuser" />
        <field name="msdyn_resolutionrequiredonwocompletion" value="False" />
        <field name="statecode" value="0" />
        <field name="statuscode" value="1" />
      </record>
      <record id="a7614fe2-bb70-ed11-9561-000d3ad9bde0">
        <field name="jarvis_brandrelated" value="False" />
        <field name="msdyn_copyincidentitemstoagreement" value="False" />
        <field name="createdby" value="154ef5e2-7e2f-ed11-9db1-0022489db736" lookupentity="systemuser" lookupentityname="Stephan Mars" />
        <field name="createdon" value="2022-11-30T14:32:58.0000000Z" />
        <field name="msdyn_incidenttypeid" value="a7614fe2-bb70-ed11-9561-000d3ad9bde0" />
        <field name="modifiedby" value="154ef5e2-7e2f-ed11-9db1-0022489db736" lookupentity="systemuser" lookupentityname="Stephan Mars" />
        <field name="modifiedon" value="2022-11-30T14:32:58.0000000Z" />
        <field name="msdyn_name" value="Towing" />
        <field name="ownerid" value="154ef5e2-7e2f-ed11-9db1-0022489db736" lookupentity="systemuser" lookupentityname="Stephan Mars" />
        <field name="owningbusinessunit" value="c3ed74bc-152d-ed11-9db1-000d3adb48a2" lookupentity="businessunit" lookupentityname="org449d870c" />
        <field name="owninguser" value="154ef5e2-7e2f-ed11-9db1-0022489db736" lookupentity="systemuser" />
        <field name="msdyn_resolutionrequiredonwocompletion" value="False" />
        <field name="statecode" value="0" />
        <field name="statuscode" value="1" />
      </record>
      <record id="3af78feb-bb70-ed11-9561-000d3ad9bde0">
        <field name="jarvis_brand" value="0c4b9431-176b-ed11-9561-0022489d0994" lookupentity="jarvis_brand" lookupentityname="Renault Trucks" />
        <field name="jarvis_brandrelated" value="True" />
        <field name="msdyn_copyincidentitemstoagreement" value="False" />
        <field name="createdby" value="154ef5e2-7e2f-ed11-9db1-0022489db736" lookupentity="systemuser" lookupentityname="Stephan Mars" />
        <field name="createdon" value="2022-11-30T14:33:14.0000000Z" />
        <field name="msdyn_incidenttypeid" value="3af78feb-bb70-ed11-9561-000d3ad9bde0" />
        <field name="modifiedby" value="154ef5e2-7e2f-ed11-9db1-0022489db736" lookupentity="systemuser" lookupentityname="Stephan Mars" />
        <field name="modifiedon" value="2023-01-09T17:33:36.0000000Z" />
        <field name="msdyn_name" value="Renault Trucks" />
        <field name="ownerid" value="154ef5e2-7e2f-ed11-9db1-0022489db736" lookupentity="systemuser" lookupentityname="Stephan Mars" />
        <field name="owningbusinessunit" value="c3ed74bc-152d-ed11-9db1-000d3adb48a2" lookupentity="businessunit" lookupentityname="org449d870c" />
        <field name="owninguser" value="154ef5e2-7e2f-ed11-9db1-0022489db736" lookupentity="systemuser" />
        <field name="msdyn_resolutionrequiredonwocompletion" value="False" />
        <field name="statecode" value="0" />
        <field name="statuscode" value="1" />
      </record>
      <record id="312bc22f-bc70-ed11-9561-000d3ad9bde0">
        <field name="jarvis_brandrelated" value="False" />
        <field name="msdyn_copyincidentitemstoagreement" value="False" />
        <field name="createdby" value="154ef5e2-7e2f-ed11-9db1-0022489db736" lookupentity="systemuser" lookupentityname="Stephan Mars" />
        <field name="createdon" value="2022-11-30T14:35:14.0000000Z" />
        <field name="msdyn_incidenttypeid" value="312bc22f-bc70-ed11-9561-000d3ad9bde0" />
        <field name="modifiedby" value="154ef5e2-7e2f-ed11-9db1-0022489db736" lookupentity="systemuser" lookupentityname="Stephan Mars" />
        <field name="modifiedon" value="2022-11-30T14:35:37.0000000Z" />
        <field name="msdyn_name" value="Trailer Service and Repair" />
        <field name="ownerid" value="154ef5e2-7e2f-ed11-9db1-0022489db736" lookupentity="systemuser" lookupentityname="Stephan Mars" />
        <field name="owningbusinessunit" value="c3ed74bc-152d-ed11-9db1-000d3adb48a2" lookupentity="businessunit" lookupentityname="org449d870c" />
        <field name="owninguser" value="154ef5e2-7e2f-ed11-9db1-0022489db736" lookupentity="systemuser" />
        <field name="msdyn_resolutionrequiredonwocompletion" value="False" />
        <field name="statecode" value="0" />
        <field name="statuscode" value="1" />
      </record>
      <record id="3c1dde44-bc70-ed11-9561-000d3ad9bde0">
        <field name="jarvis_brandrelated" value="False" />
        <field name="msdyn_copyincidentitemstoagreement" value="False" />
        <field name="createdby" value="154ef5e2-7e2f-ed11-9db1-0022489db736" lookupentity="systemuser" lookupentityname="Stephan Mars" />
        <field name="createdon" value="2022-11-30T14:35:48.0000000Z" />
        <field name="msdyn_incidenttypeid" value="3c1dde44-bc70-ed11-9561-000d3ad9bde0" />
        <field name="modifiedby" value="154ef5e2-7e2f-ed11-9db1-0022489db736" lookupentity="systemuser" lookupentityname="Stephan Mars" />
        <field name="modifiedon" value="2022-11-30T14:35:48.0000000Z" />
        <field name="msdyn_name" value="Tyre Service" />
        <field name="ownerid" value="154ef5e2-7e2f-ed11-9db1-0022489db736" lookupentity="systemuser" lookupentityname="Stephan Mars" />
        <field name="owningbusinessunit" value="c3ed74bc-152d-ed11-9db1-000d3adb48a2" lookupentity="businessunit" lookupentityname="org449d870c" />
        <field name="owninguser" value="154ef5e2-7e2f-ed11-9db1-0022489db736" lookupentity="systemuser" />
        <field name="msdyn_resolutionrequiredonwocompletion" value="False" />
        <field name="statecode" value="0" />
        <field name="statuscode" value="1" />
      </record>
    </records>
    <m2mrelationships />
  </entity>
</entities>