
<entities xmlns:xsd="http://www.w3.org/2001/XMLSchema" xmlns:xsi="http://www.w3.org/2001/XMLSchema-instance" timestamp="2023-04-04T11:03:43.7140010Z">
  <entity name="jarvis_escalationsubcategories" displayname="Escalation - Subcategories">
    <records>
      <record id="19d31f20-ffcd-ed11-b597-000d3ad9bde0">
        <field name="createdby" value="293ebda2-985a-ed11-9562-000d3adf4843" lookupentity="systemuser" lookupentityname="Swathi Sathish Kumar" />
        <field name="createdon" value="2023-03-29T06:58:39.0000000Z" />
        <field name="jarvis_escalationmaincategory" value="48233994-fecd-ed11-b597-000d3ad9bde0" lookupentity="jarvis_escalationmaincategory" lookupentityname="Technical" />
        <field name="jarvis_escalationsubcategoriesid" value="19d31f20-ffcd-ed11-b597-000d3ad9bde0" />
        <field name="modifiedby" value="293ebda2-985a-ed11-9562-000d3adf4843" lookupentity="systemuser" lookupentityname="Swathi Sathish Kumar" />
        <field name="modifiedon" value="2023-03-29T06:58:39.0000000Z" />
        <field name="jarvis_name" value="Consequential Damage" />
        <field name="ownerid" value="293ebda2-985a-ed11-9562-000d3adf4843" lookupentity="systemuser" lookupentityname="Swathi Sathish Kumar" />
        <field name="owningbusinessunit" value="c3ed74bc-152d-ed11-9db1-000d3adb48a2" lookupentity="businessunit" lookupentityname="org449d870c" />
        <field name="owninguser" value="293ebda2-985a-ed11-9562-000d3adf4843" lookupentity="systemuser" />
        <field name="statecode" value="0" />
        <field name="statuscode" value="1" />
      </record>
      <record id="bd522a26-ffcd-ed11-b597-000d3ad9bde0">
        <field name="createdby" value="293ebda2-985a-ed11-9562-000d3adf4843" lookupentity="systemuser" lookupentityname="Swathi Sathish Kumar" />
        <field name="createdon" value="2023-03-29T06:58:53.0000000Z" />
        <field name="jarvis_escalationmaincategory" value="48233994-fecd-ed11-b597-000d3ad9bde0" lookupentity="jarvis_escalationmaincategory" lookupentityname="Technical" />
        <field name="jarvis_escalationsubcategoriesid" value="bd522a26-ffcd-ed11-b597-000d3ad9bde0" />
        <field name="modifiedby" value="293ebda2-985a-ed11-9562-000d3adf4843" lookupentity="systemuser" lookupentityname="Swathi Sathish Kumar" />
        <field name="modifiedon" value="2023-03-29T06:58:53.0000000Z" />
        <field name="jarvis_name" value="Diagnose" />
        <field name="ownerid" value="293ebda2-985a-ed11-9562-000d3adf4843" lookupentity="systemuser" lookupentityname="Swathi Sathish Kumar" />
        <field name="owningbusinessunit" value="c3ed74bc-152d-ed11-9db1-000d3adb48a2" lookupentity="businessunit" lookupentityname="org449d870c" />
        <field name="owninguser" value="293ebda2-985a-ed11-9562-000d3adf4843" lookupentity="systemuser" />
        <field name="statecode" value="0" />
        <field name="statuscode" value="1" />
      </record>
      <record id="469a0933-ffcd-ed11-b597-000d3ad9bde0">
        <field name="createdby" value="293ebda2-985a-ed11-9562-000d3adf4843" lookupentity="systemuser" lookupentityname="Swathi Sathish Kumar" />
        <field name="createdon" value="2023-03-29T06:59:11.0000000Z" />
        <field name="jarvis_escalationmaincategory" value="48233994-fecd-ed11-b597-000d3ad9bde0" lookupentity="jarvis_escalationmaincategory" lookupentityname="Technical" />
        <field name="jarvis_escalationsubcategoriesid" value="469a0933-ffcd-ed11-b597-000d3ad9bde0" />
        <field name="modifiedby" value="293ebda2-985a-ed11-9562-000d3adf4843" lookupentity="systemuser" lookupentityname="Swathi Sathish Kumar" />
        <field name="modifiedon" value="2023-03-29T06:59:11.0000000Z" />
        <field name="jarvis_name" value="Multiple Breakdown" />
        <field name="ownerid" value="293ebda2-985a-ed11-9562-000d3adf4843" lookupentity="systemuser" lookupentityname="Swathi Sathish Kumar" />
        <field name="owningbusinessunit" value="c3ed74bc-152d-ed11-9db1-000d3adb48a2" lookupentity="businessunit" lookupentityname="org449d870c" />
        <field name="owninguser" value="293ebda2-985a-ed11-9562-000d3adf4843" lookupentity="systemuser" />
        <field name="statecode" value="0" />
        <field name="statuscode" value="1" />
      </record>
      <record id="bd372d39-ffcd-ed11-b597-000d3ad9bde0">
        <field name="createdby" value="293ebda2-985a-ed11-9562-000d3adf4843" lookupentity="systemuser" lookupentityname="Swathi Sathish Kumar" />
        <field name="createdon" value="2023-03-29T06:59:28.0000000Z" />
        <field name="jarvis_escalationmaincategory" value="48233994-fecd-ed11-b597-000d3ad9bde0" lookupentity="jarvis_escalationmaincategory" lookupentityname="Technical" />
        <field name="jarvis_escalationsubcategoriesid" value="bd372d39-ffcd-ed11-b597-000d3ad9bde0" />
        <field name="modifiedby" value="293ebda2-985a-ed11-9562-000d3adf4843" lookupentity="systemuser" lookupentityname="Swathi Sathish Kumar" />
        <field name="modifiedon" value="2023-03-29T06:59:28.0000000Z" />
        <field name="jarvis_name" value="Technical Expertise" />
        <field name="ownerid" value="293ebda2-985a-ed11-9562-000d3adf4843" lookupentity="systemuser" lookupentityname="Swathi Sathish Kumar" />
        <field name="owningbusinessunit" value="c3ed74bc-152d-ed11-9db1-000d3adb48a2" lookupentity="businessunit" lookupentityname="org449d870c" />
        <field name="owninguser" value="293ebda2-985a-ed11-9562-000d3adf4843" lookupentity="systemuser" />
        <field name="statecode" value="0" />
        <field name="statuscode" value="1" />
      </record>
      <record id="d4325f4d-ffcd-ed11-b597-000d3ad9bde0">
        <field name="createdby" value="293ebda2-985a-ed11-9562-000d3adf4843" lookupentity="systemuser" lookupentityname="Swathi Sathish Kumar" />
        <field name="createdon" value="2023-03-29T06:59:52.0000000Z" />
        <field name="jarvis_escalationmaincategory" value="7d95eaa6-fecd-ed11-b597-000d3ad9bde0" lookupentity="jarvis_escalationmaincategory" lookupentityname="Repairing Dealer" />
        <field name="jarvis_escalationsubcategoriesid" value="d4325f4d-ffcd-ed11-b597-000d3ad9bde0" />
        <field name="modifiedby" value="293ebda2-985a-ed11-9562-000d3adf4843" lookupentity="systemuser" lookupentityname="Swathi Sathish Kumar" />
        <field name="modifiedon" value="2023-03-29T06:59:52.0000000Z" />
        <field name="jarvis_name" value="Behaviour" />
        <field name="ownerid" value="293ebda2-985a-ed11-9562-000d3adf4843" lookupentity="systemuser" lookupentityname="Swathi Sathish Kumar" />
        <field name="owningbusinessunit" value="c3ed74bc-152d-ed11-9db1-000d3adb48a2" lookupentity="businessunit" lookupentityname="org449d870c" />
        <field name="owninguser" value="293ebda2-985a-ed11-9562-000d3adf4843" lookupentity="systemuser" />
        <field name="statecode" value="0" />
        <field name="statuscode" value="1" />
      </record>
      <record id="8363e651-00ce-ed11-b597-000d3ad9bde0">
        <field name="createdby" value="293ebda2-985a-ed11-9562-000d3adf4843" lookupentity="systemuser" lookupentityname="Swathi Sathish Kumar" />
        <field name="createdon" value="2023-03-29T07:07:09.0000000Z" />
        <field name="jarvis_escalationmaincategory" value="7d95eaa6-fecd-ed11-b597-000d3ad9bde0" lookupentity="jarvis_escalationmaincategory" lookupentityname="Repairing Dealer" />
        <field name="jarvis_escalationsubcategoriesid" value="8363e651-00ce-ed11-b597-000d3ad9bde0" />
        <field name="modifiedby" value="293ebda2-985a-ed11-9562-000d3adf4843" lookupentity="systemuser" lookupentityname="Swathi Sathish Kumar" />
        <field name="modifiedon" value="2023-03-29T07:07:57.0000000Z" />
        <field name="jarvis_name" value="Unable to contact" />
        <field name="ownerid" value="293ebda2-985a-ed11-9562-000d3adf4843" lookupentity="systemuser" lookupentityname="Swathi Sathish Kumar" />
        <field name="owningbusinessunit" value="c3ed74bc-152d-ed11-9db1-000d3adb48a2" lookupentity="businessunit" lookupentityname="org449d870c" />
        <field name="owninguser" value="293ebda2-985a-ed11-9562-000d3adf4843" lookupentity="systemuser" />
        <field name="statecode" value="0" />
        <field name="statuscode" value="1" />
      </record>
      <record id="012c6668-00ce-ed11-b597-000d3ad9bde0">
        <field name="createdby" value="293ebda2-985a-ed11-9562-000d3adf4843" lookupentity="systemuser" lookupentityname="Swathi Sathish Kumar" />
        <field name="createdon" value="2023-03-29T07:07:47.0000000Z" />
        <field name="jarvis_escalationmaincategory" value="7d95eaa6-fecd-ed11-b597-000d3ad9bde0" lookupentity="jarvis_escalationmaincategory" lookupentityname="Repairing Dealer" />
        <field name="jarvis_escalationsubcategoriesid" value="012c6668-00ce-ed11-b597-000d3ad9bde0" />
        <field name="modifiedby" value="293ebda2-985a-ed11-9562-000d3adf4843" lookupentity="systemuser" lookupentityname="Swathi Sathish Kumar" />
        <field name="modifiedon" value="2023-03-29T07:07:47.0000000Z" />
        <field name="jarvis_name" value="Technician not available" />
        <field name="ownerid" value="293ebda2-985a-ed11-9562-000d3adf4843" lookupentity="systemuser" lookupentityname="Swathi Sathish Kumar" />
        <field name="owningbusinessunit" value="c3ed74bc-152d-ed11-9db1-000d3adb48a2" lookupentity="businessunit" lookupentityname="org449d870c" />
        <field name="owninguser" value="293ebda2-985a-ed11-9562-000d3adf4843" lookupentity="systemuser" />
        <field name="statecode" value="0" />
        <field name="statuscode" value="1" />
      </record>
      <record id="def1f17a-00ce-ed11-b597-000d3ad9bde0">
        <field name="createdby" value="293ebda2-985a-ed11-9562-000d3adf4843" lookupentity="systemuser" lookupentityname="Swathi Sathish Kumar" />
        <field name="createdon" value="2023-03-29T07:08:18.0000000Z" />
        <field name="jarvis_escalationmaincategory" value="7d95eaa6-fecd-ed11-b597-000d3ad9bde0" lookupentity="jarvis_escalationmaincategory" lookupentityname="Repairing Dealer" />
        <field name="jarvis_escalationsubcategoriesid" value="def1f17a-00ce-ed11-b597-000d3ad9bde0" />
        <field name="modifiedby" value="293ebda2-985a-ed11-9562-000d3adf4843" lookupentity="systemuser" lookupentityname="Swathi Sathish Kumar" />
        <field name="modifiedon" value="2023-03-29T07:08:18.0000000Z" />
        <field name="jarvis_name" value="Missing Tools" />
        <field name="ownerid" value="293ebda2-985a-ed11-9562-000d3adf4843" lookupentity="systemuser" lookupentityname="Swathi Sathish Kumar" />
        <field name="owningbusinessunit" value="c3ed74bc-152d-ed11-9db1-000d3adb48a2" lookupentity="businessunit" lookupentityname="org449d870c" />
        <field name="owninguser" value="293ebda2-985a-ed11-9562-000d3adf4843" lookupentity="systemuser" />
        <field name="statecode" value="0" />
        <field name="statuscode" value="1" />
      </record>
      <record id="4eee708b-00ce-ed11-b597-000d3ad9bde0">
        <field name="createdby" value="293ebda2-985a-ed11-9562-000d3adf4843" lookupentity="systemuser" lookupentityname="Swathi Sathish Kumar" />
        <field name="createdon" value="2023-03-29T07:08:50.0000000Z" />
        <field name="jarvis_escalationmaincategory" value="7d95eaa6-fecd-ed11-b597-000d3ad9bde0" lookupentity="jarvis_escalationmaincategory" lookupentityname="Repairing Dealer" />
        <field name="jarvis_escalationsubcategoriesid" value="4eee708b-00ce-ed11-b597-000d3ad9bde0" />
        <field name="modifiedby" value="293ebda2-985a-ed11-9562-000d3adf4843" lookupentity="systemuser" lookupentityname="Swathi Sathish Kumar" />
        <field name="modifiedon" value="2023-03-29T07:08:50.0000000Z" />
        <field name="jarvis_name" value="Service Van not available" />
        <field name="ownerid" value="293ebda2-985a-ed11-9562-000d3adf4843" lookupentity="systemuser" lookupentityname="Swathi Sathish Kumar" />
        <field name="owningbusinessunit" value="c3ed74bc-152d-ed11-9db1-000d3adb48a2" lookupentity="businessunit" lookupentityname="org449d870c" />
        <field name="owninguser" value="293ebda2-985a-ed11-9562-000d3adf4843" lookupentity="systemuser" />
        <field name="statecode" value="0" />
        <field name="statuscode" value="1" />
      </record>
      <record id="e1179497-01ce-ed11-b597-000d3ad9bde0">
        <field name="createdby" value="293ebda2-985a-ed11-9562-000d3adf4843" lookupentity="systemuser" lookupentityname="Swathi Sathish Kumar" />
        <field name="createdon" value="2023-03-29T07:16:22.0000000Z" />
        <field name="jarvis_escalationmaincategory" value="7d95eaa6-fecd-ed11-b597-000d3ad9bde0" lookupentity="jarvis_escalationmaincategory" lookupentityname="Repairing Dealer" />
        <field name="jarvis_escalationsubcategoriesid" value="e1179497-01ce-ed11-b597-000d3ad9bde0" />
        <field name="modifiedby" value="293ebda2-985a-ed11-9562-000d3adf4843" lookupentity="systemuser" lookupentityname="Swathi Sathish Kumar" />
        <field name="modifiedon" value="2023-03-29T07:16:22.0000000Z" />
        <field name="jarvis_name" value="ETA &amp;gt; 3 hours" />
        <field name="ownerid" value="293ebda2-985a-ed11-9562-000d3adf4843" lookupentity="systemuser" lookupentityname="Swathi Sathish Kumar" />
        <field name="owningbusinessunit" value="c3ed74bc-152d-ed11-9db1-000d3adb48a2" lookupentity="businessunit" lookupentityname="org449d870c" />
        <field name="owninguser" value="293ebda2-985a-ed11-9562-000d3adf4843" lookupentity="systemuser" />
        <field name="statecode" value="0" />
        <field name="statuscode" value="1" />
      </record>
      <record id="16fa504e-1dce-ed11-b597-000d3ad9bde0">
        <field name="createdby" value="293ebda2-985a-ed11-9562-000d3adf4843" lookupentity="systemuser" lookupentityname="Swathi Sathish Kumar" />
        <field name="createdon" value="2023-03-29T10:34:39.0000000Z" />
        <field name="jarvis_escalationmaincategory" value="7d95eaa6-fecd-ed11-b597-000d3ad9bde0" lookupentity="jarvis_escalationmaincategory" lookupentityname="Repairing Dealer" />
        <field name="jarvis_escalationsubcategoriesid" value="16fa504e-1dce-ed11-b597-000d3ad9bde0" />
        <field name="modifiedby" value="293ebda2-985a-ed11-9562-000d3adf4843" lookupentity="systemuser" lookupentityname="Swathi Sathish Kumar" />
        <field name="modifiedon" value="2023-03-29T10:34:39.0000000Z" />
        <field name="jarvis_name" value="No parts available" />
        <field name="ownerid" value="293ebda2-985a-ed11-9562-000d3adf4843" lookupentity="systemuser" lookupentityname="Swathi Sathish Kumar" />
        <field name="owningbusinessunit" value="c3ed74bc-152d-ed11-9db1-000d3adb48a2" lookupentity="businessunit" lookupentityname="org449d870c" />
        <field name="owninguser" value="293ebda2-985a-ed11-9562-000d3adf4843" lookupentity="systemuser" />
        <field name="statecode" value="0" />
        <field name="statuscode" value="1" />
      </record>
      <record id="d8e5605f-1dce-ed11-b597-000d3ad9bde0">
        <field name="createdby" value="293ebda2-985a-ed11-9562-000d3adf4843" lookupentity="systemuser" lookupentityname="Swathi Sathish Kumar" />
        <field name="createdon" value="2023-03-29T10:35:07.0000000Z" />
        <field name="jarvis_escalationmaincategory" value="7d95eaa6-fecd-ed11-b597-000d3ad9bde0" lookupentity="jarvis_escalationmaincategory" lookupentityname="Repairing Dealer" />
        <field name="jarvis_escalationsubcategoriesid" value="d8e5605f-1dce-ed11-b597-000d3ad9bde0" />
        <field name="modifiedby" value="293ebda2-985a-ed11-9562-000d3adf4843" lookupentity="systemuser" lookupentityname="Swathi Sathish Kumar" />
        <field name="modifiedon" value="2023-03-29T10:35:07.0000000Z" />
        <field name="jarvis_name" value="Non-authorized towing" />
        <field name="ownerid" value="293ebda2-985a-ed11-9562-000d3adf4843" lookupentity="systemuser" lookupentityname="Swathi Sathish Kumar" />
        <field name="owningbusinessunit" value="c3ed74bc-152d-ed11-9db1-000d3adb48a2" lookupentity="businessunit" lookupentityname="org449d870c" />
        <field name="owninguser" value="293ebda2-985a-ed11-9562-000d3adf4843" lookupentity="systemuser" />
        <field name="statecode" value="0" />
        <field name="statuscode" value="1" />
      </record>
      <record id="4a60716a-1dce-ed11-b597-000d3ad9bde0">
        <field name="createdby" value="293ebda2-985a-ed11-9562-000d3adf4843" lookupentity="systemuser" lookupentityname="Swathi Sathish Kumar" />
        <field name="createdon" value="2023-03-29T10:35:26.0000000Z" />
        <field name="jarvis_escalationmaincategory" value="41d029ba-fecd-ed11-b597-000d3ad9bde0" lookupentity="jarvis_escalationmaincategory" lookupentityname="Home Dealer" />
        <field name="jarvis_escalationsubcategoriesid" value="4a60716a-1dce-ed11-b597-000d3ad9bde0" />
        <field name="modifiedby" value="293ebda2-985a-ed11-9562-000d3adf4843" lookupentity="systemuser" lookupentityname="Swathi Sathish Kumar" />
        <field name="modifiedon" value="2023-03-29T10:35:26.0000000Z" />
        <field name="jarvis_name" value="Behaviour" />
        <field name="ownerid" value="293ebda2-985a-ed11-9562-000d3adf4843" lookupentity="systemuser" lookupentityname="Swathi Sathish Kumar" />
        <field name="owningbusinessunit" value="c3ed74bc-152d-ed11-9db1-000d3adb48a2" lookupentity="businessunit" lookupentityname="org449d870c" />
        <field name="owninguser" value="293ebda2-985a-ed11-9562-000d3adf4843" lookupentity="systemuser" />
        <field name="statecode" value="0" />
        <field name="statuscode" value="1" />
      </record>
      <record id="82425d76-1dce-ed11-b597-000d3ad9bde0">
        <field name="createdby" value="293ebda2-985a-ed11-9562-000d3adf4843" lookupentity="systemuser" lookupentityname="Swathi Sathish Kumar" />
        <field name="createdon" value="2023-03-29T10:35:46.0000000Z" />
        <field name="jarvis_escalationmaincategory" value="41d029ba-fecd-ed11-b597-000d3ad9bde0" lookupentity="jarvis_escalationmaincategory" lookupentityname="Home Dealer" />
        <field name="jarvis_escalationsubcategoriesid" value="82425d76-1dce-ed11-b597-000d3ad9bde0" />
        <field name="modifiedby" value="293ebda2-985a-ed11-9562-000d3adf4843" lookupentity="systemuser" lookupentityname="Swathi Sathish Kumar" />
        <field name="modifiedon" value="2023-03-29T10:35:46.0000000Z" />
        <field name="jarvis_name" value="Initial GOP" />
        <field name="ownerid" value="293ebda2-985a-ed11-9562-000d3adf4843" lookupentity="systemuser" lookupentityname="Swathi Sathish Kumar" />
        <field name="owningbusinessunit" value="c3ed74bc-152d-ed11-9db1-000d3adb48a2" lookupentity="businessunit" lookupentityname="org449d870c" />
        <field name="owninguser" value="293ebda2-985a-ed11-9562-000d3adf4843" lookupentity="systemuser" />
        <field name="statecode" value="0" />
        <field name="statuscode" value="1" />
      </record>
      <record id="a8a30e7e-1dce-ed11-b597-000d3ad9bde0">
        <field name="createdby" value="293ebda2-985a-ed11-9562-000d3adf4843" lookupentity="systemuser" lookupentityname="Swathi Sathish Kumar" />
        <field name="createdon" value="2023-03-29T10:36:05.0000000Z" />
        <field name="jarvis_escalationmaincategory" value="41d029ba-fecd-ed11-b597-000d3ad9bde0" lookupentity="jarvis_escalationmaincategory" lookupentityname="Home Dealer" />
        <field name="jarvis_escalationsubcategoriesid" value="a8a30e7e-1dce-ed11-b597-000d3ad9bde0" />
        <field name="modifiedby" value="293ebda2-985a-ed11-9562-000d3adf4843" lookupentity="systemuser" lookupentityname="Swathi Sathish Kumar" />
        <field name="modifiedon" value="2023-03-29T10:36:05.0000000Z" />
        <field name="jarvis_name" value="Unable to contact" />
        <field name="ownerid" value="293ebda2-985a-ed11-9562-000d3adf4843" lookupentity="systemuser" lookupentityname="Swathi Sathish Kumar" />
        <field name="owningbusinessunit" value="c3ed74bc-152d-ed11-9db1-000d3adb48a2" lookupentity="businessunit" lookupentityname="org449d870c" />
        <field name="owninguser" value="293ebda2-985a-ed11-9562-000d3adf4843" lookupentity="systemuser" />
        <field name="statecode" value="0" />
        <field name="statuscode" value="1" />
      </record>
      <record id="d8be5793-1dce-ed11-b597-000d3ad9bde0">
        <field name="createdby" value="293ebda2-985a-ed11-9562-000d3adf4843" lookupentity="systemuser" lookupentityname="Swathi Sathish Kumar" />
        <field name="createdon" value="2023-03-29T10:36:34.0000000Z" />
        <field name="jarvis_escalationmaincategory" value="a26374c4-fecd-ed11-b597-000d3ad9bde0" lookupentity="jarvis_escalationmaincategory" lookupentityname="Parts Logistics" />
        <field name="jarvis_escalationsubcategoriesid" value="d8be5793-1dce-ed11-b597-000d3ad9bde0" />
        <field name="modifiedby" value="293ebda2-985a-ed11-9562-000d3adf4843" lookupentity="systemuser" lookupentityname="Swathi Sathish Kumar" />
        <field name="modifiedon" value="2023-03-29T10:36:34.0000000Z" />
        <field name="jarvis_name" value="Parts stock issue" />
        <field name="ownerid" value="293ebda2-985a-ed11-9562-000d3adf4843" lookupentity="systemuser" lookupentityname="Swathi Sathish Kumar" />
        <field name="owningbusinessunit" value="c3ed74bc-152d-ed11-9db1-000d3adb48a2" lookupentity="businessunit" lookupentityname="org449d870c" />
        <field name="owninguser" value="293ebda2-985a-ed11-9562-000d3adf4843" lookupentity="systemuser" />
        <field name="statecode" value="0" />
        <field name="statuscode" value="1" />
      </record>
      <record id="1083bea0-1dce-ed11-b597-000d3ad9bde0">
        <field name="createdby" value="293ebda2-985a-ed11-9562-000d3adf4843" lookupentity="systemuser" lookupentityname="Swathi Sathish Kumar" />
        <field name="createdon" value="2023-03-29T10:36:57.0000000Z" />
        <field name="jarvis_escalationmaincategory" value="a26374c4-fecd-ed11-b597-000d3ad9bde0" lookupentity="jarvis_escalationmaincategory" lookupentityname="Parts Logistics" />
        <field name="jarvis_escalationsubcategoriesid" value="1083bea0-1dce-ed11-b597-000d3ad9bde0" />
        <field name="modifiedby" value="293ebda2-985a-ed11-9562-000d3adf4843" lookupentity="systemuser" lookupentityname="Swathi Sathish Kumar" />
        <field name="modifiedon" value="2023-03-29T10:36:57.0000000Z" />
        <field name="jarvis_name" value="Wrong part received" />
        <field name="ownerid" value="293ebda2-985a-ed11-9562-000d3adf4843" lookupentity="systemuser" lookupentityname="Swathi Sathish Kumar" />
        <field name="owningbusinessunit" value="c3ed74bc-152d-ed11-9db1-000d3adb48a2" lookupentity="businessunit" lookupentityname="org449d870c" />
        <field name="owninguser" value="293ebda2-985a-ed11-9562-000d3adf4843" lookupentity="systemuser" />
        <field name="statecode" value="0" />
        <field name="statuscode" value="1" />
      </record>
      <record id="2a2876a9-1dce-ed11-b597-000d3ad9bde0">
        <field name="createdby" value="293ebda2-985a-ed11-9562-000d3adf4843" lookupentity="systemuser" lookupentityname="Swathi Sathish Kumar" />
        <field name="createdon" value="2023-03-29T10:37:12.0000000Z" />
        <field name="jarvis_escalationmaincategory" value="a26374c4-fecd-ed11-b597-000d3ad9bde0" lookupentity="jarvis_escalationmaincategory" lookupentityname="Parts Logistics" />
        <field name="jarvis_escalationsubcategoriesid" value="2a2876a9-1dce-ed11-b597-000d3ad9bde0" />
        <field name="modifiedby" value="293ebda2-985a-ed11-9562-000d3adf4843" lookupentity="systemuser" lookupentityname="Swathi Sathish Kumar" />
        <field name="modifiedon" value="2023-03-29T10:37:12.0000000Z" />
        <field name="jarvis_name" value="GTO unavailable" />
        <field name="ownerid" value="293ebda2-985a-ed11-9562-000d3adf4843" lookupentity="systemuser" lookupentityname="Swathi Sathish Kumar" />
        <field name="owningbusinessunit" value="c3ed74bc-152d-ed11-9db1-000d3adb48a2" lookupentity="businessunit" lookupentityname="org449d870c" />
        <field name="owninguser" value="293ebda2-985a-ed11-9562-000d3adf4843" lookupentity="systemuser" />
        <field name="statecode" value="0" />
        <field name="statuscode" value="1" />
      </record>
      <record id="2582b7b1-1dce-ed11-b597-000d3ad9bde0">
        <field name="createdby" value="293ebda2-985a-ed11-9562-000d3adf4843" lookupentity="systemuser" lookupentityname="Swathi Sathish Kumar" />
        <field name="createdon" value="2023-03-29T10:37:25.0000000Z" />
        <field name="jarvis_escalationmaincategory" value="a26374c4-fecd-ed11-b597-000d3ad9bde0" lookupentity="jarvis_escalationmaincategory" lookupentityname="Parts Logistics" />
        <field name="jarvis_escalationsubcategoriesid" value="2582b7b1-1dce-ed11-b597-000d3ad9bde0" />
        <field name="modifiedby" value="293ebda2-985a-ed11-9562-000d3adf4843" lookupentity="systemuser" lookupentityname="Swathi Sathish Kumar" />
        <field name="modifiedon" value="2023-03-29T10:37:25.0000000Z" />
        <field name="jarvis_name" value="Taxi delayed" />
        <field name="ownerid" value="293ebda2-985a-ed11-9562-000d3adf4843" lookupentity="systemuser" lookupentityname="Swathi Sathish Kumar" />
        <field name="owningbusinessunit" value="c3ed74bc-152d-ed11-9db1-000d3adb48a2" lookupentity="businessunit" lookupentityname="org449d870c" />
        <field name="owninguser" value="293ebda2-985a-ed11-9562-000d3adf4843" lookupentity="systemuser" />
        <field name="statecode" value="0" />
        <field name="statuscode" value="1" />
      </record>
      <record id="8787ddc0-1dce-ed11-b597-000d3ad9bde0">
        <field name="createdby" value="293ebda2-985a-ed11-9562-000d3adf4843" lookupentity="systemuser" lookupentityname="Swathi Sathish Kumar" />
        <field name="createdon" value="2023-03-29T10:37:51.0000000Z" />
        <field name="jarvis_escalationmaincategory" value="a26374c4-fecd-ed11-b597-000d3ad9bde0" lookupentity="jarvis_escalationmaincategory" lookupentityname="Parts Logistics" />
        <field name="jarvis_escalationsubcategoriesid" value="8787ddc0-1dce-ed11-b597-000d3ad9bde0" />
        <field name="modifiedby" value="293ebda2-985a-ed11-9562-000d3adf4843" lookupentity="systemuser" lookupentityname="Swathi Sathish Kumar" />
        <field name="modifiedon" value="2023-03-29T10:37:51.0000000Z" />
        <field name="jarvis_name" value="Normal transport delayed" />
        <field name="ownerid" value="293ebda2-985a-ed11-9562-000d3adf4843" lookupentity="systemuser" lookupentityname="Swathi Sathish Kumar" />
        <field name="owningbusinessunit" value="c3ed74bc-152d-ed11-9db1-000d3adb48a2" lookupentity="businessunit" lookupentityname="org449d870c" />
        <field name="owninguser" value="293ebda2-985a-ed11-9562-000d3adf4843" lookupentity="systemuser" />
        <field name="statecode" value="0" />
        <field name="statuscode" value="1" />
      </record>
      <record id="4421cac9-1dce-ed11-b597-000d3ad9bde0">
        <field name="createdby" value="293ebda2-985a-ed11-9562-000d3adf4843" lookupentity="systemuser" lookupentityname="Swathi Sathish Kumar" />
        <field name="createdon" value="2023-03-29T10:38:15.0000000Z" />
        <field name="jarvis_escalationmaincategory" value="a26374c4-fecd-ed11-b597-000d3ad9bde0" lookupentity="jarvis_escalationmaincategory" lookupentityname="Parts Logistics" />
        <field name="jarvis_escalationsubcategoriesid" value="4421cac9-1dce-ed11-b597-000d3ad9bde0" />
        <field name="modifiedby" value="293ebda2-985a-ed11-9562-000d3adf4843" lookupentity="systemuser" lookupentityname="Swathi Sathish Kumar" />
        <field name="modifiedon" value="2023-03-29T10:38:15.0000000Z" />
        <field name="jarvis_name" value="Dealer-to-dealer" />
        <field name="ownerid" value="293ebda2-985a-ed11-9562-000d3adf4843" lookupentity="systemuser" lookupentityname="Swathi Sathish Kumar" />
        <field name="owningbusinessunit" value="c3ed74bc-152d-ed11-9db1-000d3adb48a2" lookupentity="businessunit" lookupentityname="org449d870c" />
        <field name="owninguser" value="293ebda2-985a-ed11-9562-000d3adf4843" lookupentity="systemuser" />
        <field name="statecode" value="0" />
        <field name="statuscode" value="1" />
      </record>
      <record id="8c79c3d6-1dce-ed11-b597-000d3ad9bde0">
        <field name="createdby" value="293ebda2-985a-ed11-9562-000d3adf4843" lookupentity="systemuser" lookupentityname="Swathi Sathish Kumar" />
        <field name="createdon" value="2023-03-29T10:38:30.0000000Z" />
        <field name="jarvis_escalationmaincategory" value="a26374c4-fecd-ed11-b597-000d3ad9bde0" lookupentity="jarvis_escalationmaincategory" lookupentityname="Parts Logistics" />
        <field name="jarvis_escalationsubcategoriesid" value="8c79c3d6-1dce-ed11-b597-000d3ad9bde0" />
        <field name="modifiedby" value="293ebda2-985a-ed11-9562-000d3adf4843" lookupentity="systemuser" lookupentityname="Swathi Sathish Kumar" />
        <field name="modifiedon" value="2023-03-29T10:38:30.0000000Z" />
        <field name="jarvis_name" value="Part condition" />
        <field name="ownerid" value="293ebda2-985a-ed11-9562-000d3adf4843" lookupentity="systemuser" lookupentityname="Swathi Sathish Kumar" />
        <field name="owningbusinessunit" value="c3ed74bc-152d-ed11-9db1-000d3adb48a2" lookupentity="businessunit" lookupentityname="org449d870c" />
        <field name="owninguser" value="293ebda2-985a-ed11-9562-000d3adf4843" lookupentity="systemuser" />
        <field name="statecode" value="0" />
        <field name="statuscode" value="1" />
      </record>
      <record id="6ec213f1-1dce-ed11-b597-000d3ad9bde0">
        <field name="createdby" value="293ebda2-985a-ed11-9562-000d3adf4843" lookupentity="systemuser" lookupentityname="Swathi Sathish Kumar" />
        <field name="createdon" value="2023-03-29T10:39:12.0000000Z" />
        <field name="jarvis_escalationmaincategory" value="39c163cc-fecd-ed11-b597-000d3ad9bde0" lookupentity="jarvis_escalationmaincategory" lookupentityname="Towing Partner" />
        <field name="jarvis_escalationsubcategoriesid" value="6ec213f1-1dce-ed11-b597-000d3ad9bde0" />
        <field name="modifiedby" value="293ebda2-985a-ed11-9562-000d3adf4843" lookupentity="systemuser" lookupentityname="Swathi Sathish Kumar" />
        <field name="modifiedon" value="2023-03-29T10:39:12.0000000Z" />
        <field name="jarvis_name" value="Delayed ETA (&amp;gt; 1 hour)" />
        <field name="ownerid" value="293ebda2-985a-ed11-9562-000d3adf4843" lookupentity="systemuser" lookupentityname="Swathi Sathish Kumar" />
        <field name="owningbusinessunit" value="c3ed74bc-152d-ed11-9db1-000d3adb48a2" lookupentity="businessunit" lookupentityname="org449d870c" />
        <field name="owninguser" value="293ebda2-985a-ed11-9562-000d3adf4843" lookupentity="systemuser" />
        <field name="statecode" value="0" />
        <field name="statuscode" value="1" />
      </record>
      <record id="bd81a9fb-1dce-ed11-b597-000d3ad9bde0">
        <field name="createdby" value="293ebda2-985a-ed11-9562-000d3adf4843" lookupentity="systemuser" lookupentityname="Swathi Sathish Kumar" />
        <field name="createdon" value="2023-03-29T10:39:29.0000000Z" />
        <field name="jarvis_escalationmaincategory" value="39c163cc-fecd-ed11-b597-000d3ad9bde0" lookupentity="jarvis_escalationmaincategory" lookupentityname="Towing Partner" />
        <field name="jarvis_escalationsubcategoriesid" value="bd81a9fb-1dce-ed11-b597-000d3ad9bde0" />
        <field name="modifiedby" value="293ebda2-985a-ed11-9562-000d3adf4843" lookupentity="systemuser" lookupentityname="Swathi Sathish Kumar" />
        <field name="modifiedon" value="2023-03-29T10:39:29.0000000Z" />
        <field name="jarvis_name" value="Damage from towing" />
        <field name="ownerid" value="293ebda2-985a-ed11-9562-000d3adf4843" lookupentity="systemuser" lookupentityname="Swathi Sathish Kumar" />
        <field name="owningbusinessunit" value="c3ed74bc-152d-ed11-9db1-000d3adb48a2" lookupentity="businessunit" lookupentityname="org449d870c" />
        <field name="owninguser" value="293ebda2-985a-ed11-9562-000d3adf4843" lookupentity="systemuser" />
        <field name="statecode" value="0" />
        <field name="statuscode" value="1" />
      </record>
      <record id="f33d6104-1ece-ed11-b597-000d3ad9bde0">
        <field name="createdby" value="293ebda2-985a-ed11-9562-000d3adf4843" lookupentity="systemuser" lookupentityname="Swathi Sathish Kumar" />
        <field name="createdon" value="2023-03-29T10:39:46.0000000Z" />
        <field name="jarvis_escalationmaincategory" value="39c163cc-fecd-ed11-b597-000d3ad9bde0" lookupentity="jarvis_escalationmaincategory" lookupentityname="Towing Partner" />
        <field name="jarvis_escalationsubcategoriesid" value="f33d6104-1ece-ed11-b597-000d3ad9bde0" />
        <field name="modifiedby" value="293ebda2-985a-ed11-9562-000d3adf4843" lookupentity="systemuser" lookupentityname="Swathi Sathish Kumar" />
        <field name="modifiedon" value="2023-03-29T10:39:46.0000000Z" />
        <field name="jarvis_name" value="Price" />
        <field name="ownerid" value="293ebda2-985a-ed11-9562-000d3adf4843" lookupentity="systemuser" lookupentityname="Swathi Sathish Kumar" />
        <field name="owningbusinessunit" value="c3ed74bc-152d-ed11-9db1-000d3adb48a2" lookupentity="businessunit" lookupentityname="org449d870c" />
        <field name="owninguser" value="293ebda2-985a-ed11-9562-000d3adf4843" lookupentity="systemuser" />
        <field name="statecode" value="0" />
        <field name="statuscode" value="1" />
      </record>
      <record id="353ec114-1ece-ed11-b597-000d3ad9bde0">
        <field name="createdby" value="293ebda2-985a-ed11-9562-000d3adf4843" lookupentity="systemuser" lookupentityname="Swathi Sathish Kumar" />
        <field name="createdon" value="2023-03-29T10:40:12.0000000Z" />
        <field name="jarvis_escalationmaincategory" value="45236fd2-fecd-ed11-b597-000d3ad9bde0" lookupentity="jarvis_escalationmaincategory" lookupentityname="3rd Party" />
        <field name="jarvis_escalationsubcategoriesid" value="353ec114-1ece-ed11-b597-000d3ad9bde0" />
        <field name="modifiedby" value="293ebda2-985a-ed11-9562-000d3adf4843" lookupentity="systemuser" lookupentityname="Swathi Sathish Kumar" />
        <field name="modifiedon" value="2023-03-29T10:40:12.0000000Z" />
        <field name="jarvis_name" value="Unforeseen circumstances" />
        <field name="ownerid" value="293ebda2-985a-ed11-9562-000d3adf4843" lookupentity="systemuser" lookupentityname="Swathi Sathish Kumar" />
        <field name="owningbusinessunit" value="c3ed74bc-152d-ed11-9db1-000d3adb48a2" lookupentity="businessunit" lookupentityname="org449d870c" />
        <field name="owninguser" value="293ebda2-985a-ed11-9562-000d3adf4843" lookupentity="systemuser" />
        <field name="statecode" value="0" />
        <field name="statuscode" value="1" />
      </record>
      <record id="ed253e66-1ece-ed11-b597-000d3ad9bde0">
        <field name="createdby" value="293ebda2-985a-ed11-9562-000d3adf4843" lookupentity="systemuser" lookupentityname="Swathi Sathish Kumar" />
        <field name="createdon" value="2023-03-29T10:42:35.0000000Z" />
        <field name="jarvis_escalationmaincategory" value="45236fd2-fecd-ed11-b597-000d3ad9bde0" lookupentity="jarvis_escalationmaincategory" lookupentityname="3rd Party" />
        <field name="jarvis_escalationsubcategoriesid" value="ed253e66-1ece-ed11-b597-000d3ad9bde0" />
        <field name="modifiedby" value="293ebda2-985a-ed11-9562-000d3adf4843" lookupentity="systemuser" lookupentityname="Swathi Sathish Kumar" />
        <field name="modifiedon" value="2023-03-29T10:42:35.0000000Z" />
        <field name="jarvis_name" value="Insurance" />
        <field name="ownerid" value="293ebda2-985a-ed11-9562-000d3adf4843" lookupentity="systemuser" lookupentityname="Swathi Sathish Kumar" />
        <field name="owningbusinessunit" value="c3ed74bc-152d-ed11-9db1-000d3adb48a2" lookupentity="businessunit" lookupentityname="org449d870c" />
        <field name="owninguser" value="293ebda2-985a-ed11-9562-000d3adf4843" lookupentity="systemuser" />
        <field name="statecode" value="0" />
        <field name="statuscode" value="1" />
      </record>
      <record id="0afb9174-1ece-ed11-b597-000d3ad9bde0">
        <field name="createdby" value="293ebda2-985a-ed11-9562-000d3adf4843" lookupentity="systemuser" lookupentityname="Swathi Sathish Kumar" />
        <field name="createdon" value="2023-03-29T10:42:52.0000000Z" />
        <field name="jarvis_escalationmaincategory" value="45236fd2-fecd-ed11-b597-000d3ad9bde0" lookupentity="jarvis_escalationmaincategory" lookupentityname="3rd Party" />
        <field name="jarvis_escalationsubcategoriesid" value="0afb9174-1ece-ed11-b597-000d3ad9bde0" />
        <field name="modifiedby" value="293ebda2-985a-ed11-9562-000d3adf4843" lookupentity="systemuser" lookupentityname="Swathi Sathish Kumar" />
        <field name="modifiedon" value="2023-03-29T10:42:52.0000000Z" />
        <field name="jarvis_name" value="Legal authorities" />
        <field name="ownerid" value="293ebda2-985a-ed11-9562-000d3adf4843" lookupentity="systemuser" lookupentityname="Swathi Sathish Kumar" />
        <field name="owningbusinessunit" value="c3ed74bc-152d-ed11-9db1-000d3adb48a2" lookupentity="businessunit" lookupentityname="org449d870c" />
        <field name="owninguser" value="293ebda2-985a-ed11-9562-000d3adf4843" lookupentity="systemuser" />
        <field name="statecode" value="0" />
        <field name="statuscode" value="1" />
      </record>
      <record id="bc9ce97a-1ece-ed11-b597-000d3ad9bde0">
        <field name="createdby" value="293ebda2-985a-ed11-9562-000d3adf4843" lookupentity="systemuser" lookupentityname="Swathi Sathish Kumar" />
        <field name="createdon" value="2023-03-29T10:43:07.0000000Z" />
        <field name="jarvis_escalationmaincategory" value="41a8dffe-fecd-ed11-b597-000d3ad9bde0" lookupentity="jarvis_escalationmaincategory" lookupentityname="Customer Expectation" />
        <field name="jarvis_escalationsubcategoriesid" value="bc9ce97a-1ece-ed11-b597-000d3ad9bde0" />
        <field name="modifiedby" value="293ebda2-985a-ed11-9562-000d3adf4843" lookupentity="systemuser" lookupentityname="Swathi Sathish Kumar" />
        <field name="modifiedon" value="2023-03-29T10:43:07.0000000Z" />
        <field name="jarvis_name" value="Customer Expectation" />
        <field name="ownerid" value="293ebda2-985a-ed11-9562-000d3adf4843" lookupentity="systemuser" lookupentityname="Swathi Sathish Kumar" />
        <field name="owningbusinessunit" value="c3ed74bc-152d-ed11-9db1-000d3adb48a2" lookupentity="businessunit" lookupentityname="org449d870c" />
        <field name="owninguser" value="293ebda2-985a-ed11-9562-000d3adf4843" lookupentity="systemuser" />
        <field name="statecode" value="0" />
        <field name="statuscode" value="1" />
      </record>
      <record id="ddce6981-1ece-ed11-b597-000d3ad9bde0">
        <field name="createdby" value="293ebda2-985a-ed11-9562-000d3adf4843" lookupentity="systemuser" lookupentityname="Swathi Sathish Kumar" />
        <field name="createdon" value="2023-03-29T10:43:23.0000000Z" />
        <field name="jarvis_escalationmaincategory" value="12d7a506-ffcd-ed11-b597-000d3ad9bde0" lookupentity="jarvis_escalationmaincategory" lookupentityname="Financial" />
        <field name="jarvis_escalationsubcategoriesid" value="ddce6981-1ece-ed11-b597-000d3ad9bde0" />
        <field name="modifiedby" value="293ebda2-985a-ed11-9562-000d3adf4843" lookupentity="systemuser" lookupentityname="Swathi Sathish Kumar" />
        <field name="modifiedon" value="2023-03-29T10:43:23.0000000Z" />
        <field name="jarvis_name" value="GOP+" />
        <field name="ownerid" value="293ebda2-985a-ed11-9562-000d3adf4843" lookupentity="systemuser" lookupentityname="Swathi Sathish Kumar" />
        <field name="owningbusinessunit" value="c3ed74bc-152d-ed11-9db1-000d3adb48a2" lookupentity="businessunit" lookupentityname="org449d870c" />
        <field name="owninguser" value="293ebda2-985a-ed11-9562-000d3adf4843" lookupentity="systemuser" />
        <field name="statecode" value="0" />
        <field name="statuscode" value="1" />
      </record>
      <record id="ff7e218a-1ece-ed11-b597-000d3ad9bde0">
        <field name="createdby" value="293ebda2-985a-ed11-9562-000d3adf4843" lookupentity="systemuser" lookupentityname="Swathi Sathish Kumar" />
        <field name="createdon" value="2023-03-29T10:43:37.0000000Z" />
        <field name="jarvis_escalationmaincategory" value="12d7a506-ffcd-ed11-b597-000d3ad9bde0" lookupentity="jarvis_escalationmaincategory" lookupentityname="Financial" />
        <field name="jarvis_escalationsubcategoriesid" value="ff7e218a-1ece-ed11-b597-000d3ad9bde0" />
        <field name="modifiedby" value="293ebda2-985a-ed11-9562-000d3adf4843" lookupentity="systemuser" lookupentityname="Swathi Sathish Kumar" />
        <field name="modifiedon" value="2023-03-29T10:43:37.0000000Z" />
        <field name="jarvis_name" value="Cost estimate" />
        <field name="ownerid" value="293ebda2-985a-ed11-9562-000d3adf4843" lookupentity="systemuser" lookupentityname="Swathi Sathish Kumar" />
        <field name="owningbusinessunit" value="c3ed74bc-152d-ed11-9db1-000d3adb48a2" lookupentity="businessunit" lookupentityname="org449d870c" />
        <field name="owninguser" value="293ebda2-985a-ed11-9562-000d3adf4843" lookupentity="systemuser" />
        <field name="statecode" value="0" />
        <field name="statuscode" value="1" />
      </record>
      <record id="9c4d4496-1ece-ed11-b597-000d3ad9bde0">
        <field name="createdby" value="293ebda2-985a-ed11-9562-000d3adf4843" lookupentity="systemuser" lookupentityname="Swathi Sathish Kumar" />
        <field name="createdon" value="2023-03-29T10:43:53.0000000Z" />
        <field name="jarvis_escalationmaincategory" value="12d7a506-ffcd-ed11-b597-000d3ad9bde0" lookupentity="jarvis_escalationmaincategory" lookupentityname="Financial" />
        <field name="jarvis_escalationsubcategoriesid" value="9c4d4496-1ece-ed11-b597-000d3ad9bde0" />
        <field name="modifiedby" value="293ebda2-985a-ed11-9562-000d3adf4843" lookupentity="systemuser" lookupentityname="Swathi Sathish Kumar" />
        <field name="modifiedon" value="2023-03-29T10:43:53.0000000Z" />
        <field name="jarvis_name" value="Warranty" />
        <field name="ownerid" value="293ebda2-985a-ed11-9562-000d3adf4843" lookupentity="systemuser" lookupentityname="Swathi Sathish Kumar" />
        <field name="owningbusinessunit" value="c3ed74bc-152d-ed11-9db1-000d3adb48a2" lookupentity="businessunit" lookupentityname="org449d870c" />
        <field name="owninguser" value="293ebda2-985a-ed11-9562-000d3adf4843" lookupentity="systemuser" />
        <field name="statecode" value="0" />
        <field name="statuscode" value="1" />
      </record>
      <record id="6e88db9d-1ece-ed11-b597-000d3ad9bde0">
        <field name="createdby" value="293ebda2-985a-ed11-9562-000d3adf4843" lookupentity="systemuser" lookupentityname="Swathi Sathish Kumar" />
        <field name="createdon" value="2023-03-29T10:44:02.0000000Z" />
        <field name="jarvis_escalationmaincategory" value="12d7a506-ffcd-ed11-b597-000d3ad9bde0" lookupentity="jarvis_escalationmaincategory" lookupentityname="Financial" />
        <field name="jarvis_escalationsubcategoriesid" value="6e88db9d-1ece-ed11-b597-000d3ad9bde0" />
        <field name="modifiedby" value="293ebda2-985a-ed11-9562-000d3adf4843" lookupentity="systemuser" lookupentityname="Swathi Sathish Kumar" />
        <field name="modifiedon" value="2023-03-29T10:44:02.0000000Z" />
        <field name="jarvis_name" value="Contract" />
        <field name="ownerid" value="293ebda2-985a-ed11-9562-000d3adf4843" lookupentity="systemuser" lookupentityname="Swathi Sathish Kumar" />
        <field name="owningbusinessunit" value="c3ed74bc-152d-ed11-9db1-000d3adb48a2" lookupentity="businessunit" lookupentityname="org449d870c" />
        <field name="owninguser" value="293ebda2-985a-ed11-9562-000d3adf4843" lookupentity="systemuser" />
        <field name="statecode" value="0" />
        <field name="statuscode" value="1" />
      </record>
      <record id="657ce3aa-1ece-ed11-b597-000d3ad9bde0">
        <field name="createdby" value="293ebda2-985a-ed11-9562-000d3adf4843" lookupentity="systemuser" lookupentityname="Swathi Sathish Kumar" />
        <field name="createdon" value="2023-03-29T10:44:23.0000000Z" />
        <field name="jarvis_escalationmaincategory" value="12d7a506-ffcd-ed11-b597-000d3ad9bde0" lookupentity="jarvis_escalationmaincategory" lookupentityname="Financial" />
        <field name="jarvis_escalationsubcategoriesid" value="657ce3aa-1ece-ed11-b597-000d3ad9bde0" />
        <field name="modifiedby" value="293ebda2-985a-ed11-9562-000d3adf4843" lookupentity="systemuser" lookupentityname="Swathi Sathish Kumar" />
        <field name="modifiedon" value="2023-03-29T10:44:23.0000000Z" />
        <field name="jarvis_name" value="Disagreement HD/RD" />
        <field name="ownerid" value="293ebda2-985a-ed11-9562-000d3adf4843" lookupentity="systemuser" lookupentityname="Swathi Sathish Kumar" />
        <field name="owningbusinessunit" value="c3ed74bc-152d-ed11-9db1-000d3adb48a2" lookupentity="businessunit" lookupentityname="org449d870c" />
        <field name="owninguser" value="293ebda2-985a-ed11-9562-000d3adf4843" lookupentity="systemuser" />
        <field name="statecode" value="0" />
        <field name="statuscode" value="1" />
      </record>
      <record id="80f0d3b2-1ece-ed11-b597-000d3ad9bde0">
        <field name="createdby" value="293ebda2-985a-ed11-9562-000d3adf4843" lookupentity="systemuser" lookupentityname="Swathi Sathish Kumar" />
        <field name="createdon" value="2023-03-29T10:44:41.0000000Z" />
        <field name="jarvis_escalationmaincategory" value="79a1cb0c-ffcd-ed11-b597-000d3ad9bde0" lookupentity="jarvis_escalationmaincategory" lookupentityname="Uptime Solutions" />
        <field name="jarvis_escalationsubcategoriesid" value="80f0d3b2-1ece-ed11-b597-000d3ad9bde0" />
        <field name="modifiedby" value="293ebda2-985a-ed11-9562-000d3adf4843" lookupentity="systemuser" lookupentityname="Swathi Sathish Kumar" />
        <field name="modifiedon" value="2023-03-29T10:44:41.0000000Z" />
        <field name="jarvis_name" value="Wrong reported fault" />
        <field name="ownerid" value="293ebda2-985a-ed11-9562-000d3adf4843" lookupentity="systemuser" lookupentityname="Swathi Sathish Kumar" />
        <field name="owningbusinessunit" value="c3ed74bc-152d-ed11-9db1-000d3adb48a2" lookupentity="businessunit" lookupentityname="org449d870c" />
        <field name="owninguser" value="293ebda2-985a-ed11-9562-000d3adf4843" lookupentity="systemuser" />
        <field name="statecode" value="0" />
        <field name="statuscode" value="1" />
      </record>
      <record id="e71c75bc-1ece-ed11-b597-000d3ad9bde0">
        <field name="createdby" value="293ebda2-985a-ed11-9562-000d3adf4843" lookupentity="systemuser" lookupentityname="Swathi Sathish Kumar" />
        <field name="createdon" value="2023-03-29T10:44:53.0000000Z" />
        <field name="jarvis_escalationmaincategory" value="79a1cb0c-ffcd-ed11-b597-000d3ad9bde0" lookupentity="jarvis_escalationmaincategory" lookupentityname="Uptime Solutions" />
        <field name="jarvis_escalationsubcategoriesid" value="e71c75bc-1ece-ed11-b597-000d3ad9bde0" />
        <field name="modifiedby" value="293ebda2-985a-ed11-9562-000d3adf4843" lookupentity="systemuser" lookupentityname="Swathi Sathish Kumar" />
        <field name="modifiedon" value="2023-03-29T10:44:53.0000000Z" />
        <field name="jarvis_name" value="Information not passed" />
        <field name="ownerid" value="293ebda2-985a-ed11-9562-000d3adf4843" lookupentity="systemuser" lookupentityname="Swathi Sathish Kumar" />
        <field name="owningbusinessunit" value="c3ed74bc-152d-ed11-9db1-000d3adb48a2" lookupentity="businessunit" lookupentityname="org449d870c" />
        <field name="owninguser" value="293ebda2-985a-ed11-9562-000d3adf4843" lookupentity="systemuser" />
        <field name="statecode" value="0" />
        <field name="statuscode" value="1" />
      </record>
      <record id="6e1ba1c3-1ece-ed11-b597-000d3ad9bde0">
        <field name="createdby" value="293ebda2-985a-ed11-9562-000d3adf4843" lookupentity="systemuser" lookupentityname="Swathi Sathish Kumar" />
        <field name="createdon" value="2023-03-29T10:45:14.0000000Z" />
        <field name="jarvis_escalationmaincategory" value="79a1cb0c-ffcd-ed11-b597-000d3ad9bde0" lookupentity="jarvis_escalationmaincategory" lookupentityname="Uptime Solutions" />
        <field name="jarvis_escalationsubcategoriesid" value="6e1ba1c3-1ece-ed11-b597-000d3ad9bde0" />
        <field name="modifiedby" value="293ebda2-985a-ed11-9562-000d3adf4843" lookupentity="systemuser" lookupentityname="Swathi Sathish Kumar" />
        <field name="modifiedon" value="2023-03-29T10:45:14.0000000Z" />
        <field name="jarvis_name" value="Wrong cust/veh details" />
        <field name="ownerid" value="293ebda2-985a-ed11-9562-000d3adf4843" lookupentity="systemuser" lookupentityname="Swathi Sathish Kumar" />
        <field name="owningbusinessunit" value="c3ed74bc-152d-ed11-9db1-000d3adb48a2" lookupentity="businessunit" lookupentityname="org449d870c" />
        <field name="owninguser" value="293ebda2-985a-ed11-9562-000d3adf4843" lookupentity="systemuser" />
        <field name="statecode" value="0" />
        <field name="statuscode" value="1" />
      </record>
    </records>
    <m2mrelationships />
  </entity>
</entities>