
<entities xmlns:xsd="http://www.w3.org/2001/XMLSchema" xmlns:xsi="http://www.w3.org/2001/XMLSchema-instance" timestamp="2023-06-01T14:32:43.6778261Z">
  <entity name="productpricelevel" displayname="Price List Item">
    <records>
      <record id="b85128ba-0a77-ed11-81ab-000d3ad9bde0">
        <field name="amount" value="100.0000000000" />
        <field name="amount_base" value="100.0000000000" />
        <field name="transactioncurrencyid" value="a457f830-732d-ed11-9db1-000d3adb48a2" lookupentity="transactioncurrency" lookupentityname="Euro" />
        <field name="exchangerate" value="1.000000000000" />
        <field name="pricelevelid" value="1a0cfbab-0a77-ed11-81ab-000d3ad9bde0" lookupentity="pricelevel" lookupentityname="EUR - Volvo" />
        <field name="pricingmethodcode" value="1" />
        <field name="productid" value="8bbc6d60-316b-ed11-9561-0022489d0994" lookupentity="product" lookupentityname="International RD" />
        <field name="productpricelevelid" value="b85128ba-0a77-ed11-81ab-000d3ad9bde0" />
        <field name="quantitysellingcode" value="1" />
        <field name="uomid" value="19209eb2-f897-488c-8335-2f34136145c0" lookupentity="uom" lookupentityname="Primary Unit" />
        <field name="uomscheduleid" value="15687d7a-decf-427d-b514-9e4d3fa1bd7c" lookupentity="uomschedule" lookupentityname="Default Unit" />
      </record>
      <record id="27c528c3-0a77-ed11-81ab-000d3ad9bde0">
        <field name="amount" value="50.0000000000" />
        <field name="amount_base" value="50.0000000000" />
        <field name="transactioncurrencyid" value="a457f830-732d-ed11-9db1-000d3adb48a2" lookupentity="transactioncurrency" lookupentityname="Euro" />
        <field name="exchangerate" value="1.000000000000" />
        <field name="pricelevelid" value="1a0cfbab-0a77-ed11-81ab-000d3ad9bde0" lookupentity="pricelevel" lookupentityname="EUR - Volvo" />
        <field name="pricingmethodcode" value="1" />
        <field name="productid" value="5d141d7a-316b-ed11-9561-0022489d0994" lookupentity="product" lookupentityname="National RD" />
        <field name="productpricelevelid" value="27c528c3-0a77-ed11-81ab-000d3ad9bde0" />
        <field name="quantitysellingcode" value="1" />
        <field name="uomid" value="19209eb2-f897-488c-8335-2f34136145c0" lookupentity="uom" lookupentityname="Primary Unit" />
        <field name="uomscheduleid" value="15687d7a-decf-427d-b514-9e4d3fa1bd7c" lookupentity="uomschedule" lookupentityname="Default Unit" />
      </record>
      <record id="5376b4c9-0a77-ed11-81ab-000d3ad9bde0">
        <field name="amount" value="50.0000000000" />
        <field name="amount_base" value="50.0000000000" />
        <field name="transactioncurrencyid" value="a457f830-732d-ed11-9db1-000d3adb48a2" lookupentity="transactioncurrency" lookupentityname="Euro" />
        <field name="exchangerate" value="1.000000000000" />
        <field name="pricelevelid" value="1a0cfbab-0a77-ed11-81ab-000d3ad9bde0" lookupentity="pricelevel" lookupentityname="EUR - Volvo" />
        <field name="pricingmethodcode" value="1" />
        <field name="productid" value="38f2500b-316b-ed11-9561-0022489d0994" lookupentity="product" lookupentityname="Home Dealer" />
        <field name="productpricelevelid" value="5376b4c9-0a77-ed11-81ab-000d3ad9bde0" />
        <field name="quantitysellingcode" value="1" />
        <field name="uomid" value="19209eb2-f897-488c-8335-2f34136145c0" lookupentity="uom" lookupentityname="Primary Unit" />
        <field name="uomscheduleid" value="15687d7a-decf-427d-b514-9e4d3fa1bd7c" lookupentity="uomschedule" lookupentityname="Default Unit" />
      </record>
      <record id="b8ba65f0-0a77-ed11-81ab-000d3ad9bde0">
        <field name="amount" value="2554.0000000000" />
        <field name="amount_base" value="2554.0000000000" />
        <field name="transactioncurrencyid" value="d9310c97-b46a-ed11-9561-0022489d0994" lookupentity="transactioncurrency" lookupentityname="Czech Koruna" />
        <field name="exchangerate" value="1.000000000000" />
        <field name="pricelevelid" value="636d60e3-0a77-ed11-81ab-000d3ad9bde0" lookupentity="pricelevel" lookupentityname="CZK - Volvo" />
        <field name="pricingmethodcode" value="1" />
        <field name="productid" value="8bbc6d60-316b-ed11-9561-0022489d0994" lookupentity="product" lookupentityname="International RD" />
        <field name="productpricelevelid" value="b8ba65f0-0a77-ed11-81ab-000d3ad9bde0" />
        <field name="quantitysellingcode" value="1" />
        <field name="uomid" value="19209eb2-f897-488c-8335-2f34136145c0" lookupentity="uom" lookupentityname="Primary Unit" />
        <field name="uomscheduleid" value="15687d7a-decf-427d-b514-9e4d3fa1bd7c" lookupentity="uomschedule" lookupentityname="Default Unit" />
      </record>
      <record id="43cc4ff8-0a77-ed11-81ab-000d3ad9bde0">
        <field name="amount" value="1277.0000000000" />
        <field name="amount_base" value="1277.0000000000" />
        <field name="transactioncurrencyid" value="d9310c97-b46a-ed11-9561-0022489d0994" lookupentity="transactioncurrency" lookupentityname="Czech Koruna" />
        <field name="exchangerate" value="1.000000000000" />
        <field name="pricelevelid" value="636d60e3-0a77-ed11-81ab-000d3ad9bde0" lookupentity="pricelevel" lookupentityname="CZK - Volvo" />
        <field name="pricingmethodcode" value="1" />
        <field name="productid" value="5d141d7a-316b-ed11-9561-0022489d0994" lookupentity="product" lookupentityname="National RD" />
        <field name="productpricelevelid" value="43cc4ff8-0a77-ed11-81ab-000d3ad9bde0" />
        <field name="quantitysellingcode" value="1" />
        <field name="uomid" value="19209eb2-f897-488c-8335-2f34136145c0" lookupentity="uom" lookupentityname="Primary Unit" />
        <field name="uomscheduleid" value="15687d7a-decf-427d-b514-9e4d3fa1bd7c" lookupentity="uomschedule" lookupentityname="Default Unit" />
      </record>
      <record id="44cc4ff8-0a77-ed11-81ab-000d3ad9bde0">
        <field name="amount" value="1277.0000000000" />
        <field name="amount_base" value="1277.0000000000" />
        <field name="transactioncurrencyid" value="d9310c97-b46a-ed11-9561-0022489d0994" lookupentity="transactioncurrency" lookupentityname="Czech Koruna" />
        <field name="exchangerate" value="1.000000000000" />
        <field name="pricelevelid" value="636d60e3-0a77-ed11-81ab-000d3ad9bde0" lookupentity="pricelevel" lookupentityname="CZK - Volvo" />
        <field name="pricingmethodcode" value="1" />
        <field name="productid" value="38f2500b-316b-ed11-9561-0022489d0994" lookupentity="product" lookupentityname="Home Dealer" />
        <field name="productpricelevelid" value="44cc4ff8-0a77-ed11-81ab-000d3ad9bde0" />
        <field name="quantitysellingcode" value="1" />
        <field name="uomid" value="19209eb2-f897-488c-8335-2f34136145c0" lookupentity="uom" lookupentityname="Primary Unit" />
        <field name="uomscheduleid" value="15687d7a-decf-427d-b514-9e4d3fa1bd7c" lookupentity="uomschedule" lookupentityname="Default Unit" />
      </record>
      <record id="5a3ea91c-0b77-ed11-81ab-000d3ad9bde0">
        <field name="amount" value="745.0000000000" />
        <field name="amount_base" value="745.0000000000" />
        <field name="transactioncurrencyid" value="1fc483bd-b46a-ed11-9561-0022489d0994" lookupentity="transactioncurrency" lookupentityname="Danish Krone" />
        <field name="exchangerate" value="1.000000000000" />
        <field name="pricelevelid" value="76f19913-0b77-ed11-81ab-000d3ad9bde0" lookupentity="pricelevel" lookupentityname="DKK - Volvo" />
        <field name="pricingmethodcode" value="1" />
        <field name="productid" value="8bbc6d60-316b-ed11-9561-0022489d0994" lookupentity="product" lookupentityname="International RD" />
        <field name="productpricelevelid" value="5a3ea91c-0b77-ed11-81ab-000d3ad9bde0" />
        <field name="quantitysellingcode" value="1" />
        <field name="uomid" value="19209eb2-f897-488c-8335-2f34136145c0" lookupentity="uom" lookupentityname="Primary Unit" />
        <field name="uomscheduleid" value="15687d7a-decf-427d-b514-9e4d3fa1bd7c" lookupentity="uomschedule" lookupentityname="Default Unit" />
      </record>
      <record id="85d5bf22-0b77-ed11-81ab-000d3ad9bde0">
        <field name="amount" value="375.0000000000" />
        <field name="amount_base" value="375.0000000000" />
        <field name="transactioncurrencyid" value="1fc483bd-b46a-ed11-9561-0022489d0994" lookupentity="transactioncurrency" lookupentityname="Danish Krone" />
        <field name="exchangerate" value="1.000000000000" />
        <field name="pricelevelid" value="76f19913-0b77-ed11-81ab-000d3ad9bde0" lookupentity="pricelevel" lookupentityname="DKK - Volvo" />
        <field name="pricingmethodcode" value="1" />
        <field name="productid" value="5d141d7a-316b-ed11-9561-0022489d0994" lookupentity="product" lookupentityname="National RD" />
        <field name="productpricelevelid" value="85d5bf22-0b77-ed11-81ab-000d3ad9bde0" />
        <field name="quantitysellingcode" value="1" />
        <field name="uomid" value="19209eb2-f897-488c-8335-2f34136145c0" lookupentity="uom" lookupentityname="Primary Unit" />
        <field name="uomscheduleid" value="15687d7a-decf-427d-b514-9e4d3fa1bd7c" lookupentity="uomschedule" lookupentityname="Default Unit" />
      </record>
      <record id="9bc7c029-0b77-ed11-81ab-000d3ad9bde0">
        <field name="amount" value="375.0000000000" />
        <field name="amount_base" value="375.0000000000" />
        <field name="transactioncurrencyid" value="1fc483bd-b46a-ed11-9561-0022489d0994" lookupentity="transactioncurrency" lookupentityname="Danish Krone" />
        <field name="exchangerate" value="1.000000000000" />
        <field name="pricelevelid" value="76f19913-0b77-ed11-81ab-000d3ad9bde0" lookupentity="pricelevel" lookupentityname="DKK - Volvo" />
        <field name="pricingmethodcode" value="1" />
        <field name="productid" value="38f2500b-316b-ed11-9561-0022489d0994" lookupentity="product" lookupentityname="Home Dealer" />
        <field name="productpricelevelid" value="9bc7c029-0b77-ed11-81ab-000d3ad9bde0" />
        <field name="quantitysellingcode" value="1" />
        <field name="uomid" value="19209eb2-f897-488c-8335-2f34136145c0" lookupentity="uom" lookupentityname="Primary Unit" />
        <field name="uomscheduleid" value="15687d7a-decf-427d-b514-9e4d3fa1bd7c" lookupentity="uomschedule" lookupentityname="Default Unit" />
      </record>
      <record id="25be6f43-0b77-ed11-81ab-000d3ad9bde0">
        <field name="amount" value="40990.0000000000" />
        <field name="amount_base" value="40990.0000000000" />
        <field name="transactioncurrencyid" value="edbf8cb0-b46a-ed11-9561-0022489d0994" lookupentity="transactioncurrency" lookupentityname="Hungarian Forint" />
        <field name="exchangerate" value="1.000000000000" />
        <field name="pricelevelid" value="5809a03c-0b77-ed11-81ab-000d3ad9bde0" lookupentity="pricelevel" lookupentityname="HUF - Volvo" />
        <field name="pricingmethodcode" value="1" />
        <field name="productid" value="8bbc6d60-316b-ed11-9561-0022489d0994" lookupentity="product" lookupentityname="International RD" />
        <field name="productpricelevelid" value="25be6f43-0b77-ed11-81ab-000d3ad9bde0" />
        <field name="quantitysellingcode" value="1" />
        <field name="uomid" value="19209eb2-f897-488c-8335-2f34136145c0" lookupentity="uom" lookupentityname="Primary Unit" />
        <field name="uomscheduleid" value="15687d7a-decf-427d-b514-9e4d3fa1bd7c" lookupentity="uomschedule" lookupentityname="Default Unit" />
      </record>
      <record id="4afbe649-0b77-ed11-81ab-000d3ad9bde0">
        <field name="amount" value="20495.0000000000" />
        <field name="amount_base" value="20495.0000000000" />
        <field name="transactioncurrencyid" value="edbf8cb0-b46a-ed11-9561-0022489d0994" lookupentity="transactioncurrency" lookupentityname="Hungarian Forint" />
        <field name="exchangerate" value="1.000000000000" />
        <field name="pricelevelid" value="5809a03c-0b77-ed11-81ab-000d3ad9bde0" lookupentity="pricelevel" lookupentityname="HUF - Volvo" />
        <field name="pricingmethodcode" value="1" />
        <field name="productid" value="5d141d7a-316b-ed11-9561-0022489d0994" lookupentity="product" lookupentityname="National RD" />
        <field name="productpricelevelid" value="4afbe649-0b77-ed11-81ab-000d3ad9bde0" />
        <field name="quantitysellingcode" value="1" />
        <field name="uomid" value="19209eb2-f897-488c-8335-2f34136145c0" lookupentity="uom" lookupentityname="Primary Unit" />
        <field name="uomscheduleid" value="15687d7a-decf-427d-b514-9e4d3fa1bd7c" lookupentity="uomschedule" lookupentityname="Default Unit" />
      </record>
      <record id="4bfbe649-0b77-ed11-81ab-000d3ad9bde0">
        <field name="amount" value="20495.0000000000" />
        <field name="amount_base" value="20495.0000000000" />
        <field name="transactioncurrencyid" value="edbf8cb0-b46a-ed11-9561-0022489d0994" lookupentity="transactioncurrency" lookupentityname="Hungarian Forint" />
        <field name="exchangerate" value="1.000000000000" />
        <field name="pricelevelid" value="5809a03c-0b77-ed11-81ab-000d3ad9bde0" lookupentity="pricelevel" lookupentityname="HUF - Volvo" />
        <field name="pricingmethodcode" value="1" />
        <field name="productid" value="38f2500b-316b-ed11-9561-0022489d0994" lookupentity="product" lookupentityname="Home Dealer" />
        <field name="productpricelevelid" value="4bfbe649-0b77-ed11-81ab-000d3ad9bde0" />
        <field name="quantitysellingcode" value="1" />
        <field name="uomid" value="19209eb2-f897-488c-8335-2f34136145c0" lookupentity="uom" lookupentityname="Primary Unit" />
        <field name="uomscheduleid" value="15687d7a-decf-427d-b514-9e4d3fa1bd7c" lookupentity="uomschedule" lookupentityname="Default Unit" />
      </record>
      <record id="86e9346b-0b77-ed11-81ab-000d3ad9bde0">
        <field name="amount" value="1058.0000000000" />
        <field name="amount_base" value="1058.0000000000" />
        <field name="transactioncurrencyid" value="418a075b-b56a-ed11-9561-0022489d0994" lookupentity="transactioncurrency" lookupentityname="Norwegian Krone" />
        <field name="exchangerate" value="1.000000000000" />
        <field name="pricelevelid" value="c79d3561-0b77-ed11-81ab-000d3ad9bde0" lookupentity="pricelevel" lookupentityname="NOK - Volvo" />
        <field name="pricingmethodcode" value="1" />
        <field name="productid" value="8bbc6d60-316b-ed11-9561-0022489d0994" lookupentity="product" lookupentityname="International RD" />
        <field name="productpricelevelid" value="86e9346b-0b77-ed11-81ab-000d3ad9bde0" />
        <field name="quantitysellingcode" value="1" />
        <field name="uomid" value="19209eb2-f897-488c-8335-2f34136145c0" lookupentity="uom" lookupentityname="Primary Unit" />
        <field name="uomscheduleid" value="15687d7a-decf-427d-b514-9e4d3fa1bd7c" lookupentity="uomschedule" lookupentityname="Default Unit" />
      </record>
      <record id="b5e2ab72-0b77-ed11-81ab-000d3ad9bde0">
        <field name="amount" value="529.0000000000" />
        <field name="amount_base" value="529.0000000000" />
        <field name="transactioncurrencyid" value="418a075b-b56a-ed11-9561-0022489d0994" lookupentity="transactioncurrency" lookupentityname="Norwegian Krone" />
        <field name="exchangerate" value="1.000000000000" />
        <field name="pricelevelid" value="c79d3561-0b77-ed11-81ab-000d3ad9bde0" lookupentity="pricelevel" lookupentityname="NOK - Volvo" />
        <field name="pricingmethodcode" value="1" />
        <field name="productid" value="5d141d7a-316b-ed11-9561-0022489d0994" lookupentity="product" lookupentityname="National RD" />
        <field name="productpricelevelid" value="b5e2ab72-0b77-ed11-81ab-000d3ad9bde0" />
        <field name="quantitysellingcode" value="1" />
        <field name="uomid" value="19209eb2-f897-488c-8335-2f34136145c0" lookupentity="uom" lookupentityname="Primary Unit" />
        <field name="uomscheduleid" value="15687d7a-decf-427d-b514-9e4d3fa1bd7c" lookupentity="uomschedule" lookupentityname="Default Unit" />
      </record>
      <record id="27cf6779-0b77-ed11-81ab-000d3ad9bde0">
        <field name="amount" value="529.0000000000" />
        <field name="amount_base" value="529.0000000000" />
        <field name="transactioncurrencyid" value="418a075b-b56a-ed11-9561-0022489d0994" lookupentity="transactioncurrency" lookupentityname="Norwegian Krone" />
        <field name="exchangerate" value="1.000000000000" />
        <field name="pricelevelid" value="c79d3561-0b77-ed11-81ab-000d3ad9bde0" lookupentity="pricelevel" lookupentityname="NOK - Volvo" />
        <field name="pricingmethodcode" value="1" />
        <field name="productid" value="38f2500b-316b-ed11-9561-0022489d0994" lookupentity="product" lookupentityname="Home Dealer" />
        <field name="productpricelevelid" value="27cf6779-0b77-ed11-81ab-000d3ad9bde0" />
        <field name="quantitysellingcode" value="1" />
        <field name="uomid" value="19209eb2-f897-488c-8335-2f34136145c0" lookupentity="uom" lookupentityname="Primary Unit" />
        <field name="uomscheduleid" value="15687d7a-decf-427d-b514-9e4d3fa1bd7c" lookupentity="uomschedule" lookupentityname="Default Unit" />
      </record>
      <record id="792a6c9a-0b77-ed11-81ab-000d3ad9bde0">
        <field name="amount" value="456.0000000000" />
        <field name="amount_base" value="456.0000000000" />
        <field name="transactioncurrencyid" value="39386bc9-b56a-ed11-9561-0022489d0994" lookupentity="transactioncurrency" lookupentityname="Polish Zloty" />
        <field name="exchangerate" value="1.000000000000" />
        <field name="pricelevelid" value="a9d90b93-0b77-ed11-81ab-000d3ad9bde0" lookupentity="pricelevel" lookupentityname="PLN - Volvo" />
        <field name="pricingmethodcode" value="1" />
        <field name="productid" value="8bbc6d60-316b-ed11-9561-0022489d0994" lookupentity="product" lookupentityname="International RD" />
        <field name="productpricelevelid" value="792a6c9a-0b77-ed11-81ab-000d3ad9bde0" />
        <field name="quantitysellingcode" value="1" />
        <field name="uomid" value="19209eb2-f897-488c-8335-2f34136145c0" lookupentity="uom" lookupentityname="Primary Unit" />
        <field name="uomscheduleid" value="15687d7a-decf-427d-b514-9e4d3fa1bd7c" lookupentity="uomschedule" lookupentityname="Default Unit" />
      </record>
      <record id="d8a296a1-0b77-ed11-81ab-000d3ad9bde0">
        <field name="amount" value="228.0000000000" />
        <field name="amount_base" value="228.0000000000" />
        <field name="transactioncurrencyid" value="39386bc9-b56a-ed11-9561-0022489d0994" lookupentity="transactioncurrency" lookupentityname="Polish Zloty" />
        <field name="exchangerate" value="1.000000000000" />
        <field name="pricelevelid" value="a9d90b93-0b77-ed11-81ab-000d3ad9bde0" lookupentity="pricelevel" lookupentityname="PLN - Volvo" />
        <field name="pricingmethodcode" value="1" />
        <field name="productid" value="5d141d7a-316b-ed11-9561-0022489d0994" lookupentity="product" lookupentityname="National RD" />
        <field name="productpricelevelid" value="d8a296a1-0b77-ed11-81ab-000d3ad9bde0" />
        <field name="quantitysellingcode" value="1" />
        <field name="uomid" value="19209eb2-f897-488c-8335-2f34136145c0" lookupentity="uom" lookupentityname="Primary Unit" />
        <field name="uomscheduleid" value="15687d7a-decf-427d-b514-9e4d3fa1bd7c" lookupentity="uomschedule" lookupentityname="Default Unit" />
      </record>
      <record id="bb32f4a7-0b77-ed11-81ab-000d3ad9bde0">
        <field name="amount" value="228.0000000000" />
        <field name="amount_base" value="228.0000000000" />
        <field name="transactioncurrencyid" value="39386bc9-b56a-ed11-9561-0022489d0994" lookupentity="transactioncurrency" lookupentityname="Polish Zloty" />
        <field name="exchangerate" value="1.000000000000" />
        <field name="pricelevelid" value="a9d90b93-0b77-ed11-81ab-000d3ad9bde0" lookupentity="pricelevel" lookupentityname="PLN - Volvo" />
        <field name="pricingmethodcode" value="1" />
        <field name="productid" value="38f2500b-316b-ed11-9561-0022489d0994" lookupentity="product" lookupentityname="Home Dealer" />
        <field name="productpricelevelid" value="bb32f4a7-0b77-ed11-81ab-000d3ad9bde0" />
        <field name="quantitysellingcode" value="1" />
        <field name="uomid" value="19209eb2-f897-488c-8335-2f34136145c0" lookupentity="uom" lookupentityname="Primary Unit" />
        <field name="uomscheduleid" value="15687d7a-decf-427d-b514-9e4d3fa1bd7c" lookupentity="uomschedule" lookupentityname="Default Unit" />
      </record>
      <record id="be612fc1-0b77-ed11-81ab-000d3ad9bde0">
        <field name="amount" value="85.0000000000" />
        <field name="amount_base" value="85.0000000000" />
        <field name="transactioncurrencyid" value="80b1d7a8-b56a-ed11-9561-0022489d0994" lookupentity="transactioncurrency" lookupentityname="Pound Sterling" />
        <field name="exchangerate" value="1.000000000000" />
        <field name="pricelevelid" value="c1eec3b8-0b77-ed11-81ab-000d3ad9bde0" lookupentity="pricelevel" lookupentityname="GBP Volvo" />
        <field name="pricingmethodcode" value="1" />
        <field name="productid" value="8bbc6d60-316b-ed11-9561-0022489d0994" lookupentity="product" lookupentityname="International RD" />
        <field name="productpricelevelid" value="be612fc1-0b77-ed11-81ab-000d3ad9bde0" />
        <field name="quantitysellingcode" value="1" />
        <field name="uomid" value="19209eb2-f897-488c-8335-2f34136145c0" lookupentity="uom" lookupentityname="Primary Unit" />
        <field name="uomscheduleid" value="15687d7a-decf-427d-b514-9e4d3fa1bd7c" lookupentity="uomschedule" lookupentityname="Default Unit" />
      </record>
      <record id="4da838c7-0b77-ed11-81ab-000d3ad9bde0">
        <field name="amount" value="43.0000000000" />
        <field name="amount_base" value="43.0000000000" />
        <field name="transactioncurrencyid" value="80b1d7a8-b56a-ed11-9561-0022489d0994" lookupentity="transactioncurrency" lookupentityname="Pound Sterling" />
        <field name="exchangerate" value="1.000000000000" />
        <field name="pricelevelid" value="c1eec3b8-0b77-ed11-81ab-000d3ad9bde0" lookupentity="pricelevel" lookupentityname="GBP Volvo" />
        <field name="pricingmethodcode" value="1" />
        <field name="productid" value="5d141d7a-316b-ed11-9561-0022489d0994" lookupentity="product" lookupentityname="National RD" />
        <field name="productpricelevelid" value="4da838c7-0b77-ed11-81ab-000d3ad9bde0" />
        <field name="quantitysellingcode" value="1" />
        <field name="uomid" value="19209eb2-f897-488c-8335-2f34136145c0" lookupentity="uom" lookupentityname="Primary Unit" />
        <field name="uomscheduleid" value="15687d7a-decf-427d-b514-9e4d3fa1bd7c" lookupentity="uomschedule" lookupentityname="Default Unit" />
      </record>
      <record id="94ce97d2-0b77-ed11-81ab-000d3ad9bde0">
        <field name="amount" value="43.0000000000" />
        <field name="amount_base" value="43.0000000000" />
        <field name="transactioncurrencyid" value="80b1d7a8-b56a-ed11-9561-0022489d0994" lookupentity="transactioncurrency" lookupentityname="Pound Sterling" />
        <field name="exchangerate" value="1.000000000000" />
        <field name="pricelevelid" value="c1eec3b8-0b77-ed11-81ab-000d3ad9bde0" lookupentity="pricelevel" lookupentityname="GBP Volvo" />
        <field name="pricingmethodcode" value="1" />
        <field name="productid" value="38f2500b-316b-ed11-9561-0022489d0994" lookupentity="product" lookupentityname="Home Dealer" />
        <field name="productpricelevelid" value="94ce97d2-0b77-ed11-81ab-000d3ad9bde0" />
        <field name="quantitysellingcode" value="1" />
        <field name="uomid" value="19209eb2-f897-488c-8335-2f34136145c0" lookupentity="uom" lookupentityname="Primary Unit" />
        <field name="uomscheduleid" value="15687d7a-decf-427d-b514-9e4d3fa1bd7c" lookupentity="uomschedule" lookupentityname="Default Unit" />
      </record>
      <record id="c4aa29e7-0b77-ed11-81ab-000d3ad9bde0">
        <field name="amount" value="1034.0000000000" />
        <field name="amount_base" value="1034.0000000000" />
        <field name="transactioncurrencyid" value="21955c7e-b56a-ed11-9561-0022489d0994" lookupentity="transactioncurrency" lookupentityname="Swedish Krona" />
        <field name="exchangerate" value="1.000000000000" />
        <field name="pricelevelid" value="73e993e0-0b77-ed11-81ab-000d3ad9bde0" lookupentity="pricelevel" lookupentityname="SEK - Volvo" />
        <field name="pricingmethodcode" value="1" />
        <field name="productid" value="8bbc6d60-316b-ed11-9561-0022489d0994" lookupentity="product" lookupentityname="International RD" />
        <field name="productpricelevelid" value="c4aa29e7-0b77-ed11-81ab-000d3ad9bde0" />
        <field name="quantitysellingcode" value="1" />
        <field name="uomid" value="19209eb2-f897-488c-8335-2f34136145c0" lookupentity="uom" lookupentityname="Primary Unit" />
        <field name="uomscheduleid" value="15687d7a-decf-427d-b514-9e4d3fa1bd7c" lookupentity="uomschedule" lookupentityname="Default Unit" />
      </record>
      <record id="b86de8ee-0b77-ed11-81ab-000d3ad9bde0">
        <field name="amount" value="517.0000000000" />
        <field name="amount_base" value="517.0000000000" />
        <field name="transactioncurrencyid" value="21955c7e-b56a-ed11-9561-0022489d0994" lookupentity="transactioncurrency" lookupentityname="Swedish Krona" />
        <field name="exchangerate" value="1.000000000000" />
        <field name="pricelevelid" value="73e993e0-0b77-ed11-81ab-000d3ad9bde0" lookupentity="pricelevel" lookupentityname="SEK - Volvo" />
        <field name="pricingmethodcode" value="1" />
        <field name="productid" value="5d141d7a-316b-ed11-9561-0022489d0994" lookupentity="product" lookupentityname="National RD" />
        <field name="productpricelevelid" value="b86de8ee-0b77-ed11-81ab-000d3ad9bde0" />
        <field name="quantitysellingcode" value="1" />
        <field name="uomid" value="19209eb2-f897-488c-8335-2f34136145c0" lookupentity="uom" lookupentityname="Primary Unit" />
        <field name="uomscheduleid" value="15687d7a-decf-427d-b514-9e4d3fa1bd7c" lookupentity="uomschedule" lookupentityname="Default Unit" />
      </record>
      <record id="87b599f7-0b77-ed11-81ab-000d3ad9bde0">
        <field name="amount" value="517.0000000000" />
        <field name="amount_base" value="517.0000000000" />
        <field name="transactioncurrencyid" value="21955c7e-b56a-ed11-9561-0022489d0994" lookupentity="transactioncurrency" lookupentityname="Swedish Krona" />
        <field name="exchangerate" value="1.000000000000" />
        <field name="pricelevelid" value="73e993e0-0b77-ed11-81ab-000d3ad9bde0" lookupentity="pricelevel" lookupentityname="SEK - Volvo" />
        <field name="pricingmethodcode" value="1" />
        <field name="productid" value="38f2500b-316b-ed11-9561-0022489d0994" lookupentity="product" lookupentityname="Home Dealer" />
        <field name="productpricelevelid" value="87b599f7-0b77-ed11-81ab-000d3ad9bde0" />
        <field name="quantitysellingcode" value="1" />
        <field name="uomid" value="19209eb2-f897-488c-8335-2f34136145c0" lookupentity="uom" lookupentityname="Primary Unit" />
        <field name="uomscheduleid" value="15687d7a-decf-427d-b514-9e4d3fa1bd7c" lookupentity="uomschedule" lookupentityname="Default Unit" />
      </record>
      <record id="2abf4f13-0c77-ed11-81ab-000d3ad9bde0">
        <field name="amount" value="106.0000000000" />
        <field name="amount_base" value="106.0000000000" />
        <field name="transactioncurrencyid" value="f88c26f1-b56a-ed11-9561-0022489d0994" lookupentity="transactioncurrency" lookupentityname="Swiss Franc" />
        <field name="exchangerate" value="1.000000000000" />
        <field name="pricelevelid" value="f2ce080a-0c77-ed11-81ab-000d3ad9bde0" lookupentity="pricelevel" lookupentityname="CHF - Volvo" />
        <field name="pricingmethodcode" value="1" />
        <field name="productid" value="8bbc6d60-316b-ed11-9561-0022489d0994" lookupentity="product" lookupentityname="International RD" />
        <field name="productpricelevelid" value="2abf4f13-0c77-ed11-81ab-000d3ad9bde0" />
        <field name="quantitysellingcode" value="1" />
        <field name="uomid" value="19209eb2-f897-488c-8335-2f34136145c0" lookupentity="uom" lookupentityname="Primary Unit" />
        <field name="uomscheduleid" value="15687d7a-decf-427d-b514-9e4d3fa1bd7c" lookupentity="uomschedule" lookupentityname="Default Unit" />
      </record>
      <record id="2bbf4f13-0c77-ed11-81ab-000d3ad9bde0">
        <field name="amount" value="53.0000000000" />
        <field name="amount_base" value="53.0000000000" />
        <field name="transactioncurrencyid" value="f88c26f1-b56a-ed11-9561-0022489d0994" lookupentity="transactioncurrency" lookupentityname="Swiss Franc" />
        <field name="exchangerate" value="1.000000000000" />
        <field name="pricelevelid" value="f2ce080a-0c77-ed11-81ab-000d3ad9bde0" lookupentity="pricelevel" lookupentityname="CHF - Volvo" />
        <field name="pricingmethodcode" value="1" />
        <field name="productid" value="5d141d7a-316b-ed11-9561-0022489d0994" lookupentity="product" lookupentityname="National RD" />
        <field name="productpricelevelid" value="2bbf4f13-0c77-ed11-81ab-000d3ad9bde0" />
        <field name="quantitysellingcode" value="1" />
        <field name="uomid" value="19209eb2-f897-488c-8335-2f34136145c0" lookupentity="uom" lookupentityname="Primary Unit" />
        <field name="uomscheduleid" value="15687d7a-decf-427d-b514-9e4d3fa1bd7c" lookupentity="uomschedule" lookupentityname="Default Unit" />
      </record>
      <record id="6446ad1e-0c77-ed11-81ab-000d3ad9bde0">
        <field name="amount" value="53.0000000000" />
        <field name="amount_base" value="53.0000000000" />
        <field name="transactioncurrencyid" value="f88c26f1-b56a-ed11-9561-0022489d0994" lookupentity="transactioncurrency" lookupentityname="Swiss Franc" />
        <field name="exchangerate" value="1.000000000000" />
        <field name="pricelevelid" value="f2ce080a-0c77-ed11-81ab-000d3ad9bde0" lookupentity="pricelevel" lookupentityname="CHF - Volvo" />
        <field name="pricingmethodcode" value="1" />
        <field name="productid" value="38f2500b-316b-ed11-9561-0022489d0994" lookupentity="product" lookupentityname="Home Dealer" />
        <field name="productpricelevelid" value="6446ad1e-0c77-ed11-81ab-000d3ad9bde0" />
        <field name="quantitysellingcode" value="1" />
        <field name="uomid" value="19209eb2-f897-488c-8335-2f34136145c0" lookupentity="uom" lookupentityname="Primary Unit" />
        <field name="uomscheduleid" value="15687d7a-decf-427d-b514-9e4d3fa1bd7c" lookupentity="uomschedule" lookupentityname="Default Unit" />
      </record>
      <record id="f5cdcc12-0e77-ed11-81ab-000d3ad9bde0">
        <field name="amount" value="120.0000000000" />
        <field name="amount_base" value="120.0000000000" />
        <field name="transactioncurrencyid" value="a457f830-732d-ed11-9db1-000d3adb48a2" lookupentity="transactioncurrency" lookupentityname="Euro" />
        <field name="exchangerate" value="1.000000000000" />
        <field name="pricelevelid" value="3fb06d86-0d77-ed11-81ab-000d3ad9bde0" lookupentity="pricelevel" lookupentityname="EUR - Renault" />
        <field name="pricingmethodcode" value="1" />
        <field name="productid" value="8bbc6d60-316b-ed11-9561-0022489d0994" lookupentity="product" lookupentityname="International RD" />
        <field name="productpricelevelid" value="f5cdcc12-0e77-ed11-81ab-000d3ad9bde0" />
        <field name="quantitysellingcode" value="1" />
        <field name="uomid" value="19209eb2-f897-488c-8335-2f34136145c0" lookupentity="uom" lookupentityname="Primary Unit" />
        <field name="uomscheduleid" value="15687d7a-decf-427d-b514-9e4d3fa1bd7c" lookupentity="uomschedule" lookupentityname="Default Unit" />
      </record>
      <record id="f94bf71a-0e77-ed11-81ab-000d3ad9bde0">
        <field name="amount" value="70.0000000000" />
        <field name="amount_base" value="70.0000000000" />
        <field name="transactioncurrencyid" value="a457f830-732d-ed11-9db1-000d3adb48a2" lookupentity="transactioncurrency" lookupentityname="Euro" />
        <field name="exchangerate" value="1.000000000000" />
        <field name="pricelevelid" value="3fb06d86-0d77-ed11-81ab-000d3ad9bde0" lookupentity="pricelevel" lookupentityname="EUR - Renault" />
        <field name="pricingmethodcode" value="1" />
        <field name="productid" value="5d141d7a-316b-ed11-9561-0022489d0994" lookupentity="product" lookupentityname="National RD" />
        <field name="productpricelevelid" value="f94bf71a-0e77-ed11-81ab-000d3ad9bde0" />
        <field name="quantitysellingcode" value="1" />
        <field name="uomid" value="19209eb2-f897-488c-8335-2f34136145c0" lookupentity="uom" lookupentityname="Primary Unit" />
        <field name="uomscheduleid" value="15687d7a-decf-427d-b514-9e4d3fa1bd7c" lookupentity="uomschedule" lookupentityname="Default Unit" />
      </record>
      <record id="5e6afd23-0e77-ed11-81ab-000d3ad9bde0">
        <field name="amount" value="70.0000000000" />
        <field name="amount_base" value="70.0000000000" />
        <field name="transactioncurrencyid" value="a457f830-732d-ed11-9db1-000d3adb48a2" lookupentity="transactioncurrency" lookupentityname="Euro" />
        <field name="exchangerate" value="1.000000000000" />
        <field name="pricelevelid" value="3fb06d86-0d77-ed11-81ab-000d3ad9bde0" lookupentity="pricelevel" lookupentityname="EUR - Renault" />
        <field name="pricingmethodcode" value="1" />
        <field name="productid" value="38f2500b-316b-ed11-9561-0022489d0994" lookupentity="product" lookupentityname="Home Dealer" />
        <field name="productpricelevelid" value="5e6afd23-0e77-ed11-81ab-000d3ad9bde0" />
        <field name="quantitysellingcode" value="1" />
        <field name="uomid" value="19209eb2-f897-488c-8335-2f34136145c0" lookupentity="uom" lookupentityname="Primary Unit" />
        <field name="uomscheduleid" value="15687d7a-decf-427d-b514-9e4d3fa1bd7c" lookupentity="uomschedule" lookupentityname="Default Unit" />
      </record>
      <record id="9d94fa2e-0e77-ed11-81ab-000d3ad9bde0">
        <field name="amount" value="2920.0000000000" />
        <field name="amount_base" value="2920.0000000000" />
        <field name="transactioncurrencyid" value="d9310c97-b46a-ed11-9561-0022489d0994" lookupentity="transactioncurrency" lookupentityname="Czech Koruna" />
        <field name="exchangerate" value="1.000000000000" />
        <field name="pricelevelid" value="26510f9b-0d77-ed11-81ab-000d3ad9bde0" lookupentity="pricelevel" lookupentityname="CZK - Renault" />
        <field name="pricingmethodcode" value="1" />
        <field name="productid" value="8bbc6d60-316b-ed11-9561-0022489d0994" lookupentity="product" lookupentityname="International RD" />
        <field name="productpricelevelid" value="9d94fa2e-0e77-ed11-81ab-000d3ad9bde0" />
        <field name="quantitysellingcode" value="1" />
        <field name="uomid" value="19209eb2-f897-488c-8335-2f34136145c0" lookupentity="uom" lookupentityname="Primary Unit" />
        <field name="uomscheduleid" value="15687d7a-decf-427d-b514-9e4d3fa1bd7c" lookupentity="uomschedule" lookupentityname="Default Unit" />
      </record>
      <record id="f319953a-0e77-ed11-81ab-000d3ad9bde0">
        <field name="amount" value="1703.0000000000" />
        <field name="amount_base" value="1703.0000000000" />
        <field name="transactioncurrencyid" value="d9310c97-b46a-ed11-9561-0022489d0994" lookupentity="transactioncurrency" lookupentityname="Czech Koruna" />
        <field name="exchangerate" value="1.000000000000" />
        <field name="pricelevelid" value="26510f9b-0d77-ed11-81ab-000d3ad9bde0" lookupentity="pricelevel" lookupentityname="CZK - Renault" />
        <field name="pricingmethodcode" value="1" />
        <field name="productid" value="5d141d7a-316b-ed11-9561-0022489d0994" lookupentity="product" lookupentityname="National RD" />
        <field name="productpricelevelid" value="f319953a-0e77-ed11-81ab-000d3ad9bde0" />
        <field name="quantitysellingcode" value="1" />
        <field name="uomid" value="19209eb2-f897-488c-8335-2f34136145c0" lookupentity="uom" lookupentityname="Primary Unit" />
        <field name="uomscheduleid" value="15687d7a-decf-427d-b514-9e4d3fa1bd7c" lookupentity="uomschedule" lookupentityname="Default Unit" />
      </record>
      <record id="77fbfe41-0e77-ed11-81ab-000d3ad9bde0">
        <field name="amount" value="1703.0000000000" />
        <field name="amount_base" value="1703.0000000000" />
        <field name="transactioncurrencyid" value="d9310c97-b46a-ed11-9561-0022489d0994" lookupentity="transactioncurrency" lookupentityname="Czech Koruna" />
        <field name="exchangerate" value="1.000000000000" />
        <field name="pricelevelid" value="26510f9b-0d77-ed11-81ab-000d3ad9bde0" lookupentity="pricelevel" lookupentityname="CZK - Renault" />
        <field name="pricingmethodcode" value="1" />
        <field name="productid" value="38f2500b-316b-ed11-9561-0022489d0994" lookupentity="product" lookupentityname="Home Dealer" />
        <field name="productpricelevelid" value="77fbfe41-0e77-ed11-81ab-000d3ad9bde0" />
        <field name="quantitysellingcode" value="1" />
        <field name="uomid" value="19209eb2-f897-488c-8335-2f34136145c0" lookupentity="uom" lookupentityname="Primary Unit" />
        <field name="uomscheduleid" value="15687d7a-decf-427d-b514-9e4d3fa1bd7c" lookupentity="uomschedule" lookupentityname="Default Unit" />
      </record>
      <record id="261b4257-0e77-ed11-81ab-000d3ad9bde0">
        <field name="amount" value="892.0000000000" />
        <field name="amount_base" value="892.0000000000" />
        <field name="transactioncurrencyid" value="1fc483bd-b46a-ed11-9561-0022489d0994" lookupentity="transactioncurrency" lookupentityname="Danish Krone" />
        <field name="exchangerate" value="1.000000000000" />
        <field name="pricelevelid" value="d00da2a7-0d77-ed11-81ab-000d3ad9bde0" lookupentity="pricelevel" lookupentityname="DKK - Renault" />
        <field name="pricingmethodcode" value="1" />
        <field name="productid" value="8bbc6d60-316b-ed11-9561-0022489d0994" lookupentity="product" lookupentityname="International RD" />
        <field name="productpricelevelid" value="261b4257-0e77-ed11-81ab-000d3ad9bde0" />
        <field name="quantitysellingcode" value="1" />
        <field name="uomid" value="19209eb2-f897-488c-8335-2f34136145c0" lookupentity="uom" lookupentityname="Primary Unit" />
        <field name="uomscheduleid" value="15687d7a-decf-427d-b514-9e4d3fa1bd7c" lookupentity="uomschedule" lookupentityname="Default Unit" />
      </record>
      <record id="b06f565d-0e77-ed11-81ab-000d3ad9bde0">
        <field name="amount" value="521.0000000000" />
        <field name="amount_base" value="521.0000000000" />
        <field name="transactioncurrencyid" value="1fc483bd-b46a-ed11-9561-0022489d0994" lookupentity="transactioncurrency" lookupentityname="Danish Krone" />
        <field name="exchangerate" value="1.000000000000" />
        <field name="pricelevelid" value="d00da2a7-0d77-ed11-81ab-000d3ad9bde0" lookupentity="pricelevel" lookupentityname="DKK - Renault" />
        <field name="pricingmethodcode" value="1" />
        <field name="productid" value="5d141d7a-316b-ed11-9561-0022489d0994" lookupentity="product" lookupentityname="National RD" />
        <field name="productpricelevelid" value="b06f565d-0e77-ed11-81ab-000d3ad9bde0" />
        <field name="quantitysellingcode" value="1" />
        <field name="uomid" value="19209eb2-f897-488c-8335-2f34136145c0" lookupentity="uom" lookupentityname="Primary Unit" />
        <field name="uomscheduleid" value="15687d7a-decf-427d-b514-9e4d3fa1bd7c" lookupentity="uomschedule" lookupentityname="Default Unit" />
      </record>
      <record id="b26f565d-0e77-ed11-81ab-000d3ad9bde0">
        <field name="amount" value="521.0000000000" />
        <field name="amount_base" value="521.0000000000" />
        <field name="transactioncurrencyid" value="1fc483bd-b46a-ed11-9561-0022489d0994" lookupentity="transactioncurrency" lookupentityname="Danish Krone" />
        <field name="exchangerate" value="1.000000000000" />
        <field name="pricelevelid" value="d00da2a7-0d77-ed11-81ab-000d3ad9bde0" lookupentity="pricelevel" lookupentityname="DKK - Renault" />
        <field name="pricingmethodcode" value="1" />
        <field name="productid" value="38f2500b-316b-ed11-9561-0022489d0994" lookupentity="product" lookupentityname="Home Dealer" />
        <field name="productpricelevelid" value="b26f565d-0e77-ed11-81ab-000d3ad9bde0" />
        <field name="quantitysellingcode" value="1" />
        <field name="uomid" value="19209eb2-f897-488c-8335-2f34136145c0" lookupentity="uom" lookupentityname="Primary Unit" />
        <field name="uomscheduleid" value="15687d7a-decf-427d-b514-9e4d3fa1bd7c" lookupentity="uomschedule" lookupentityname="Default Unit" />
      </record>
      <record id="f9851370-0e77-ed11-81ab-000d3ad9bde0">
        <field name="amount" value="48996.0000000000" />
        <field name="amount_base" value="48996.0000000000" />
        <field name="transactioncurrencyid" value="edbf8cb0-b46a-ed11-9561-0022489d0994" lookupentity="transactioncurrency" lookupentityname="Hungarian Forint" />
        <field name="exchangerate" value="1.000000000000" />
        <field name="pricelevelid" value="686ffeb2-0d77-ed11-81ab-000d3ad9bde0" lookupentity="pricelevel" lookupentityname="HUF - Renault" />
        <field name="pricingmethodcode" value="1" />
        <field name="productid" value="8bbc6d60-316b-ed11-9561-0022489d0994" lookupentity="product" lookupentityname="International RD" />
        <field name="productpricelevelid" value="f9851370-0e77-ed11-81ab-000d3ad9bde0" />
        <field name="quantitysellingcode" value="1" />
        <field name="uomid" value="19209eb2-f897-488c-8335-2f34136145c0" lookupentity="uom" lookupentityname="Primary Unit" />
        <field name="uomscheduleid" value="15687d7a-decf-427d-b514-9e4d3fa1bd7c" lookupentity="uomschedule" lookupentityname="Default Unit" />
      </record>
      <record id="d85d3d76-0e77-ed11-81ab-000d3ad9bde0">
        <field name="amount" value="28581.0000000000" />
        <field name="amount_base" value="28581.0000000000" />
        <field name="transactioncurrencyid" value="edbf8cb0-b46a-ed11-9561-0022489d0994" lookupentity="transactioncurrency" lookupentityname="Hungarian Forint" />
        <field name="exchangerate" value="1.000000000000" />
        <field name="pricelevelid" value="686ffeb2-0d77-ed11-81ab-000d3ad9bde0" lookupentity="pricelevel" lookupentityname="HUF - Renault" />
        <field name="pricingmethodcode" value="1" />
        <field name="productid" value="5d141d7a-316b-ed11-9561-0022489d0994" lookupentity="product" lookupentityname="National RD" />
        <field name="productpricelevelid" value="d85d3d76-0e77-ed11-81ab-000d3ad9bde0" />
        <field name="quantitysellingcode" value="1" />
        <field name="uomid" value="19209eb2-f897-488c-8335-2f34136145c0" lookupentity="uom" lookupentityname="Primary Unit" />
        <field name="uomscheduleid" value="15687d7a-decf-427d-b514-9e4d3fa1bd7c" lookupentity="uomschedule" lookupentityname="Default Unit" />
      </record>
      <record id="bfc3567f-0e77-ed11-81ab-000d3ad9bde0">
        <field name="amount" value="28581.0000000000" />
        <field name="amount_base" value="28581.0000000000" />
        <field name="transactioncurrencyid" value="edbf8cb0-b46a-ed11-9561-0022489d0994" lookupentity="transactioncurrency" lookupentityname="Hungarian Forint" />
        <field name="exchangerate" value="1.000000000000" />
        <field name="pricelevelid" value="686ffeb2-0d77-ed11-81ab-000d3ad9bde0" lookupentity="pricelevel" lookupentityname="HUF - Renault" />
        <field name="pricingmethodcode" value="1" />
        <field name="productid" value="38f2500b-316b-ed11-9561-0022489d0994" lookupentity="product" lookupentityname="Home Dealer" />
        <field name="productpricelevelid" value="bfc3567f-0e77-ed11-81ab-000d3ad9bde0" />
        <field name="quantitysellingcode" value="1" />
        <field name="uomid" value="19209eb2-f897-488c-8335-2f34136145c0" lookupentity="uom" lookupentityname="Primary Unit" />
        <field name="uomscheduleid" value="15687d7a-decf-427d-b514-9e4d3fa1bd7c" lookupentity="uomschedule" lookupentityname="Default Unit" />
      </record>
      <record id="916a3b8a-0e77-ed11-81ab-000d3ad9bde0">
        <field name="amount" value="1258.0000000000" />
        <field name="amount_base" value="1258.0000000000" />
        <field name="transactioncurrencyid" value="418a075b-b56a-ed11-9561-0022489d0994" lookupentity="transactioncurrency" lookupentityname="Norwegian Krone" />
        <field name="exchangerate" value="1.000000000000" />
        <field name="pricelevelid" value="0b382ec6-0d77-ed11-81ab-000d3ad9bde0" lookupentity="pricelevel" lookupentityname="NOK - Renault" />
        <field name="pricingmethodcode" value="1" />
        <field name="productid" value="8bbc6d60-316b-ed11-9561-0022489d0994" lookupentity="product" lookupentityname="International RD" />
        <field name="productpricelevelid" value="916a3b8a-0e77-ed11-81ab-000d3ad9bde0" />
        <field name="quantitysellingcode" value="1" />
        <field name="uomid" value="19209eb2-f897-488c-8335-2f34136145c0" lookupentity="uom" lookupentityname="Primary Unit" />
        <field name="uomscheduleid" value="15687d7a-decf-427d-b514-9e4d3fa1bd7c" lookupentity="uomschedule" lookupentityname="Default Unit" />
      </record>
      <record id="d96e5293-0e77-ed11-81ab-000d3ad9bde0">
        <field name="amount" value="734.0000000000" />
        <field name="amount_base" value="734.0000000000" />
        <field name="transactioncurrencyid" value="418a075b-b56a-ed11-9561-0022489d0994" lookupentity="transactioncurrency" lookupentityname="Norwegian Krone" />
        <field name="exchangerate" value="1.000000000000" />
        <field name="pricelevelid" value="0b382ec6-0d77-ed11-81ab-000d3ad9bde0" lookupentity="pricelevel" lookupentityname="NOK - Renault" />
        <field name="pricingmethodcode" value="1" />
        <field name="productid" value="5d141d7a-316b-ed11-9561-0022489d0994" lookupentity="product" lookupentityname="National RD" />
        <field name="productpricelevelid" value="d96e5293-0e77-ed11-81ab-000d3ad9bde0" />
        <field name="quantitysellingcode" value="1" />
        <field name="uomid" value="19209eb2-f897-488c-8335-2f34136145c0" lookupentity="uom" lookupentityname="Primary Unit" />
        <field name="uomscheduleid" value="15687d7a-decf-427d-b514-9e4d3fa1bd7c" lookupentity="uomschedule" lookupentityname="Default Unit" />
      </record>
      <record id="5e306099-0e77-ed11-81ab-000d3ad9bde0">
        <field name="amount" value="734.0000000000" />
        <field name="amount_base" value="734.0000000000" />
        <field name="transactioncurrencyid" value="418a075b-b56a-ed11-9561-0022489d0994" lookupentity="transactioncurrency" lookupentityname="Norwegian Krone" />
        <field name="exchangerate" value="1.000000000000" />
        <field name="pricelevelid" value="0b382ec6-0d77-ed11-81ab-000d3ad9bde0" lookupentity="pricelevel" lookupentityname="NOK - Renault" />
        <field name="pricingmethodcode" value="1" />
        <field name="productid" value="38f2500b-316b-ed11-9561-0022489d0994" lookupentity="product" lookupentityname="Home Dealer" />
        <field name="productpricelevelid" value="5e306099-0e77-ed11-81ab-000d3ad9bde0" />
        <field name="quantitysellingcode" value="1" />
        <field name="uomid" value="19209eb2-f897-488c-8335-2f34136145c0" lookupentity="uom" lookupentityname="Primary Unit" />
        <field name="uomscheduleid" value="15687d7a-decf-427d-b514-9e4d3fa1bd7c" lookupentity="uomschedule" lookupentityname="Default Unit" />
      </record>
      <record id="08c839bc-0e77-ed11-81ab-000d3ad9bde0">
        <field name="amount" value="564.0000000000" />
        <field name="amount_base" value="564.0000000000" />
        <field name="transactioncurrencyid" value="39386bc9-b56a-ed11-9561-0022489d0994" lookupentity="transactioncurrency" lookupentityname="Polish Zloty" />
        <field name="exchangerate" value="1.000000000000" />
        <field name="pricelevelid" value="b1363bd0-0d77-ed11-81ab-000d3ad9bde0" lookupentity="pricelevel" lookupentityname="PLN - Renault" />
        <field name="pricingmethodcode" value="1" />
        <field name="productid" value="8bbc6d60-316b-ed11-9561-0022489d0994" lookupentity="product" lookupentityname="International RD" />
        <field name="productpricelevelid" value="08c839bc-0e77-ed11-81ab-000d3ad9bde0" />
        <field name="quantitysellingcode" value="1" />
        <field name="uomid" value="19209eb2-f897-488c-8335-2f34136145c0" lookupentity="uom" lookupentityname="Primary Unit" />
        <field name="uomscheduleid" value="15687d7a-decf-427d-b514-9e4d3fa1bd7c" lookupentity="uomschedule" lookupentityname="Default Unit" />
      </record>
      <record id="081ef0c3-0e77-ed11-81ab-000d3ad9bde0">
        <field name="amount" value="330.0000000000" />
        <field name="amount_base" value="330.0000000000" />
        <field name="transactioncurrencyid" value="39386bc9-b56a-ed11-9561-0022489d0994" lookupentity="transactioncurrency" lookupentityname="Polish Zloty" />
        <field name="exchangerate" value="1.000000000000" />
        <field name="pricelevelid" value="b1363bd0-0d77-ed11-81ab-000d3ad9bde0" lookupentity="pricelevel" lookupentityname="PLN - Renault" />
        <field name="pricingmethodcode" value="1" />
        <field name="productid" value="5d141d7a-316b-ed11-9561-0022489d0994" lookupentity="product" lookupentityname="National RD" />
        <field name="productpricelevelid" value="081ef0c3-0e77-ed11-81ab-000d3ad9bde0" />
        <field name="quantitysellingcode" value="1" />
        <field name="uomid" value="19209eb2-f897-488c-8335-2f34136145c0" lookupentity="uom" lookupentityname="Primary Unit" />
        <field name="uomscheduleid" value="15687d7a-decf-427d-b514-9e4d3fa1bd7c" lookupentity="uomschedule" lookupentityname="Default Unit" />
      </record>
      <record id="6ceae9ca-0e77-ed11-81ab-000d3ad9bde0">
        <field name="amount" value="330.0000000000" />
        <field name="amount_base" value="330.0000000000" />
        <field name="transactioncurrencyid" value="39386bc9-b56a-ed11-9561-0022489d0994" lookupentity="transactioncurrency" lookupentityname="Polish Zloty" />
        <field name="exchangerate" value="1.000000000000" />
        <field name="pricelevelid" value="b1363bd0-0d77-ed11-81ab-000d3ad9bde0" lookupentity="pricelevel" lookupentityname="PLN - Renault" />
        <field name="pricingmethodcode" value="1" />
        <field name="productid" value="38f2500b-316b-ed11-9561-0022489d0994" lookupentity="product" lookupentityname="Home Dealer" />
        <field name="productpricelevelid" value="6ceae9ca-0e77-ed11-81ab-000d3ad9bde0" />
        <field name="quantitysellingcode" value="1" />
        <field name="uomid" value="19209eb2-f897-488c-8335-2f34136145c0" lookupentity="uom" lookupentityname="Primary Unit" />
        <field name="uomscheduleid" value="15687d7a-decf-427d-b514-9e4d3fa1bd7c" lookupentity="uomschedule" lookupentityname="Default Unit" />
      </record>
      <record id="1137a1e3-0e77-ed11-81ab-000d3ad9bde0">
        <field name="amount" value="104.0000000000" />
        <field name="amount_base" value="104.0000000000" />
        <field name="transactioncurrencyid" value="80b1d7a8-b56a-ed11-9561-0022489d0994" lookupentity="transactioncurrency" lookupentityname="Pound Sterling" />
        <field name="exchangerate" value="1.000000000000" />
        <field name="pricelevelid" value="2e15fcda-0d77-ed11-81ab-000d3ad9bde0" lookupentity="pricelevel" lookupentityname="GBP - Renault" />
        <field name="pricingmethodcode" value="1" />
        <field name="productid" value="8bbc6d60-316b-ed11-9561-0022489d0994" lookupentity="product" lookupentityname="International RD" />
        <field name="productpricelevelid" value="1137a1e3-0e77-ed11-81ab-000d3ad9bde0" />
        <field name="quantitysellingcode" value="1" />
        <field name="uomid" value="19209eb2-f897-488c-8335-2f34136145c0" lookupentity="uom" lookupentityname="Primary Unit" />
        <field name="uomscheduleid" value="15687d7a-decf-427d-b514-9e4d3fa1bd7c" lookupentity="uomschedule" lookupentityname="Default Unit" />
      </record>
      <record id="fb6ce3e9-0e77-ed11-81ab-000d3ad9bde0">
        <field name="amount" value="61.0000000000" />
        <field name="amount_base" value="61.0000000000" />
        <field name="transactioncurrencyid" value="80b1d7a8-b56a-ed11-9561-0022489d0994" lookupentity="transactioncurrency" lookupentityname="Pound Sterling" />
        <field name="exchangerate" value="1.000000000000" />
        <field name="pricelevelid" value="2e15fcda-0d77-ed11-81ab-000d3ad9bde0" lookupentity="pricelevel" lookupentityname="GBP - Renault" />
        <field name="pricingmethodcode" value="1" />
        <field name="productid" value="5d141d7a-316b-ed11-9561-0022489d0994" lookupentity="product" lookupentityname="National RD" />
        <field name="productpricelevelid" value="fb6ce3e9-0e77-ed11-81ab-000d3ad9bde0" />
        <field name="quantitysellingcode" value="1" />
        <field name="uomid" value="19209eb2-f897-488c-8335-2f34136145c0" lookupentity="uom" lookupentityname="Primary Unit" />
        <field name="uomscheduleid" value="15687d7a-decf-427d-b514-9e4d3fa1bd7c" lookupentity="uomschedule" lookupentityname="Default Unit" />
      </record>
      <record id="fc6ce3e9-0e77-ed11-81ab-000d3ad9bde0">
        <field name="amount" value="61.0000000000" />
        <field name="amount_base" value="61.0000000000" />
        <field name="transactioncurrencyid" value="80b1d7a8-b56a-ed11-9561-0022489d0994" lookupentity="transactioncurrency" lookupentityname="Pound Sterling" />
        <field name="exchangerate" value="1.000000000000" />
        <field name="pricelevelid" value="2e15fcda-0d77-ed11-81ab-000d3ad9bde0" lookupentity="pricelevel" lookupentityname="GBP - Renault" />
        <field name="pricingmethodcode" value="1" />
        <field name="productid" value="38f2500b-316b-ed11-9561-0022489d0994" lookupentity="product" lookupentityname="Home Dealer" />
        <field name="productpricelevelid" value="fc6ce3e9-0e77-ed11-81ab-000d3ad9bde0" />
        <field name="quantitysellingcode" value="1" />
        <field name="uomid" value="19209eb2-f897-488c-8335-2f34136145c0" lookupentity="uom" lookupentityname="Primary Unit" />
        <field name="uomscheduleid" value="15687d7a-decf-427d-b514-9e4d3fa1bd7c" lookupentity="uomschedule" lookupentityname="Default Unit" />
      </record>
      <record id="7f3bd6fc-0e77-ed11-81ab-000d3ad9bde0">
        <field name="amount" value="1316.0000000000" />
        <field name="amount_base" value="1316.0000000000" />
        <field name="transactioncurrencyid" value="21955c7e-b56a-ed11-9561-0022489d0994" lookupentity="transactioncurrency" lookupentityname="Swedish Krona" />
        <field name="exchangerate" value="1.000000000000" />
        <field name="pricelevelid" value="54fbedea-0d77-ed11-81ab-000d3ad9bde0" lookupentity="pricelevel" lookupentityname="SEK - Renault" />
        <field name="pricingmethodcode" value="1" />
        <field name="productid" value="8bbc6d60-316b-ed11-9561-0022489d0994" lookupentity="product" lookupentityname="International RD" />
        <field name="productpricelevelid" value="7f3bd6fc-0e77-ed11-81ab-000d3ad9bde0" />
        <field name="quantitysellingcode" value="1" />
        <field name="uomid" value="19209eb2-f897-488c-8335-2f34136145c0" lookupentity="uom" lookupentityname="Primary Unit" />
        <field name="uomscheduleid" value="15687d7a-decf-427d-b514-9e4d3fa1bd7c" lookupentity="uomschedule" lookupentityname="Default Unit" />
      </record>
      <record id="ba2afc04-0f77-ed11-81ab-000d3ad9bde0">
        <field name="amount" value="768.0000000000" />
        <field name="amount_base" value="768.0000000000" />
        <field name="transactioncurrencyid" value="21955c7e-b56a-ed11-9561-0022489d0994" lookupentity="transactioncurrency" lookupentityname="Swedish Krona" />
        <field name="exchangerate" value="1.000000000000" />
        <field name="pricelevelid" value="54fbedea-0d77-ed11-81ab-000d3ad9bde0" lookupentity="pricelevel" lookupentityname="SEK - Renault" />
        <field name="pricingmethodcode" value="1" />
        <field name="productid" value="5d141d7a-316b-ed11-9561-0022489d0994" lookupentity="product" lookupentityname="National RD" />
        <field name="productpricelevelid" value="ba2afc04-0f77-ed11-81ab-000d3ad9bde0" />
        <field name="quantitysellingcode" value="1" />
        <field name="uomid" value="19209eb2-f897-488c-8335-2f34136145c0" lookupentity="uom" lookupentityname="Primary Unit" />
        <field name="uomscheduleid" value="15687d7a-decf-427d-b514-9e4d3fa1bd7c" lookupentity="uomschedule" lookupentityname="Default Unit" />
      </record>
      <record id="bb2afc04-0f77-ed11-81ab-000d3ad9bde0">
        <field name="amount" value="768.0000000000" />
        <field name="amount_base" value="768.0000000000" />
        <field name="transactioncurrencyid" value="21955c7e-b56a-ed11-9561-0022489d0994" lookupentity="transactioncurrency" lookupentityname="Swedish Krona" />
        <field name="exchangerate" value="1.000000000000" />
        <field name="pricelevelid" value="54fbedea-0d77-ed11-81ab-000d3ad9bde0" lookupentity="pricelevel" lookupentityname="SEK - Renault" />
        <field name="pricingmethodcode" value="1" />
        <field name="productid" value="38f2500b-316b-ed11-9561-0022489d0994" lookupentity="product" lookupentityname="Home Dealer" />
        <field name="productpricelevelid" value="bb2afc04-0f77-ed11-81ab-000d3ad9bde0" />
        <field name="quantitysellingcode" value="1" />
        <field name="uomid" value="19209eb2-f897-488c-8335-2f34136145c0" lookupentity="uom" lookupentityname="Primary Unit" />
        <field name="uomscheduleid" value="15687d7a-decf-427d-b514-9e4d3fa1bd7c" lookupentity="uomschedule" lookupentityname="Default Unit" />
      </record>
      <record id="5d10b813-0f77-ed11-81ab-000d3ad9bde0">
        <field name="amount" value="118.0000000000" />
        <field name="amount_base" value="118.0000000000" />
        <field name="transactioncurrencyid" value="f88c26f1-b56a-ed11-9561-0022489d0994" lookupentity="transactioncurrency" lookupentityname="Swiss Franc" />
        <field name="exchangerate" value="1.000000000000" />
        <field name="pricelevelid" value="f32f29f2-0d77-ed11-81ab-000d3ad9bde0" lookupentity="pricelevel" lookupentityname="CHF - Renault" />
        <field name="pricingmethodcode" value="1" />
        <field name="productid" value="8bbc6d60-316b-ed11-9561-0022489d0994" lookupentity="product" lookupentityname="International RD" />
        <field name="productpricelevelid" value="5d10b813-0f77-ed11-81ab-000d3ad9bde0" />
        <field name="quantitysellingcode" value="1" />
        <field name="uomid" value="19209eb2-f897-488c-8335-2f34136145c0" lookupentity="uom" lookupentityname="Primary Unit" />
        <field name="uomscheduleid" value="15687d7a-decf-427d-b514-9e4d3fa1bd7c" lookupentity="uomschedule" lookupentityname="Default Unit" />
      </record>
      <record id="2234911c-0f77-ed11-81ab-000d3ad9bde0">
        <field name="amount" value="69.0000000000" />
        <field name="amount_base" value="69.0000000000" />
        <field name="transactioncurrencyid" value="f88c26f1-b56a-ed11-9561-0022489d0994" lookupentity="transactioncurrency" lookupentityname="Swiss Franc" />
        <field name="exchangerate" value="1.000000000000" />
        <field name="pricelevelid" value="f32f29f2-0d77-ed11-81ab-000d3ad9bde0" lookupentity="pricelevel" lookupentityname="CHF - Renault" />
        <field name="pricingmethodcode" value="1" />
        <field name="productid" value="5d141d7a-316b-ed11-9561-0022489d0994" lookupentity="product" lookupentityname="National RD" />
        <field name="productpricelevelid" value="2234911c-0f77-ed11-81ab-000d3ad9bde0" />
        <field name="quantitysellingcode" value="1" />
        <field name="uomid" value="19209eb2-f897-488c-8335-2f34136145c0" lookupentity="uom" lookupentityname="Primary Unit" />
        <field name="uomscheduleid" value="15687d7a-decf-427d-b514-9e4d3fa1bd7c" lookupentity="uomschedule" lookupentityname="Default Unit" />
      </record>
      <record id="2334911c-0f77-ed11-81ab-000d3ad9bde0">
        <field name="amount" value="69.0000000000" />
        <field name="amount_base" value="69.0000000000" />
        <field name="transactioncurrencyid" value="f88c26f1-b56a-ed11-9561-0022489d0994" lookupentity="transactioncurrency" lookupentityname="Swiss Franc" />
        <field name="exchangerate" value="1.000000000000" />
        <field name="pricelevelid" value="f32f29f2-0d77-ed11-81ab-000d3ad9bde0" lookupentity="pricelevel" lookupentityname="CHF - Renault" />
        <field name="pricingmethodcode" value="1" />
        <field name="productid" value="38f2500b-316b-ed11-9561-0022489d0994" lookupentity="product" lookupentityname="Home Dealer" />
        <field name="productpricelevelid" value="2334911c-0f77-ed11-81ab-000d3ad9bde0" />
        <field name="quantitysellingcode" value="1" />
        <field name="uomid" value="19209eb2-f897-488c-8335-2f34136145c0" lookupentity="uom" lookupentityname="Primary Unit" />
        <field name="uomscheduleid" value="15687d7a-decf-427d-b514-9e4d3fa1bd7c" lookupentity="uomschedule" lookupentityname="Default Unit" />
      </record>
      <record id="2a9342a0-498b-ed11-81ad-000d3adf4820">
        <field name="amount" value="0.0000000000" />
        <field name="amount_base" value="0.0000000000" />
        <field name="transactioncurrencyid" value="b80d668a-b46a-ed11-9561-0022489d0994" lookupentity="transactioncurrency" lookupentityname="Australian Dollar" />
        <field name="exchangerate" value="1.000000000000" />
        <field name="pricelevelid" value="40d7b700-0e77-ed11-81ab-000d3ad9bde0" lookupentity="pricelevel" lookupentityname="AUD - Renault" />
        <field name="pricingmethodcode" value="1" />
        <field name="productid" value="38f2500b-316b-ed11-9561-0022489d0994" lookupentity="product" lookupentityname="Home Dealer" />
        <field name="productpricelevelid" value="2a9342a0-498b-ed11-81ad-000d3adf4820" />
        <field name="quantitysellingcode" value="1" />
        <field name="uomid" value="19209eb2-f897-488c-8335-2f34136145c0" lookupentity="uom" lookupentityname="Primary Unit" />
        <field name="uomscheduleid" value="15687d7a-decf-427d-b514-9e4d3fa1bd7c" lookupentity="uomschedule" lookupentityname="Default Unit" />
      </record>
      <record id="1bbd2562-4a8b-ed11-81ad-000d3adf4820">
        <field name="amount" value="0.0000000000" />
        <field name="amount_base" value="0.0000000000" />
        <field name="transactioncurrencyid" value="b80d668a-b46a-ed11-9561-0022489d0994" lookupentity="transactioncurrency" lookupentityname="Australian Dollar" />
        <field name="exchangerate" value="1.000000000000" />
        <field name="pricelevelid" value="40d7b700-0e77-ed11-81ab-000d3ad9bde0" lookupentity="pricelevel" lookupentityname="AUD - Renault" />
        <field name="pricingmethodcode" value="1" />
        <field name="productid" value="8bbc6d60-316b-ed11-9561-0022489d0994" lookupentity="product" lookupentityname="International RD" />
        <field name="productpricelevelid" value="1bbd2562-4a8b-ed11-81ad-000d3adf4820" />
        <field name="quantitysellingcode" value="1" />
        <field name="uomid" value="19209eb2-f897-488c-8335-2f34136145c0" lookupentity="uom" lookupentityname="Primary Unit" />
        <field name="uomscheduleid" value="15687d7a-decf-427d-b514-9e4d3fa1bd7c" lookupentity="uomschedule" lookupentityname="Default Unit" />
      </record>
      <record id="0b693f68-4a8b-ed11-81ad-000d3adf4820">
        <field name="amount" value="0.0000000000" />
        <field name="amount_base" value="0.0000000000" />
        <field name="transactioncurrencyid" value="b80d668a-b46a-ed11-9561-0022489d0994" lookupentity="transactioncurrency" lookupentityname="Australian Dollar" />
        <field name="exchangerate" value="1.000000000000" />
        <field name="pricelevelid" value="40d7b700-0e77-ed11-81ab-000d3ad9bde0" lookupentity="pricelevel" lookupentityname="AUD - Renault" />
        <field name="pricingmethodcode" value="1" />
        <field name="productid" value="5d141d7a-316b-ed11-9561-0022489d0994" lookupentity="product" lookupentityname="National RD" />
        <field name="productpricelevelid" value="0b693f68-4a8b-ed11-81ad-000d3adf4820" />
        <field name="quantitysellingcode" value="1" />
        <field name="uomid" value="19209eb2-f897-488c-8335-2f34136145c0" lookupentity="uom" lookupentityname="Primary Unit" />
        <field name="uomscheduleid" value="15687d7a-decf-427d-b514-9e4d3fa1bd7c" lookupentity="uomschedule" lookupentityname="Default Unit" />
      </record>
      <record id="15bf1778-4a8b-ed11-81ad-000d3adf4820">
        <field name="amount" value="0.0000000000" />
        <field name="amount_base" value="0.0000000000" />
        <field name="transactioncurrencyid" value="b80d668a-b46a-ed11-9561-0022489d0994" lookupentity="transactioncurrency" lookupentityname="Australian Dollar" />
        <field name="exchangerate" value="1.000000000000" />
        <field name="pricelevelid" value="4da39138-0c77-ed11-81ab-000d3ad9bde0" lookupentity="pricelevel" lookupentityname="AUD - Volvo" />
        <field name="pricingmethodcode" value="1" />
        <field name="productid" value="38f2500b-316b-ed11-9561-0022489d0994" lookupentity="product" lookupentityname="Home Dealer" />
        <field name="productpricelevelid" value="15bf1778-4a8b-ed11-81ad-000d3adf4820" />
        <field name="quantitysellingcode" value="1" />
        <field name="uomid" value="19209eb2-f897-488c-8335-2f34136145c0" lookupentity="uom" lookupentityname="Primary Unit" />
        <field name="uomscheduleid" value="15687d7a-decf-427d-b514-9e4d3fa1bd7c" lookupentity="uomschedule" lookupentityname="Default Unit" />
      </record>
      <record id="337f1e7e-4a8b-ed11-81ad-000d3adf4820">
        <field name="amount" value="0.0000000000" />
        <field name="amount_base" value="0.0000000000" />
        <field name="transactioncurrencyid" value="b80d668a-b46a-ed11-9561-0022489d0994" lookupentity="transactioncurrency" lookupentityname="Australian Dollar" />
        <field name="exchangerate" value="1.000000000000" />
        <field name="pricelevelid" value="4da39138-0c77-ed11-81ab-000d3ad9bde0" lookupentity="pricelevel" lookupentityname="AUD - Volvo" />
        <field name="pricingmethodcode" value="1" />
        <field name="productid" value="8bbc6d60-316b-ed11-9561-0022489d0994" lookupentity="product" lookupentityname="International RD" />
        <field name="productpricelevelid" value="337f1e7e-4a8b-ed11-81ad-000d3adf4820" />
        <field name="quantitysellingcode" value="1" />
        <field name="uomid" value="19209eb2-f897-488c-8335-2f34136145c0" lookupentity="uom" lookupentityname="Primary Unit" />
        <field name="uomscheduleid" value="15687d7a-decf-427d-b514-9e4d3fa1bd7c" lookupentity="uomschedule" lookupentityname="Default Unit" />
      </record>
      <record id="347f1e7e-4a8b-ed11-81ad-000d3adf4820">
        <field name="amount" value="0.0000000000" />
        <field name="amount_base" value="0.0000000000" />
        <field name="transactioncurrencyid" value="b80d668a-b46a-ed11-9561-0022489d0994" lookupentity="transactioncurrency" lookupentityname="Australian Dollar" />
        <field name="exchangerate" value="1.000000000000" />
        <field name="pricelevelid" value="4da39138-0c77-ed11-81ab-000d3ad9bde0" lookupentity="pricelevel" lookupentityname="AUD - Volvo" />
        <field name="pricingmethodcode" value="1" />
        <field name="productid" value="5d141d7a-316b-ed11-9561-0022489d0994" lookupentity="product" lookupentityname="National RD" />
        <field name="productpricelevelid" value="347f1e7e-4a8b-ed11-81ad-000d3adf4820" />
        <field name="quantitysellingcode" value="1" />
        <field name="uomid" value="19209eb2-f897-488c-8335-2f34136145c0" lookupentity="uom" lookupentityname="Primary Unit" />
        <field name="uomscheduleid" value="15687d7a-decf-427d-b514-9e4d3fa1bd7c" lookupentity="uomschedule" lookupentityname="Default Unit" />
      </record>
      <record id="1f99faa1-4a8b-ed11-81ad-000d3adf4820">
        <field name="amount" value="0.0000000000" />
        <field name="amount_base" value="0.0000000000" />
        <field name="transactioncurrencyid" value="a0207f79-d06b-ed11-9561-000d3ad9bde0" lookupentity="transactioncurrency" lookupentityname="US Dollar" />
        <field name="exchangerate" value="1.000000000000" />
        <field name="pricelevelid" value="4435e20a-0e77-ed11-81ab-000d3ad9bde0" lookupentity="pricelevel" lookupentityname="USD - Renault" />
        <field name="pricingmethodcode" value="1" />
        <field name="productid" value="38f2500b-316b-ed11-9561-0022489d0994" lookupentity="product" lookupentityname="Home Dealer" />
        <field name="productpricelevelid" value="1f99faa1-4a8b-ed11-81ad-000d3adf4820" />
        <field name="quantitysellingcode" value="1" />
        <field name="uomid" value="19209eb2-f897-488c-8335-2f34136145c0" lookupentity="uom" lookupentityname="Primary Unit" />
        <field name="uomscheduleid" value="15687d7a-decf-427d-b514-9e4d3fa1bd7c" lookupentity="uomschedule" lookupentityname="Default Unit" />
      </record>
      <record id="93dff5a9-4a8b-ed11-81ad-000d3adf4820">
        <field name="amount" value="0.0000000000" />
        <field name="amount_base" value="0.0000000000" />
        <field name="transactioncurrencyid" value="a0207f79-d06b-ed11-9561-000d3ad9bde0" lookupentity="transactioncurrency" lookupentityname="US Dollar" />
        <field name="exchangerate" value="1.000000000000" />
        <field name="pricelevelid" value="4435e20a-0e77-ed11-81ab-000d3ad9bde0" lookupentity="pricelevel" lookupentityname="USD - Renault" />
        <field name="pricingmethodcode" value="1" />
        <field name="productid" value="8bbc6d60-316b-ed11-9561-0022489d0994" lookupentity="product" lookupentityname="International RD" />
        <field name="productpricelevelid" value="93dff5a9-4a8b-ed11-81ad-000d3adf4820" />
        <field name="quantitysellingcode" value="1" />
        <field name="uomid" value="19209eb2-f897-488c-8335-2f34136145c0" lookupentity="uom" lookupentityname="Primary Unit" />
        <field name="uomscheduleid" value="15687d7a-decf-427d-b514-9e4d3fa1bd7c" lookupentity="uomschedule" lookupentityname="Default Unit" />
      </record>
      <record id="94dff5a9-4a8b-ed11-81ad-000d3adf4820">
        <field name="amount" value="0.0000000000" />
        <field name="amount_base" value="0.0000000000" />
        <field name="transactioncurrencyid" value="a0207f79-d06b-ed11-9561-000d3ad9bde0" lookupentity="transactioncurrency" lookupentityname="US Dollar" />
        <field name="exchangerate" value="1.000000000000" />
        <field name="pricelevelid" value="4435e20a-0e77-ed11-81ab-000d3ad9bde0" lookupentity="pricelevel" lookupentityname="USD - Renault" />
        <field name="pricingmethodcode" value="1" />
        <field name="productid" value="5d141d7a-316b-ed11-9561-0022489d0994" lookupentity="product" lookupentityname="National RD" />
        <field name="productpricelevelid" value="94dff5a9-4a8b-ed11-81ad-000d3adf4820" />
        <field name="quantitysellingcode" value="1" />
        <field name="uomid" value="19209eb2-f897-488c-8335-2f34136145c0" lookupentity="uom" lookupentityname="Primary Unit" />
        <field name="uomscheduleid" value="15687d7a-decf-427d-b514-9e4d3fa1bd7c" lookupentity="uomschedule" lookupentityname="Default Unit" />
      </record>
      <record id="92792cb5-4a8b-ed11-81ad-000d3adf4820">
        <field name="amount" value="0.0000000000" />
        <field name="amount_base" value="0.0000000000" />
        <field name="transactioncurrencyid" value="a0207f79-d06b-ed11-9561-000d3ad9bde0" lookupentity="transactioncurrency" lookupentityname="US Dollar" />
        <field name="exchangerate" value="1.000000000000" />
        <field name="pricelevelid" value="c266fd49-0c77-ed11-81ab-000d3ad9bde0" lookupentity="pricelevel" lookupentityname="USD - Volvo" />
        <field name="pricingmethodcode" value="1" />
        <field name="productid" value="38f2500b-316b-ed11-9561-0022489d0994" lookupentity="product" lookupentityname="Home Dealer" />
        <field name="productpricelevelid" value="92792cb5-4a8b-ed11-81ad-000d3adf4820" />
        <field name="quantitysellingcode" value="1" />
        <field name="uomid" value="19209eb2-f897-488c-8335-2f34136145c0" lookupentity="uom" lookupentityname="Primary Unit" />
        <field name="uomscheduleid" value="15687d7a-decf-427d-b514-9e4d3fa1bd7c" lookupentity="uomschedule" lookupentityname="Default Unit" />
      </record>
      <record id="33488bbb-4a8b-ed11-81ad-000d3adf4820">
        <field name="amount" value="0.0000000000" />
        <field name="amount_base" value="0.0000000000" />
        <field name="transactioncurrencyid" value="a0207f79-d06b-ed11-9561-000d3ad9bde0" lookupentity="transactioncurrency" lookupentityname="US Dollar" />
        <field name="exchangerate" value="1.000000000000" />
        <field name="pricelevelid" value="c266fd49-0c77-ed11-81ab-000d3ad9bde0" lookupentity="pricelevel" lookupentityname="USD - Volvo" />
        <field name="pricingmethodcode" value="1" />
        <field name="productid" value="8bbc6d60-316b-ed11-9561-0022489d0994" lookupentity="product" lookupentityname="International RD" />
        <field name="productpricelevelid" value="33488bbb-4a8b-ed11-81ad-000d3adf4820" />
        <field name="quantitysellingcode" value="1" />
        <field name="uomid" value="19209eb2-f897-488c-8335-2f34136145c0" lookupentity="uom" lookupentityname="Primary Unit" />
        <field name="uomscheduleid" value="15687d7a-decf-427d-b514-9e4d3fa1bd7c" lookupentity="uomschedule" lookupentityname="Default Unit" />
      </record>
      <record id="34488bbb-4a8b-ed11-81ad-000d3adf4820">
        <field name="amount" value="0.0000000000" />
        <field name="amount_base" value="0.0000000000" />
        <field name="transactioncurrencyid" value="a0207f79-d06b-ed11-9561-000d3ad9bde0" lookupentity="transactioncurrency" lookupentityname="US Dollar" />
        <field name="exchangerate" value="1.000000000000" />
        <field name="pricelevelid" value="c266fd49-0c77-ed11-81ab-000d3ad9bde0" lookupentity="pricelevel" lookupentityname="USD - Volvo" />
        <field name="pricingmethodcode" value="1" />
        <field name="productid" value="5d141d7a-316b-ed11-9561-0022489d0994" lookupentity="product" lookupentityname="National RD" />
        <field name="productpricelevelid" value="34488bbb-4a8b-ed11-81ad-000d3adf4820" />
        <field name="quantitysellingcode" value="1" />
        <field name="uomid" value="19209eb2-f897-488c-8335-2f34136145c0" lookupentity="uom" lookupentityname="Primary Unit" />
        <field name="uomscheduleid" value="15687d7a-decf-427d-b514-9e4d3fa1bd7c" lookupentity="uomschedule" lookupentityname="Default Unit" />
      </record>
      <record id="e24c15e6-4a8b-ed11-81ad-000d3adf4820">
        <field name="amount" value="0.0000000000" />
        <field name="amount_base" value="0.0000000000" />
        <field name="transactioncurrencyid" value="743b32de-b56a-ed11-9561-0022489d0994" lookupentity="transactioncurrency" lookupentityname="South African Rand" />
        <field name="exchangerate" value="1.000000000000" />
        <field name="pricelevelid" value="b0d5ede2-0d77-ed11-81ab-000d3ad9bde0" lookupentity="pricelevel" lookupentityname="ZAR - Renault" />
        <field name="pricingmethodcode" value="1" />
        <field name="productid" value="38f2500b-316b-ed11-9561-0022489d0994" lookupentity="product" lookupentityname="Home Dealer" />
        <field name="productpricelevelid" value="e24c15e6-4a8b-ed11-81ad-000d3adf4820" />
        <field name="quantitysellingcode" value="1" />
        <field name="uomid" value="19209eb2-f897-488c-8335-2f34136145c0" lookupentity="uom" lookupentityname="Primary Unit" />
        <field name="uomscheduleid" value="15687d7a-decf-427d-b514-9e4d3fa1bd7c" lookupentity="uomschedule" lookupentityname="Default Unit" />
      </record>
      <record id="e34c15e6-4a8b-ed11-81ad-000d3adf4820">
        <field name="amount" value="0.0000000000" />
        <field name="amount_base" value="0.0000000000" />
        <field name="transactioncurrencyid" value="743b32de-b56a-ed11-9561-0022489d0994" lookupentity="transactioncurrency" lookupentityname="South African Rand" />
        <field name="exchangerate" value="1.000000000000" />
        <field name="pricelevelid" value="b0d5ede2-0d77-ed11-81ab-000d3ad9bde0" lookupentity="pricelevel" lookupentityname="ZAR - Renault" />
        <field name="pricingmethodcode" value="1" />
        <field name="productid" value="8bbc6d60-316b-ed11-9561-0022489d0994" lookupentity="product" lookupentityname="International RD" />
        <field name="productpricelevelid" value="e34c15e6-4a8b-ed11-81ad-000d3adf4820" />
        <field name="quantitysellingcode" value="1" />
        <field name="uomid" value="19209eb2-f897-488c-8335-2f34136145c0" lookupentity="uom" lookupentityname="Primary Unit" />
        <field name="uomscheduleid" value="15687d7a-decf-427d-b514-9e4d3fa1bd7c" lookupentity="uomschedule" lookupentityname="Default Unit" />
      </record>
      <record id="a86e47f1-4a8b-ed11-81ad-000d3adf4820">
        <field name="amount" value="0.0000000000" />
        <field name="amount_base" value="0.0000000000" />
        <field name="transactioncurrencyid" value="743b32de-b56a-ed11-9561-0022489d0994" lookupentity="transactioncurrency" lookupentityname="South African Rand" />
        <field name="exchangerate" value="1.000000000000" />
        <field name="pricelevelid" value="b0d5ede2-0d77-ed11-81ab-000d3ad9bde0" lookupentity="pricelevel" lookupentityname="ZAR - Renault" />
        <field name="pricingmethodcode" value="1" />
        <field name="productid" value="5d141d7a-316b-ed11-9561-0022489d0994" lookupentity="product" lookupentityname="National RD" />
        <field name="productpricelevelid" value="a86e47f1-4a8b-ed11-81ad-000d3adf4820" />
        <field name="quantitysellingcode" value="1" />
        <field name="uomid" value="19209eb2-f897-488c-8335-2f34136145c0" lookupentity="uom" lookupentityname="Primary Unit" />
        <field name="uomscheduleid" value="15687d7a-decf-427d-b514-9e4d3fa1bd7c" lookupentity="uomschedule" lookupentityname="Default Unit" />
      </record>
      <record id="e61020fc-4a8b-ed11-81ad-000d3adf4820">
        <field name="amount" value="0.0000000000" />
        <field name="amount_base" value="0.0000000000" />
        <field name="transactioncurrencyid" value="743b32de-b56a-ed11-9561-0022489d0994" lookupentity="transactioncurrency" lookupentityname="South African Rand" />
        <field name="exchangerate" value="1.000000000000" />
        <field name="pricelevelid" value="49c93d2b-0c77-ed11-81ab-000d3ad9bde0" lookupentity="pricelevel" lookupentityname="ZAR - Volvo" />
        <field name="pricingmethodcode" value="1" />
        <field name="productid" value="38f2500b-316b-ed11-9561-0022489d0994" lookupentity="product" lookupentityname="Home Dealer" />
        <field name="productpricelevelid" value="e61020fc-4a8b-ed11-81ad-000d3adf4820" />
        <field name="quantitysellingcode" value="1" />
        <field name="uomid" value="19209eb2-f897-488c-8335-2f34136145c0" lookupentity="uom" lookupentityname="Primary Unit" />
        <field name="uomscheduleid" value="15687d7a-decf-427d-b514-9e4d3fa1bd7c" lookupentity="uomschedule" lookupentityname="Default Unit" />
      </record>
      <record id="e71020fc-4a8b-ed11-81ad-000d3adf4820">
        <field name="amount" value="0.0000000000" />
        <field name="amount_base" value="0.0000000000" />
        <field name="transactioncurrencyid" value="743b32de-b56a-ed11-9561-0022489d0994" lookupentity="transactioncurrency" lookupentityname="South African Rand" />
        <field name="exchangerate" value="1.000000000000" />
        <field name="pricelevelid" value="49c93d2b-0c77-ed11-81ab-000d3ad9bde0" lookupentity="pricelevel" lookupentityname="ZAR - Volvo" />
        <field name="pricingmethodcode" value="1" />
        <field name="productid" value="8bbc6d60-316b-ed11-9561-0022489d0994" lookupentity="product" lookupentityname="International RD" />
        <field name="productpricelevelid" value="e71020fc-4a8b-ed11-81ad-000d3adf4820" />
        <field name="quantitysellingcode" value="1" />
        <field name="uomid" value="19209eb2-f897-488c-8335-2f34136145c0" lookupentity="uom" lookupentityname="Primary Unit" />
        <field name="uomscheduleid" value="15687d7a-decf-427d-b514-9e4d3fa1bd7c" lookupentity="uomschedule" lookupentityname="Default Unit" />
      </record>
      <record id="1b8c3b08-4b8b-ed11-81ad-000d3adf4820">
        <field name="amount" value="0.0000000000" />
        <field name="amount_base" value="0.0000000000" />
        <field name="transactioncurrencyid" value="743b32de-b56a-ed11-9561-0022489d0994" lookupentity="transactioncurrency" lookupentityname="South African Rand" />
        <field name="exchangerate" value="1.000000000000" />
        <field name="pricelevelid" value="49c93d2b-0c77-ed11-81ab-000d3ad9bde0" lookupentity="pricelevel" lookupentityname="ZAR - Volvo" />
        <field name="pricingmethodcode" value="1" />
        <field name="productid" value="5d141d7a-316b-ed11-9561-0022489d0994" lookupentity="product" lookupentityname="National RD" />
        <field name="productpricelevelid" value="1b8c3b08-4b8b-ed11-81ad-000d3adf4820" />
        <field name="quantitysellingcode" value="1" />
        <field name="uomid" value="19209eb2-f897-488c-8335-2f34136145c0" lookupentity="uom" lookupentityname="Primary Unit" />
        <field name="uomscheduleid" value="15687d7a-decf-427d-b514-9e4d3fa1bd7c" lookupentity="uomschedule" lookupentityname="Default Unit" />
      </record>
    </records>
    <m2mrelationships />
  </entity>
</entities>