
<entities xmlns:xsd="http://www.w3.org/2001/XMLSchema" xmlns:xsi="http://www.w3.org/2001/XMLSchema-instance" timestamp="2023-01-06T07:00:25.7450055Z">
  <entity name="jarvis_subcode" displayname="Sub Code">
    <records>
      <record id="15e2bbfb-e17a-ed11-81ad-000d3ad9bde0">
        <field name="createdby" value="dddde7d9-7e2f-ed11-9db1-0022489db736" lookupentity="systemuser" lookupentityname="Nizar Zouaoui" />
        <field name="createdon" value="2022-12-13T12:30:54.0000000Z" />
        <field name="jarvis_ctdimaincode" value="D" />
        <field name="jarvis_ctdisubcode" value="B" />
        <field name="jarvis_maincode" value="0146b9a7-366b-ed11-9561-0022489d0994" lookupentity="jarvis_maincode" lookupentityname="Dealer" />
        <field name="modifiedby" value="dddde7d9-7e2f-ed11-9db1-0022489db736" lookupentity="systemuser" lookupentityname="Nizar Zouaoui" />
        <field name="modifiedon" value="2022-12-13T12:30:54.0000000Z" />
        <field name="jarvis_name" value="Used Sales Dealer" />
        <field name="ownerid" value="dddde7d9-7e2f-ed11-9db1-0022489db736" lookupentity="systemuser" lookupentityname="Nizar Zouaoui" />
        <field name="owningbusinessunit" value="c3ed74bc-152d-ed11-9db1-000d3adb48a2" lookupentity="businessunit" lookupentityname="org449d870c" />
        <field name="owninguser" value="dddde7d9-7e2f-ed11-9db1-0022489db736" lookupentity="systemuser" />
        <field name="statecode" value="0" />
        <field name="statuscode" value="1" />
        <field name="jarvis_subcodeid" value="15e2bbfb-e17a-ed11-81ad-000d3ad9bde0" />
      </record>
      <record id="58ae315c-376b-ed11-9561-0022489d0994">
        <field name="createdby" value="293ebda2-985a-ed11-9562-000d3adf4843" lookupentity="systemuser" lookupentityname="Swathi Sathish Kumar" />
        <field name="createdon" value="2022-11-23T14:01:47.0000000Z" />
        <field name="jarvis_ctdimaincode" value="M" />
        <field name="jarvis_ctdisubcode" value="B" />
        <field name="jarvis_maincode" value="95246ba1-366b-ed11-9561-0022489d0994" lookupentity="jarvis_maincode" lookupentityname="Customer" />
        <field name="modifiedby" value="293ebda2-985a-ed11-9562-000d3adf4843" lookupentity="systemuser" lookupentityname="Swathi Sathish Kumar" />
        <field name="modifiedon" value="2022-11-23T14:01:47.0000000Z" />
        <field name="jarvis_name" value="Sole Trader" />
        <field name="ownerid" value="293ebda2-985a-ed11-9562-000d3adf4843" lookupentity="systemuser" lookupentityname="Swathi Sathish Kumar" />
        <field name="owningbusinessunit" value="c3ed74bc-152d-ed11-9db1-000d3adb48a2" lookupentity="businessunit" lookupentityname="org449d870c" />
        <field name="owninguser" value="293ebda2-985a-ed11-9562-000d3adf4843" lookupentity="systemuser" />
        <field name="statecode" value="0" />
        <field name="statuscode" value="1" />
        <field name="jarvis_subcodeid" value="58ae315c-376b-ed11-9561-0022489d0994" />
      </record>
      <record id="2b311f69-376b-ed11-9561-0022489d0994">
        <field name="createdby" value="293ebda2-985a-ed11-9562-000d3adf4843" lookupentity="systemuser" lookupentityname="Swathi Sathish Kumar" />
        <field name="createdon" value="2022-11-23T14:02:14.0000000Z" />
        <field name="jarvis_ctdimaincode" value="M" />
        <field name="jarvis_ctdisubcode" value="A" />
        <field name="jarvis_maincode" value="95246ba1-366b-ed11-9561-0022489d0994" lookupentity="jarvis_maincode" lookupentityname="Customer" />
        <field name="modifiedby" value="293ebda2-985a-ed11-9562-000d3adf4843" lookupentity="systemuser" lookupentityname="Swathi Sathish Kumar" />
        <field name="modifiedon" value="2022-11-23T14:02:14.0000000Z" />
        <field name="jarvis_name" value="Workshop" />
        <field name="ownerid" value="293ebda2-985a-ed11-9562-000d3adf4843" lookupentity="systemuser" lookupentityname="Swathi Sathish Kumar" />
        <field name="owningbusinessunit" value="c3ed74bc-152d-ed11-9db1-000d3adb48a2" lookupentity="businessunit" lookupentityname="org449d870c" />
        <field name="owninguser" value="293ebda2-985a-ed11-9562-000d3adf4843" lookupentity="systemuser" />
        <field name="statecode" value="0" />
        <field name="statuscode" value="1" />
        <field name="jarvis_subcodeid" value="2b311f69-376b-ed11-9561-0022489d0994" />
      </record>
      <record id="43d0a388-376b-ed11-9561-0022489d0994">
        <field name="createdby" value="293ebda2-985a-ed11-9562-000d3adf4843" lookupentity="systemuser" lookupentityname="Swathi Sathish Kumar" />
        <field name="createdon" value="2022-11-23T14:03:01.0000000Z" />
        <field name="jarvis_ctdimaincode" value="D" />
        <field name="jarvis_ctdisubcode" value="G" />
        <field name="jarvis_maincode" value="0146b9a7-366b-ed11-9561-0022489d0994" lookupentity="jarvis_maincode" lookupentityname="Dealer" />
        <field name="modifiedby" value="293ebda2-985a-ed11-9562-000d3adf4843" lookupentity="systemuser" lookupentityname="Swathi Sathish Kumar" />
        <field name="modifiedon" value="2022-11-23T14:03:01.0000000Z" />
        <field name="jarvis_name" value="Delivery Point" />
        <field name="ownerid" value="293ebda2-985a-ed11-9562-000d3adf4843" lookupentity="systemuser" lookupentityname="Swathi Sathish Kumar" />
        <field name="owningbusinessunit" value="c3ed74bc-152d-ed11-9db1-000d3adb48a2" lookupentity="businessunit" lookupentityname="org449d870c" />
        <field name="owninguser" value="293ebda2-985a-ed11-9562-000d3adf4843" lookupentity="systemuser" />
        <field name="statecode" value="0" />
        <field name="statuscode" value="1" />
        <field name="jarvis_subcodeid" value="43d0a388-376b-ed11-9561-0022489d0994" />
      </record>
      <record id="fe19d69b-376b-ed11-9561-0022489d0994">
        <field name="createdby" value="293ebda2-985a-ed11-9562-000d3adf4843" lookupentity="systemuser" lookupentityname="Swathi Sathish Kumar" />
        <field name="createdon" value="2022-11-23T14:03:36.0000000Z" />
        <field name="jarvis_ctdimaincode" value="D" />
        <field name="jarvis_ctdisubcode" value="H" />
        <field name="jarvis_maincode" value="0146b9a7-366b-ed11-9561-0022489d0994" lookupentity="jarvis_maincode" lookupentityname="Dealer" />
        <field name="modifiedby" value="293ebda2-985a-ed11-9562-000d3adf4843" lookupentity="systemuser" lookupentityname="Swathi Sathish Kumar" />
        <field name="modifiedon" value="2022-11-23T14:03:36.0000000Z" />
        <field name="jarvis_name" value="Independent Service Point" />
        <field name="ownerid" value="293ebda2-985a-ed11-9562-000d3adf4843" lookupentity="systemuser" lookupentityname="Swathi Sathish Kumar" />
        <field name="owningbusinessunit" value="c3ed74bc-152d-ed11-9db1-000d3adb48a2" lookupentity="businessunit" lookupentityname="org449d870c" />
        <field name="owninguser" value="293ebda2-985a-ed11-9562-000d3adf4843" lookupentity="systemuser" />
        <field name="statecode" value="0" />
        <field name="statuscode" value="1" />
        <field name="jarvis_subcodeid" value="fe19d69b-376b-ed11-9561-0022489d0994" />
      </record>
      <record id="a72bacbb-376b-ed11-9561-0022489d0994">
        <field name="createdby" value="293ebda2-985a-ed11-9562-000d3adf4843" lookupentity="systemuser" lookupentityname="Swathi Sathish Kumar" />
        <field name="createdon" value="2022-11-23T14:04:34.0000000Z" />
        <field name="jarvis_ctdimaincode" value="D" />
        <field name="jarvis_ctdisubcode" value="D" />
        <field name="jarvis_maincode" value="0146b9a7-366b-ed11-9561-0022489d0994" lookupentity="jarvis_maincode" lookupentityname="Dealer" />
        <field name="modifiedby" value="293ebda2-985a-ed11-9562-000d3adf4843" lookupentity="systemuser" lookupentityname="Swathi Sathish Kumar" />
        <field name="modifiedon" value="2022-11-23T14:04:34.0000000Z" />
        <field name="jarvis_name" value="Mobile Workshop" />
        <field name="ownerid" value="293ebda2-985a-ed11-9562-000d3adf4843" lookupentity="systemuser" lookupentityname="Swathi Sathish Kumar" />
        <field name="owningbusinessunit" value="c3ed74bc-152d-ed11-9db1-000d3adb48a2" lookupentity="businessunit" lookupentityname="org449d870c" />
        <field name="owninguser" value="293ebda2-985a-ed11-9562-000d3adf4843" lookupentity="systemuser" />
        <field name="statecode" value="0" />
        <field name="statuscode" value="1" />
        <field name="jarvis_subcodeid" value="a72bacbb-376b-ed11-9561-0022489d0994" />
      </record>
      <record id="67ab2fd5-376b-ed11-9561-0022489d0994">
        <field name="createdby" value="293ebda2-985a-ed11-9562-000d3adf4843" lookupentity="systemuser" lookupentityname="Swathi Sathish Kumar" />
        <field name="createdon" value="2022-11-23T14:05:08.0000000Z" />
        <field name="jarvis_ctdimaincode" value="D" />
        <field name="jarvis_ctdisubcode" value="A" />
        <field name="jarvis_maincode" value="0146b9a7-366b-ed11-9561-0022489d0994" lookupentity="jarvis_maincode" lookupentityname="Dealer" />
        <field name="modifiedby" value="293ebda2-985a-ed11-9562-000d3adf4843" lookupentity="systemuser" lookupentityname="Swathi Sathish Kumar" />
        <field name="modifiedon" value="2022-11-23T14:05:08.0000000Z" />
        <field name="jarvis_name" value="New Sales Dealer" />
        <field name="ownerid" value="293ebda2-985a-ed11-9562-000d3adf4843" lookupentity="systemuser" lookupentityname="Swathi Sathish Kumar" />
        <field name="owningbusinessunit" value="c3ed74bc-152d-ed11-9db1-000d3adb48a2" lookupentity="businessunit" lookupentityname="org449d870c" />
        <field name="owninguser" value="293ebda2-985a-ed11-9562-000d3adf4843" lookupentity="systemuser" />
        <field name="statecode" value="0" />
        <field name="statuscode" value="1" />
        <field name="jarvis_subcodeid" value="67ab2fd5-376b-ed11-9561-0022489d0994" />
      </record>
      <record id="cb6593db-376b-ed11-9561-0022489d0994">
        <field name="createdby" value="293ebda2-985a-ed11-9562-000d3adf4843" lookupentity="systemuser" lookupentityname="Swathi Sathish Kumar" />
        <field name="createdon" value="2022-11-23T14:05:24.0000000Z" />
        <field name="jarvis_ctdimaincode" value="D" />
        <field name="jarvis_ctdisubcode" value="F" />
        <field name="jarvis_maincode" value="0146b9a7-366b-ed11-9561-0022489d0994" lookupentity="jarvis_maincode" lookupentityname="Dealer" />
        <field name="modifiedby" value="293ebda2-985a-ed11-9562-000d3adf4843" lookupentity="systemuser" lookupentityname="Swathi Sathish Kumar" />
        <field name="modifiedon" value="2022-11-23T14:05:24.0000000Z" />
        <field name="jarvis_name" value="Parts" />
        <field name="ownerid" value="293ebda2-985a-ed11-9562-000d3adf4843" lookupentity="systemuser" lookupentityname="Swathi Sathish Kumar" />
        <field name="owningbusinessunit" value="c3ed74bc-152d-ed11-9db1-000d3adb48a2" lookupentity="businessunit" lookupentityname="org449d870c" />
        <field name="owninguser" value="293ebda2-985a-ed11-9562-000d3adf4843" lookupentity="systemuser" />
        <field name="statecode" value="0" />
        <field name="statuscode" value="1" />
        <field name="jarvis_subcodeid" value="cb6593db-376b-ed11-9561-0022489d0994" />
      </record>
      <record id="f8c6d6ee-376b-ed11-9561-0022489d0994">
        <field name="createdby" value="293ebda2-985a-ed11-9562-000d3adf4843" lookupentity="systemuser" lookupentityname="Swathi Sathish Kumar" />
        <field name="createdon" value="2022-11-23T14:05:58.0000000Z" />
        <field name="jarvis_ctdimaincode" value="D" />
        <field name="jarvis_ctdisubcode" value="E" />
        <field name="jarvis_maincode" value="0146b9a7-366b-ed11-9561-0022489d0994" lookupentity="jarvis_maincode" lookupentityname="Dealer" />
        <field name="modifiedby" value="293ebda2-985a-ed11-9562-000d3adf4843" lookupentity="systemuser" lookupentityname="Swathi Sathish Kumar" />
        <field name="modifiedon" value="2022-11-23T14:05:58.0000000Z" />
        <field name="jarvis_name" value="Satellite Service Point" />
        <field name="ownerid" value="293ebda2-985a-ed11-9562-000d3adf4843" lookupentity="systemuser" lookupentityname="Swathi Sathish Kumar" />
        <field name="owningbusinessunit" value="c3ed74bc-152d-ed11-9db1-000d3adb48a2" lookupentity="businessunit" lookupentityname="org449d870c" />
        <field name="owninguser" value="293ebda2-985a-ed11-9562-000d3adf4843" lookupentity="systemuser" />
        <field name="statecode" value="0" />
        <field name="statuscode" value="1" />
        <field name="jarvis_subcodeid" value="f8c6d6ee-376b-ed11-9561-0022489d0994" />
      </record>
      <record id="4a576b1c-386b-ed11-9561-0022489d0994">
        <field name="createdby" value="293ebda2-985a-ed11-9562-000d3adf4843" lookupentity="systemuser" lookupentityname="Swathi Sathish Kumar" />
        <field name="createdon" value="2022-11-23T14:07:06.0000000Z" />
        <field name="jarvis_ctdimaincode" value="D" />
        <field name="jarvis_ctdisubcode" value="C" />
        <field name="jarvis_maincode" value="0146b9a7-366b-ed11-9561-0022489d0994" lookupentity="jarvis_maincode" lookupentityname="Dealer" />
        <field name="modifiedby" value="293ebda2-985a-ed11-9562-000d3adf4843" lookupentity="systemuser" lookupentityname="Swathi Sathish Kumar" />
        <field name="modifiedon" value="2022-11-23T14:07:06.0000000Z" />
        <field name="jarvis_name" value="Workshop Dealer" />
        <field name="ownerid" value="293ebda2-985a-ed11-9562-000d3adf4843" lookupentity="systemuser" lookupentityname="Swathi Sathish Kumar" />
        <field name="owningbusinessunit" value="c3ed74bc-152d-ed11-9db1-000d3adb48a2" lookupentity="businessunit" lookupentityname="org449d870c" />
        <field name="owninguser" value="293ebda2-985a-ed11-9562-000d3adf4843" lookupentity="systemuser" />
        <field name="statecode" value="0" />
        <field name="statuscode" value="1" />
        <field name="jarvis_subcodeid" value="4a576b1c-386b-ed11-9561-0022489d0994" />
      </record>
      <record id="7d46a971-386b-ed11-9561-0022489d0994">
        <field name="createdby" value="293ebda2-985a-ed11-9562-000d3adf4843" lookupentity="systemuser" lookupentityname="Swathi Sathish Kumar" />
        <field name="createdon" value="2022-11-23T14:09:29.0000000Z" />
        <field name="jarvis_ctdimaincode" value="L" />
        <field name="jarvis_ctdisubcode" value="A" />
        <field name="jarvis_maincode" value="abcc360b-376b-ed11-9561-0022489d0994" lookupentity="jarvis_maincode" lookupentityname="Importer" />
        <field name="modifiedby" value="293ebda2-985a-ed11-9562-000d3adf4843" lookupentity="systemuser" lookupentityname="Swathi Sathish Kumar" />
        <field name="modifiedon" value="2022-11-23T14:09:29.0000000Z" />
        <field name="jarvis_name" value="Market Company" />
        <field name="ownerid" value="293ebda2-985a-ed11-9562-000d3adf4843" lookupentity="systemuser" lookupentityname="Swathi Sathish Kumar" />
        <field name="owningbusinessunit" value="c3ed74bc-152d-ed11-9db1-000d3adb48a2" lookupentity="businessunit" lookupentityname="org449d870c" />
        <field name="owninguser" value="293ebda2-985a-ed11-9562-000d3adf4843" lookupentity="systemuser" />
        <field name="statecode" value="0" />
        <field name="statuscode" value="1" />
        <field name="jarvis_subcodeid" value="7d46a971-386b-ed11-9561-0022489d0994" />
      </record>
      <record id="025fe379-386b-ed11-9561-0022489d0994">
        <field name="createdby" value="293ebda2-985a-ed11-9562-000d3adf4843" lookupentity="systemuser" lookupentityname="Swathi Sathish Kumar" />
        <field name="createdon" value="2022-11-23T14:09:50.0000000Z" />
        <field name="jarvis_ctdimaincode" value="L" />
        <field name="jarvis_ctdisubcode" value="B" />
        <field name="jarvis_maincode" value="abcc360b-376b-ed11-9561-0022489d0994" lookupentity="jarvis_maincode" lookupentityname="Importer" />
        <field name="modifiedby" value="293ebda2-985a-ed11-9562-000d3adf4843" lookupentity="systemuser" lookupentityname="Swathi Sathish Kumar" />
        <field name="modifiedon" value="2022-11-23T14:09:50.0000000Z" />
        <field name="jarvis_name" value="Private Importer" />
        <field name="ownerid" value="293ebda2-985a-ed11-9562-000d3adf4843" lookupentity="systemuser" lookupentityname="Swathi Sathish Kumar" />
        <field name="owningbusinessunit" value="c3ed74bc-152d-ed11-9db1-000d3adb48a2" lookupentity="businessunit" lookupentityname="org449d870c" />
        <field name="owninguser" value="293ebda2-985a-ed11-9562-000d3adf4843" lookupentity="systemuser" />
        <field name="statecode" value="0" />
        <field name="statuscode" value="1" />
        <field name="jarvis_subcodeid" value="025fe379-386b-ed11-9561-0022489d0994" />
      </record>
      <record id="37035ea2-3c6b-ed11-9561-0022489d0994">
        <field name="createdby" value="293ebda2-985a-ed11-9562-000d3adf4843" lookupentity="systemuser" lookupentityname="Swathi Sathish Kumar" />
        <field name="createdon" value="2022-11-23T14:39:35.0000000Z" />
        <field name="jarvis_ctdimaincode" value="F" />
        <field name="jarvis_ctdisubcode" value="B" />
        <field name="jarvis_maincode" value="ee831318-376b-ed11-9561-0022489d0994" lookupentity="jarvis_maincode" lookupentityname="Independent Operator" />
        <field name="modifiedby" value="293ebda2-985a-ed11-9562-000d3adf4843" lookupentity="systemuser" lookupentityname="Swathi Sathish Kumar" />
        <field name="modifiedon" value="2022-11-23T14:39:56.0000000Z" />
        <field name="jarvis_name" value="Parts Distributor" />
        <field name="ownerid" value="293ebda2-985a-ed11-9562-000d3adf4843" lookupentity="systemuser" lookupentityname="Swathi Sathish Kumar" />
        <field name="owningbusinessunit" value="c3ed74bc-152d-ed11-9db1-000d3adb48a2" lookupentity="businessunit" lookupentityname="org449d870c" />
        <field name="owninguser" value="293ebda2-985a-ed11-9562-000d3adf4843" lookupentity="systemuser" />
        <field name="statecode" value="0" />
        <field name="statuscode" value="1" />
        <field name="jarvis_subcodeid" value="37035ea2-3c6b-ed11-9561-0022489d0994" />
      </record>
      <record id="2fbaffc7-3c6b-ed11-9561-0022489d0994">
        <field name="createdby" value="293ebda2-985a-ed11-9562-000d3adf4843" lookupentity="systemuser" lookupentityname="Swathi Sathish Kumar" />
        <field name="createdon" value="2022-11-23T14:40:36.0000000Z" />
        <field name="jarvis_ctdimaincode" value="F" />
        <field name="jarvis_ctdisubcode" value="D" />
        <field name="jarvis_maincode" value="ee831318-376b-ed11-9561-0022489d0994" lookupentity="jarvis_maincode" lookupentityname="Independent Operator" />
        <field name="modifiedby" value="293ebda2-985a-ed11-9562-000d3adf4843" lookupentity="systemuser" lookupentityname="Swathi Sathish Kumar" />
        <field name="modifiedon" value="2022-11-23T14:40:36.0000000Z" />
        <field name="jarvis_name" value="Parts Republisher" />
        <field name="ownerid" value="293ebda2-985a-ed11-9562-000d3adf4843" lookupentity="systemuser" lookupentityname="Swathi Sathish Kumar" />
        <field name="owningbusinessunit" value="c3ed74bc-152d-ed11-9db1-000d3adb48a2" lookupentity="businessunit" lookupentityname="org449d870c" />
        <field name="owninguser" value="293ebda2-985a-ed11-9562-000d3adf4843" lookupentity="systemuser" />
        <field name="statecode" value="0" />
        <field name="statuscode" value="1" />
        <field name="jarvis_subcodeid" value="2fbaffc7-3c6b-ed11-9561-0022489d0994" />
      </record>
      <record id="07c415e7-3c6b-ed11-9561-0022489d0994">
        <field name="createdby" value="293ebda2-985a-ed11-9562-000d3adf4843" lookupentity="systemuser" lookupentityname="Swathi Sathish Kumar" />
        <field name="createdon" value="2022-11-23T14:41:26.0000000Z" />
        <field name="jarvis_ctdimaincode" value="F" />
        <field name="jarvis_ctdisubcode" value="Z" />
        <field name="jarvis_maincode" value="ee831318-376b-ed11-9561-0022489d0994" lookupentity="jarvis_maincode" lookupentityname="Independent Operator" />
        <field name="modifiedby" value="293ebda2-985a-ed11-9562-000d3adf4843" lookupentity="systemuser" lookupentityname="Swathi Sathish Kumar" />
        <field name="modifiedon" value="2022-11-23T14:41:26.0000000Z" />
        <field name="jarvis_name" value="PTI Manufacturer &amp;amp; Authority" />
        <field name="ownerid" value="293ebda2-985a-ed11-9562-000d3adf4843" lookupentity="systemuser" lookupentityname="Swathi Sathish Kumar" />
        <field name="owningbusinessunit" value="c3ed74bc-152d-ed11-9db1-000d3adb48a2" lookupentity="businessunit" lookupentityname="org449d870c" />
        <field name="owninguser" value="293ebda2-985a-ed11-9562-000d3adf4843" lookupentity="systemuser" />
        <field name="statecode" value="0" />
        <field name="statuscode" value="1" />
        <field name="jarvis_subcodeid" value="07c415e7-3c6b-ed11-9561-0022489d0994" />
      </record>
      <record id="0f9a14f9-3c6b-ed11-9561-0022489d0994">
        <field name="createdby" value="293ebda2-985a-ed11-9562-000d3adf4843" lookupentity="systemuser" lookupentityname="Swathi Sathish Kumar" />
        <field name="createdon" value="2022-11-23T14:41:57.0000000Z" />
        <field name="jarvis_ctdimaincode" value="F" />
        <field name="jarvis_ctdisubcode" value="W" />
        <field name="jarvis_maincode" value="ee831318-376b-ed11-9561-0022489d0994" lookupentity="jarvis_maincode" lookupentityname="Independent Operator" />
        <field name="modifiedby" value="293ebda2-985a-ed11-9562-000d3adf4843" lookupentity="systemuser" lookupentityname="Swathi Sathish Kumar" />
        <field name="modifiedon" value="2022-11-23T14:41:57.0000000Z" />
        <field name="jarvis_name" value="PTI Test Center" />
        <field name="ownerid" value="293ebda2-985a-ed11-9562-000d3adf4843" lookupentity="systemuser" lookupentityname="Swathi Sathish Kumar" />
        <field name="owningbusinessunit" value="c3ed74bc-152d-ed11-9db1-000d3adb48a2" lookupentity="businessunit" lookupentityname="org449d870c" />
        <field name="owninguser" value="293ebda2-985a-ed11-9562-000d3adf4843" lookupentity="systemuser" />
        <field name="statecode" value="0" />
        <field name="statuscode" value="1" />
        <field name="jarvis_subcodeid" value="0f9a14f9-3c6b-ed11-9561-0022489d0994" />
      </record>
      <record id="a774690c-3d6b-ed11-9561-0022489d0994">
        <field name="createdby" value="293ebda2-985a-ed11-9562-000d3adf4843" lookupentity="systemuser" lookupentityname="Swathi Sathish Kumar" />
        <field name="createdon" value="2022-11-23T14:42:33.0000000Z" />
        <field name="jarvis_ctdimaincode" value="F" />
        <field name="jarvis_ctdisubcode" value="X" />
        <field name="jarvis_maincode" value="ee831318-376b-ed11-9561-0022489d0994" lookupentity="jarvis_maincode" lookupentityname="Independent Operator" />
        <field name="modifiedby" value="293ebda2-985a-ed11-9562-000d3adf4843" lookupentity="systemuser" lookupentityname="Swathi Sathish Kumar" />
        <field name="modifiedon" value="2022-11-23T14:42:33.0000000Z" />
        <field name="jarvis_name" value="RMI" />
        <field name="ownerid" value="293ebda2-985a-ed11-9562-000d3adf4843" lookupentity="systemuser" lookupentityname="Swathi Sathish Kumar" />
        <field name="owningbusinessunit" value="c3ed74bc-152d-ed11-9db1-000d3adb48a2" lookupentity="businessunit" lookupentityname="org449d870c" />
        <field name="owninguser" value="293ebda2-985a-ed11-9562-000d3adf4843" lookupentity="systemuser" />
        <field name="statecode" value="0" />
        <field name="statuscode" value="1" />
        <field name="jarvis_subcodeid" value="a774690c-3d6b-ed11-9561-0022489d0994" />
      </record>
      <record id="3d675d1f-3d6b-ed11-9561-0022489d0994">
        <field name="createdby" value="293ebda2-985a-ed11-9562-000d3adf4843" lookupentity="systemuser" lookupentityname="Swathi Sathish Kumar" />
        <field name="createdon" value="2022-11-23T14:43:06.0000000Z" />
        <field name="jarvis_ctdimaincode" value="F" />
        <field name="jarvis_ctdisubcode" value="C" />
        <field name="jarvis_maincode" value="ee831318-376b-ed11-9561-0022489d0994" lookupentity="jarvis_maincode" lookupentityname="Independent Operator" />
        <field name="modifiedby" value="293ebda2-985a-ed11-9562-000d3adf4843" lookupentity="systemuser" lookupentityname="Swathi Sathish Kumar" />
        <field name="modifiedon" value="2022-11-23T14:43:06.0000000Z" />
        <field name="jarvis_name" value="Service Provider" />
        <field name="ownerid" value="293ebda2-985a-ed11-9562-000d3adf4843" lookupentity="systemuser" lookupentityname="Swathi Sathish Kumar" />
        <field name="owningbusinessunit" value="c3ed74bc-152d-ed11-9db1-000d3adb48a2" lookupentity="businessunit" lookupentityname="org449d870c" />
        <field name="owninguser" value="293ebda2-985a-ed11-9562-000d3adf4843" lookupentity="systemuser" />
        <field name="statecode" value="0" />
        <field name="statuscode" value="1" />
        <field name="jarvis_subcodeid" value="3d675d1f-3d6b-ed11-9561-0022489d0994" />
      </record>
      <record id="e03c1c45-3d6b-ed11-9561-0022489d0994">
        <field name="createdby" value="293ebda2-985a-ed11-9562-000d3adf4843" lookupentity="systemuser" lookupentityname="Swathi Sathish Kumar" />
        <field name="createdon" value="2022-11-23T14:44:03.0000000Z" />
        <field name="jarvis_ctdimaincode" value="F" />
        <field name="jarvis_ctdisubcode" value="E" />
        <field name="jarvis_maincode" value="ee831318-376b-ed11-9561-0022489d0994" lookupentity="jarvis_maincode" lookupentityname="Independent Operator" />
        <field name="modifiedby" value="293ebda2-985a-ed11-9562-000d3adf4843" lookupentity="systemuser" lookupentityname="Swathi Sathish Kumar" />
        <field name="modifiedon" value="2022-11-23T14:44:03.0000000Z" />
        <field name="jarvis_name" value="Service Republisher" />
        <field name="ownerid" value="293ebda2-985a-ed11-9562-000d3adf4843" lookupentity="systemuser" lookupentityname="Swathi Sathish Kumar" />
        <field name="owningbusinessunit" value="c3ed74bc-152d-ed11-9db1-000d3adb48a2" lookupentity="businessunit" lookupentityname="org449d870c" />
        <field name="owninguser" value="293ebda2-985a-ed11-9562-000d3adf4843" lookupentity="systemuser" />
        <field name="statecode" value="0" />
        <field name="statuscode" value="1" />
        <field name="jarvis_subcodeid" value="e03c1c45-3d6b-ed11-9561-0022489d0994" />
      </record>
      <record id="a40a7295-3d6b-ed11-9561-0022489d0994">
        <field name="createdby" value="293ebda2-985a-ed11-9562-000d3adf4843" lookupentity="systemuser" lookupentityname="Swathi Sathish Kumar" />
        <field name="createdon" value="2022-11-23T14:46:18.0000000Z" />
        <field name="jarvis_ctdimaincode" value="F" />
        <field name="jarvis_ctdisubcode" value="Y" />
        <field name="jarvis_maincode" value="ee831318-376b-ed11-9561-0022489d0994" lookupentity="jarvis_maincode" lookupentityname="Independent Operator" />
        <field name="modifiedby" value="293ebda2-985a-ed11-9562-000d3adf4843" lookupentity="systemuser" lookupentityname="Swathi Sathish Kumar" />
        <field name="modifiedon" value="2022-11-23T14:46:18.0000000Z" />
        <field name="jarvis_name" value="Techinfo China" />
        <field name="ownerid" value="293ebda2-985a-ed11-9562-000d3adf4843" lookupentity="systemuser" lookupentityname="Swathi Sathish Kumar" />
        <field name="owningbusinessunit" value="c3ed74bc-152d-ed11-9db1-000d3adb48a2" lookupentity="businessunit" lookupentityname="org449d870c" />
        <field name="owninguser" value="293ebda2-985a-ed11-9562-000d3adf4843" lookupentity="systemuser" />
        <field name="statecode" value="0" />
        <field name="statuscode" value="1" />
        <field name="jarvis_subcodeid" value="a40a7295-3d6b-ed11-9561-0022489d0994" />
      </record>
      <record id="d50f85ad-3d6b-ed11-9561-0022489d0994">
        <field name="createdby" value="293ebda2-985a-ed11-9562-000d3adf4843" lookupentity="systemuser" lookupentityname="Swathi Sathish Kumar" />
        <field name="createdon" value="2022-11-23T14:47:07.0000000Z" />
        <field name="jarvis_ctdimaincode" value="F" />
        <field name="jarvis_ctdisubcode" value="A" />
        <field name="jarvis_maincode" value="ee831318-376b-ed11-9561-0022489d0994" lookupentity="jarvis_maincode" lookupentityname="Independent Operator" />
        <field name="modifiedby" value="293ebda2-985a-ed11-9562-000d3adf4843" lookupentity="systemuser" lookupentityname="Swathi Sathish Kumar" />
        <field name="modifiedon" value="2022-11-23T14:47:07.0000000Z" />
        <field name="jarvis_name" value="Workshop" />
        <field name="ownerid" value="293ebda2-985a-ed11-9562-000d3adf4843" lookupentity="systemuser" lookupentityname="Swathi Sathish Kumar" />
        <field name="owningbusinessunit" value="c3ed74bc-152d-ed11-9db1-000d3adb48a2" lookupentity="businessunit" lookupentityname="org449d870c" />
        <field name="owninguser" value="293ebda2-985a-ed11-9562-000d3adf4843" lookupentity="systemuser" />
        <field name="statecode" value="0" />
        <field name="statuscode" value="1" />
        <field name="jarvis_subcodeid" value="d50f85ad-3d6b-ed11-9561-0022489d0994" />
      </record>
      <record id="336e07c0-3d6b-ed11-9561-0022489d0994">
        <field name="createdby" value="293ebda2-985a-ed11-9562-000d3adf4843" lookupentity="systemuser" lookupentityname="Swathi Sathish Kumar" />
        <field name="createdon" value="2022-11-23T14:47:34.0000000Z" />
        <field name="jarvis_ctdimaincode" value="P" />
        <field name="jarvis_ctdisubcode" value="C" />
        <field name="jarvis_maincode" value="baf4b91e-376b-ed11-9561-0022489d0994" lookupentity="jarvis_maincode" lookupentityname="Internal" />
        <field name="modifiedby" value="293ebda2-985a-ed11-9562-000d3adf4843" lookupentity="systemuser" lookupentityname="Swathi Sathish Kumar" />
        <field name="modifiedon" value="2022-11-23T14:47:34.0000000Z" />
        <field name="jarvis_name" value="Direct or Fleet Sales" />
        <field name="ownerid" value="293ebda2-985a-ed11-9562-000d3adf4843" lookupentity="systemuser" lookupentityname="Swathi Sathish Kumar" />
        <field name="owningbusinessunit" value="c3ed74bc-152d-ed11-9db1-000d3adb48a2" lookupentity="businessunit" lookupentityname="org449d870c" />
        <field name="owninguser" value="293ebda2-985a-ed11-9562-000d3adf4843" lookupentity="systemuser" />
        <field name="statecode" value="0" />
        <field name="statuscode" value="1" />
        <field name="jarvis_subcodeid" value="336e07c0-3d6b-ed11-9561-0022489d0994" />
      </record>
      <record id="294a0dd3-3d6b-ed11-9561-0022489d0994">
        <field name="createdby" value="293ebda2-985a-ed11-9562-000d3adf4843" lookupentity="systemuser" lookupentityname="Swathi Sathish Kumar" />
        <field name="createdon" value="2022-11-23T14:48:01.0000000Z" />
        <field name="jarvis_ctdimaincode" value="P" />
        <field name="jarvis_ctdisubcode" value="A" />
        <field name="jarvis_maincode" value="baf4b91e-376b-ed11-9561-0022489d0994" lookupentity="jarvis_maincode" lookupentityname="Internal" />
        <field name="modifiedby" value="293ebda2-985a-ed11-9562-000d3adf4843" lookupentity="systemuser" lookupentityname="Swathi Sathish Kumar" />
        <field name="modifiedon" value="2022-11-23T14:48:01.0000000Z" />
        <field name="jarvis_name" value="Internal internal" />
        <field name="ownerid" value="293ebda2-985a-ed11-9562-000d3adf4843" lookupentity="systemuser" lookupentityname="Swathi Sathish Kumar" />
        <field name="owningbusinessunit" value="c3ed74bc-152d-ed11-9db1-000d3adb48a2" lookupentity="businessunit" lookupentityname="org449d870c" />
        <field name="owninguser" value="293ebda2-985a-ed11-9562-000d3adf4843" lookupentity="systemuser" />
        <field name="statecode" value="0" />
        <field name="statuscode" value="1" />
        <field name="jarvis_subcodeid" value="294a0dd3-3d6b-ed11-9561-0022489d0994" />
      </record>
      <record id="0af0b7df-3d6b-ed11-9561-0022489d0994">
        <field name="createdby" value="293ebda2-985a-ed11-9562-000d3adf4843" lookupentity="systemuser" lookupentityname="Swathi Sathish Kumar" />
        <field name="createdon" value="2022-11-23T14:48:27.0000000Z" />
        <field name="jarvis_ctdimaincode" value="P" />
        <field name="jarvis_ctdisubcode" value="B" />
        <field name="jarvis_maincode" value="baf4b91e-376b-ed11-9561-0022489d0994" lookupentity="jarvis_maincode" lookupentityname="Internal" />
        <field name="modifiedby" value="293ebda2-985a-ed11-9562-000d3adf4843" lookupentity="systemuser" lookupentityname="Swathi Sathish Kumar" />
        <field name="modifiedon" value="2022-11-23T14:48:27.0000000Z" />
        <field name="jarvis_name" value="Other internal" />
        <field name="ownerid" value="293ebda2-985a-ed11-9562-000d3adf4843" lookupentity="systemuser" lookupentityname="Swathi Sathish Kumar" />
        <field name="owningbusinessunit" value="c3ed74bc-152d-ed11-9db1-000d3adb48a2" lookupentity="businessunit" lookupentityname="org449d870c" />
        <field name="owninguser" value="293ebda2-985a-ed11-9562-000d3adf4843" lookupentity="systemuser" />
        <field name="statecode" value="0" />
        <field name="statuscode" value="1" />
        <field name="jarvis_subcodeid" value="0af0b7df-3d6b-ed11-9561-0022489d0994" />
      </record>
    </records>
    <m2mrelationships />
  </entity>
</entities>