
<entities xmlns:xsd="http://www.w3.org/2001/XMLSchema" xmlns:xsi="http://www.w3.org/2001/XMLSchema-instance" timestamp="2023-01-04T12:45:44.7020000Z">
  <entity name="msdyn_workordertype" displayname="Work Order Type">
    <records>
      <record id="75165e84-5075-ed11-81ab-0022489d0994">
        <field name="createdby" value="154ef5e2-7e2f-ed11-9db1-0022489db736" lookupentity="systemuser" lookupentityname="Stephan Mars" />
        <field name="createdon" value="2022-12-06T10:27:00.0000000Z" />
        <field name="msdyn_incidentrequired" value="True" />
        <field name="modifiedby" value="154ef5e2-7e2f-ed11-9db1-0022489db736" lookupentity="systemuser" lookupentityname="Stephan Mars" />
        <field name="modifiedon" value="2022-12-06T10:35:22.0000000Z" />
        <field name="msdyn_name" value="Default" />
        <field name="ownerid" value="154ef5e2-7e2f-ed11-9db1-0022489db736" lookupentity="systemuser" lookupentityname="Stephan Mars" />
        <field name="owningbusinessunit" value="c3ed74bc-152d-ed11-9db1-000d3adb48a2" lookupentity="businessunit" lookupentityname="org449d870c" />
        <field name="owninguser" value="154ef5e2-7e2f-ed11-9db1-0022489db736" lookupentity="systemuser" />
        <field name="msdyn_pricelist" value="d7b10c9e-5175-ed11-81ab-0022489d0994" lookupentity="pricelevel" lookupentityname="Default" />
        <field name="statecode" value="0" />
        <field name="statuscode" value="1" />
        <field name="msdyn_taxable" value="True" />
        <field name="msdyn_workordertypeid" value="75165e84-5075-ed11-81ab-0022489d0994" />
      </record>
    </records>
    <m2mrelationships />
  </entity>
</entities>