
<entities xmlns:xsd="http://www.w3.org/2001/XMLSchema" xmlns:xsi="http://www.w3.org/2001/XMLSchema-instance" timestamp="2023-06-01T14:39:29.7742659Z">
  <entity name="jarvis_softoffercode" displayname="Soft Offer Code ">
    <records>
      <record id="bf6281fe-a4c4-ed11-9886-000d3addc90f">
        <field name="createdby" value="154ef5e2-7e2f-ed11-9db1-0022489db736" lookupentity="systemuser" lookupentityname="Stephan Mars" />
        <field name="createdon" value="2023-03-17T09:21:02.0000000Z" />
        <field name="jarvis_description" value="Towing Assistance Extended Stand Alone" />
        <field name="importsequencenumber" value="26" />
        <field name="jarvis_name" value="2341" />
        <field name="modifiedby" value="154ef5e2-7e2f-ed11-9db1-0022489db736" lookupentity="systemuser" lookupentityname="Stephan Mars" />
        <field name="modifiedon" value="2023-03-17T09:21:02.0000000Z" />
        <field name="ownerid" value="154ef5e2-7e2f-ed11-9db1-0022489db736" lookupentity="systemuser" lookupentityname="Stephan Mars" />
        <field name="owningbusinessunit" value="c3ed74bc-152d-ed11-9db1-000d3adb48a2" lookupentity="businessunit" lookupentityname="org449d870c" />
        <field name="owninguser" value="154ef5e2-7e2f-ed11-9db1-0022489db736" lookupentity="systemuser" />
        <field name="jarvis_softoffercodeid" value="bf6281fe-a4c4-ed11-9886-000d3addc90f" />
        <field name="statecode" value="0" />
        <field name="statuscode" value="1" />
      </record>
      <record id="c16281fe-a4c4-ed11-9886-000d3addc90f">
        <field name="createdby" value="154ef5e2-7e2f-ed11-9db1-0022489db736" lookupentity="systemuser" lookupentityname="Stephan Mars" />
        <field name="createdon" value="2023-03-17T09:21:03.0000000Z" />
        <field name="jarvis_description" value="Towing Assistance" />
        <field name="importsequencenumber" value="26" />
        <field name="jarvis_name" value="3113" />
        <field name="modifiedby" value="154ef5e2-7e2f-ed11-9db1-0022489db736" lookupentity="systemuser" lookupentityname="Stephan Mars" />
        <field name="modifiedon" value="2023-03-17T09:21:03.0000000Z" />
        <field name="ownerid" value="154ef5e2-7e2f-ed11-9db1-0022489db736" lookupentity="systemuser" lookupentityname="Stephan Mars" />
        <field name="owningbusinessunit" value="c3ed74bc-152d-ed11-9db1-000d3adb48a2" lookupentity="businessunit" lookupentityname="org449d870c" />
        <field name="owninguser" value="154ef5e2-7e2f-ed11-9db1-0022489db736" lookupentity="systemuser" />
        <field name="jarvis_softoffercodeid" value="c16281fe-a4c4-ed11-9886-000d3addc90f" />
        <field name="statecode" value="0" />
        <field name="statuscode" value="1" />
      </record>
      <record id="c36281fe-a4c4-ed11-9886-000d3addc90f">
        <field name="createdby" value="154ef5e2-7e2f-ed11-9db1-0022489db736" lookupentity="systemuser" lookupentityname="Stephan Mars" />
        <field name="createdon" value="2023-03-17T09:21:03.0000000Z" />
        <field name="jarvis_description" value="Towing Assistance" />
        <field name="importsequencenumber" value="26" />
        <field name="jarvis_name" value="3114" />
        <field name="modifiedby" value="154ef5e2-7e2f-ed11-9db1-0022489db736" lookupentity="systemuser" lookupentityname="Stephan Mars" />
        <field name="modifiedon" value="2023-03-17T09:21:03.0000000Z" />
        <field name="ownerid" value="154ef5e2-7e2f-ed11-9db1-0022489db736" lookupentity="systemuser" lookupentityname="Stephan Mars" />
        <field name="owningbusinessunit" value="c3ed74bc-152d-ed11-9db1-000d3adb48a2" lookupentity="businessunit" lookupentityname="org449d870c" />
        <field name="owninguser" value="154ef5e2-7e2f-ed11-9db1-0022489db736" lookupentity="systemuser" />
        <field name="jarvis_softoffercodeid" value="c36281fe-a4c4-ed11-9886-000d3addc90f" />
        <field name="statecode" value="0" />
        <field name="statuscode" value="1" />
      </record>
      <record id="c56281fe-a4c4-ed11-9886-000d3addc90f">
        <field name="createdby" value="154ef5e2-7e2f-ed11-9db1-0022489db736" lookupentity="systemuser" lookupentityname="Stephan Mars" />
        <field name="createdon" value="2023-03-17T09:21:03.0000000Z" />
        <field name="jarvis_description" value="Towing Assistance" />
        <field name="importsequencenumber" value="26" />
        <field name="jarvis_name" value="3115" />
        <field name="modifiedby" value="154ef5e2-7e2f-ed11-9db1-0022489db736" lookupentity="systemuser" lookupentityname="Stephan Mars" />
        <field name="modifiedon" value="2023-03-17T09:21:03.0000000Z" />
        <field name="ownerid" value="154ef5e2-7e2f-ed11-9db1-0022489db736" lookupentity="systemuser" lookupentityname="Stephan Mars" />
        <field name="owningbusinessunit" value="c3ed74bc-152d-ed11-9db1-000d3adb48a2" lookupentity="businessunit" lookupentityname="org449d870c" />
        <field name="owninguser" value="154ef5e2-7e2f-ed11-9db1-0022489db736" lookupentity="systemuser" />
        <field name="jarvis_softoffercodeid" value="c56281fe-a4c4-ed11-9886-000d3addc90f" />
        <field name="statecode" value="0" />
        <field name="statuscode" value="1" />
      </record>
      <record id="c76281fe-a4c4-ed11-9886-000d3addc90f">
        <field name="createdby" value="154ef5e2-7e2f-ed11-9db1-0022489db736" lookupentity="systemuser" lookupentityname="Stephan Mars" />
        <field name="createdon" value="2023-03-17T09:21:03.0000000Z" />
        <field name="jarvis_description" value="Towing Assistance Used Trucks Renault" />
        <field name="importsequencenumber" value="26" />
        <field name="jarvis_name" value="3116" />
        <field name="modifiedby" value="154ef5e2-7e2f-ed11-9db1-0022489db736" lookupentity="systemuser" lookupentityname="Stephan Mars" />
        <field name="modifiedon" value="2023-03-17T09:21:03.0000000Z" />
        <field name="ownerid" value="154ef5e2-7e2f-ed11-9db1-0022489db736" lookupentity="systemuser" lookupentityname="Stephan Mars" />
        <field name="owningbusinessunit" value="c3ed74bc-152d-ed11-9db1-000d3adb48a2" lookupentity="businessunit" lookupentityname="org449d870c" />
        <field name="owninguser" value="154ef5e2-7e2f-ed11-9db1-0022489db736" lookupentity="systemuser" />
        <field name="jarvis_softoffercodeid" value="c76281fe-a4c4-ed11-9886-000d3addc90f" />
        <field name="statecode" value="0" />
        <field name="statuscode" value="1" />
      </record>
      <record id="c96281fe-a4c4-ed11-9886-000d3addc90f">
        <field name="createdby" value="154ef5e2-7e2f-ed11-9db1-0022489db736" lookupentity="systemuser" lookupentityname="Stephan Mars" />
        <field name="createdon" value="2023-03-17T09:21:03.0000000Z" />
        <field name="jarvis_description" value="Towing Assistance Extended" />
        <field name="importsequencenumber" value="26" />
        <field name="jarvis_name" value="3118" />
        <field name="modifiedby" value="154ef5e2-7e2f-ed11-9db1-0022489db736" lookupentity="systemuser" lookupentityname="Stephan Mars" />
        <field name="modifiedon" value="2023-03-17T09:21:03.0000000Z" />
        <field name="ownerid" value="154ef5e2-7e2f-ed11-9db1-0022489db736" lookupentity="systemuser" lookupentityname="Stephan Mars" />
        <field name="owningbusinessunit" value="c3ed74bc-152d-ed11-9db1-000d3adb48a2" lookupentity="businessunit" lookupentityname="org449d870c" />
        <field name="owninguser" value="154ef5e2-7e2f-ed11-9db1-0022489db736" lookupentity="systemuser" />
        <field name="jarvis_softoffercodeid" value="c96281fe-a4c4-ed11-9886-000d3addc90f" />
        <field name="statecode" value="0" />
        <field name="statuscode" value="1" />
      </record>
      <record id="cb6281fe-a4c4-ed11-9886-000d3addc90f">
        <field name="createdby" value="154ef5e2-7e2f-ed11-9db1-0022489db736" lookupentity="systemuser" lookupentityname="Stephan Mars" />
        <field name="createdon" value="2023-03-17T09:21:03.0000000Z" />
        <field name="jarvis_description" value="Towing Assistance Extended" />
        <field name="importsequencenumber" value="26" />
        <field name="jarvis_name" value="3119" />
        <field name="modifiedby" value="154ef5e2-7e2f-ed11-9db1-0022489db736" lookupentity="systemuser" lookupentityname="Stephan Mars" />
        <field name="modifiedon" value="2023-03-17T09:21:03.0000000Z" />
        <field name="ownerid" value="154ef5e2-7e2f-ed11-9db1-0022489db736" lookupentity="systemuser" lookupentityname="Stephan Mars" />
        <field name="owningbusinessunit" value="c3ed74bc-152d-ed11-9db1-000d3adb48a2" lookupentity="businessunit" lookupentityname="org449d870c" />
        <field name="owninguser" value="154ef5e2-7e2f-ed11-9db1-0022489db736" lookupentity="systemuser" />
        <field name="jarvis_softoffercodeid" value="cb6281fe-a4c4-ed11-9886-000d3addc90f" />
        <field name="statecode" value="0" />
        <field name="statuscode" value="1" />
      </record>
      <record id="cd6281fe-a4c4-ed11-9886-000d3addc90f">
        <field name="createdby" value="154ef5e2-7e2f-ed11-9db1-0022489db736" lookupentity="systemuser" lookupentityname="Stephan Mars" />
        <field name="createdon" value="2023-03-17T09:21:03.0000000Z" />
        <field name="jarvis_description" value="Towing Assistance Extended" />
        <field name="importsequencenumber" value="26" />
        <field name="jarvis_name" value="3120" />
        <field name="modifiedby" value="154ef5e2-7e2f-ed11-9db1-0022489db736" lookupentity="systemuser" lookupentityname="Stephan Mars" />
        <field name="modifiedon" value="2023-03-17T09:21:03.0000000Z" />
        <field name="ownerid" value="154ef5e2-7e2f-ed11-9db1-0022489db736" lookupentity="systemuser" lookupentityname="Stephan Mars" />
        <field name="owningbusinessunit" value="c3ed74bc-152d-ed11-9db1-000d3adb48a2" lookupentity="businessunit" lookupentityname="org449d870c" />
        <field name="owninguser" value="154ef5e2-7e2f-ed11-9db1-0022489db736" lookupentity="systemuser" />
        <field name="jarvis_softoffercodeid" value="cd6281fe-a4c4-ed11-9886-000d3addc90f" />
        <field name="statecode" value="0" />
        <field name="statuscode" value="1" />
      </record>
      <record id="cf6281fe-a4c4-ed11-9886-000d3addc90f">
        <field name="createdby" value="154ef5e2-7e2f-ed11-9db1-0022489db736" lookupentity="systemuser" lookupentityname="Stephan Mars" />
        <field name="createdon" value="2023-03-17T09:21:03.0000000Z" />
        <field name="jarvis_description" value="Towing Assistance Volvo Bus" />
        <field name="importsequencenumber" value="26" />
        <field name="jarvis_name" value="3122" />
        <field name="modifiedby" value="154ef5e2-7e2f-ed11-9db1-0022489db736" lookupentity="systemuser" lookupentityname="Stephan Mars" />
        <field name="modifiedon" value="2023-03-17T09:21:03.0000000Z" />
        <field name="ownerid" value="154ef5e2-7e2f-ed11-9db1-0022489db736" lookupentity="systemuser" lookupentityname="Stephan Mars" />
        <field name="owningbusinessunit" value="c3ed74bc-152d-ed11-9db1-000d3adb48a2" lookupentity="businessunit" lookupentityname="org449d870c" />
        <field name="owninguser" value="154ef5e2-7e2f-ed11-9db1-0022489db736" lookupentity="systemuser" />
        <field name="jarvis_softoffercodeid" value="cf6281fe-a4c4-ed11-9886-000d3addc90f" />
        <field name="statecode" value="0" />
        <field name="statuscode" value="1" />
      </record>
      <record id="d16281fe-a4c4-ed11-9886-000d3addc90f">
        <field name="createdby" value="154ef5e2-7e2f-ed11-9db1-0022489db736" lookupentity="systemuser" lookupentityname="Stephan Mars" />
        <field name="createdon" value="2023-03-17T09:21:03.0000000Z" />
        <field name="jarvis_description" value="Towing Assistance Extended Volvo Bus" />
        <field name="importsequencenumber" value="26" />
        <field name="jarvis_name" value="3123" />
        <field name="modifiedby" value="154ef5e2-7e2f-ed11-9db1-0022489db736" lookupentity="systemuser" lookupentityname="Stephan Mars" />
        <field name="modifiedon" value="2023-03-17T09:21:03.0000000Z" />
        <field name="ownerid" value="154ef5e2-7e2f-ed11-9db1-0022489db736" lookupentity="systemuser" lookupentityname="Stephan Mars" />
        <field name="owningbusinessunit" value="c3ed74bc-152d-ed11-9db1-000d3adb48a2" lookupentity="businessunit" lookupentityname="org449d870c" />
        <field name="owninguser" value="154ef5e2-7e2f-ed11-9db1-0022489db736" lookupentity="systemuser" />
        <field name="jarvis_softoffercodeid" value="d16281fe-a4c4-ed11-9886-000d3addc90f" />
        <field name="statecode" value="0" />
        <field name="statuscode" value="1" />
      </record>
      <record id="d36281fe-a4c4-ed11-9886-000d3addc90f">
        <field name="createdby" value="154ef5e2-7e2f-ed11-9db1-0022489db736" lookupentity="systemuser" lookupentityname="Stephan Mars" />
        <field name="createdon" value="2023-03-17T09:21:03.0000000Z" />
        <field name="jarvis_description" value="Towing Assistance Used Trucks Volvo" />
        <field name="importsequencenumber" value="26" />
        <field name="jarvis_name" value="3124" />
        <field name="modifiedby" value="154ef5e2-7e2f-ed11-9db1-0022489db736" lookupentity="systemuser" lookupentityname="Stephan Mars" />
        <field name="modifiedon" value="2023-03-17T09:21:03.0000000Z" />
        <field name="ownerid" value="154ef5e2-7e2f-ed11-9db1-0022489db736" lookupentity="systemuser" lookupentityname="Stephan Mars" />
        <field name="owningbusinessunit" value="c3ed74bc-152d-ed11-9db1-000d3adb48a2" lookupentity="businessunit" lookupentityname="org449d870c" />
        <field name="owninguser" value="154ef5e2-7e2f-ed11-9db1-0022489db736" lookupentity="systemuser" />
        <field name="jarvis_softoffercodeid" value="d36281fe-a4c4-ed11-9886-000d3addc90f" />
        <field name="statecode" value="0" />
        <field name="statuscode" value="1" />
      </record>
      <record id="d56281fe-a4c4-ed11-9886-000d3addc90f">
        <field name="createdby" value="154ef5e2-7e2f-ed11-9db1-0022489db736" lookupentity="systemuser" lookupentityname="Stephan Mars" />
        <field name="createdon" value="2023-03-17T09:21:03.0000000Z" />
        <field name="jarvis_description" value="Towing Assistance Extended Used Trucks Volvo" />
        <field name="importsequencenumber" value="26" />
        <field name="jarvis_name" value="3125" />
        <field name="modifiedby" value="154ef5e2-7e2f-ed11-9db1-0022489db736" lookupentity="systemuser" lookupentityname="Stephan Mars" />
        <field name="modifiedon" value="2023-03-17T09:21:03.0000000Z" />
        <field name="ownerid" value="154ef5e2-7e2f-ed11-9db1-0022489db736" lookupentity="systemuser" lookupentityname="Stephan Mars" />
        <field name="owningbusinessunit" value="c3ed74bc-152d-ed11-9db1-000d3adb48a2" lookupentity="businessunit" lookupentityname="org449d870c" />
        <field name="owninguser" value="154ef5e2-7e2f-ed11-9db1-0022489db736" lookupentity="systemuser" />
        <field name="jarvis_softoffercodeid" value="d56281fe-a4c4-ed11-9886-000d3addc90f" />
        <field name="statecode" value="0" />
        <field name="statuscode" value="1" />
      </record>
      <record id="d76281fe-a4c4-ed11-9886-000d3addc90f">
        <field name="createdby" value="154ef5e2-7e2f-ed11-9db1-0022489db736" lookupentity="systemuser" lookupentityname="Stephan Mars" />
        <field name="createdon" value="2023-03-17T09:21:03.0000000Z" />
        <field name="jarvis_description" value="Uptime Promise" />
        <field name="importsequencenumber" value="26" />
        <field name="jarvis_name" value="3201" />
        <field name="modifiedby" value="154ef5e2-7e2f-ed11-9db1-0022489db736" lookupentity="systemuser" lookupentityname="Stephan Mars" />
        <field name="modifiedon" value="2023-03-17T09:21:03.0000000Z" />
        <field name="ownerid" value="154ef5e2-7e2f-ed11-9db1-0022489db736" lookupentity="systemuser" lookupentityname="Stephan Mars" />
        <field name="owningbusinessunit" value="c3ed74bc-152d-ed11-9db1-000d3adb48a2" lookupentity="businessunit" lookupentityname="org449d870c" />
        <field name="owninguser" value="154ef5e2-7e2f-ed11-9db1-0022489db736" lookupentity="systemuser" />
        <field name="jarvis_softoffercodeid" value="d76281fe-a4c4-ed11-9886-000d3addc90f" />
        <field name="statecode" value="0" />
        <field name="statuscode" value="1" />
      </record>
      <record id="d96281fe-a4c4-ed11-9886-000d3addc90f">
        <field name="createdby" value="154ef5e2-7e2f-ed11-9db1-0022489db736" lookupentity="systemuser" lookupentityname="Stephan Mars" />
        <field name="createdon" value="2023-03-17T09:21:03.0000000Z" />
        <field name="jarvis_description" value="4-hour Commitment" />
        <field name="importsequencenumber" value="26" />
        <field name="jarvis_name" value="3205" />
        <field name="modifiedby" value="154ef5e2-7e2f-ed11-9db1-0022489db736" lookupentity="systemuser" lookupentityname="Stephan Mars" />
        <field name="modifiedon" value="2023-03-17T09:21:03.0000000Z" />
        <field name="ownerid" value="154ef5e2-7e2f-ed11-9db1-0022489db736" lookupentity="systemuser" lookupentityname="Stephan Mars" />
        <field name="owningbusinessunit" value="c3ed74bc-152d-ed11-9db1-000d3adb48a2" lookupentity="businessunit" lookupentityname="org449d870c" />
        <field name="owninguser" value="154ef5e2-7e2f-ed11-9db1-0022489db736" lookupentity="systemuser" />
        <field name="jarvis_softoffercodeid" value="d96281fe-a4c4-ed11-9886-000d3addc90f" />
        <field name="statecode" value="0" />
        <field name="statuscode" value="1" />
      </record>
      <record id="db6281fe-a4c4-ed11-9886-000d3addc90f">
        <field name="createdby" value="154ef5e2-7e2f-ed11-9db1-0022489db736" lookupentity="systemuser" lookupentityname="Stephan Mars" />
        <field name="createdon" value="2023-03-17T09:21:03.0000000Z" />
        <field name="jarvis_description" value="4-hour Commitment Advanced" />
        <field name="importsequencenumber" value="26" />
        <field name="jarvis_name" value="3207" />
        <field name="modifiedby" value="154ef5e2-7e2f-ed11-9db1-0022489db736" lookupentity="systemuser" lookupentityname="Stephan Mars" />
        <field name="modifiedon" value="2023-03-17T09:21:03.0000000Z" />
        <field name="ownerid" value="154ef5e2-7e2f-ed11-9db1-0022489db736" lookupentity="systemuser" lookupentityname="Stephan Mars" />
        <field name="owningbusinessunit" value="c3ed74bc-152d-ed11-9db1-000d3adb48a2" lookupentity="businessunit" lookupentityname="org449d870c" />
        <field name="owninguser" value="154ef5e2-7e2f-ed11-9db1-0022489db736" lookupentity="systemuser" />
        <field name="jarvis_softoffercodeid" value="db6281fe-a4c4-ed11-9886-000d3addc90f" />
        <field name="statecode" value="0" />
        <field name="statuscode" value="1" />
      </record>
      <record id="dd6281fe-a4c4-ed11-9886-000d3addc90f">
        <field name="createdby" value="154ef5e2-7e2f-ed11-9db1-0022489db736" lookupentity="systemuser" lookupentityname="Stephan Mars" />
        <field name="createdon" value="2023-03-17T09:21:03.0000000Z" />
        <field name="jarvis_description" value="Towing Assistance Stand Alone Volvo Bus" />
        <field name="importsequencenumber" value="26" />
        <field name="jarvis_name" value="BA01" />
        <field name="modifiedby" value="154ef5e2-7e2f-ed11-9db1-0022489db736" lookupentity="systemuser" lookupentityname="Stephan Mars" />
        <field name="modifiedon" value="2023-03-17T09:21:03.0000000Z" />
        <field name="ownerid" value="154ef5e2-7e2f-ed11-9db1-0022489db736" lookupentity="systemuser" lookupentityname="Stephan Mars" />
        <field name="owningbusinessunit" value="c3ed74bc-152d-ed11-9db1-000d3adb48a2" lookupentity="businessunit" lookupentityname="org449d870c" />
        <field name="owninguser" value="154ef5e2-7e2f-ed11-9db1-0022489db736" lookupentity="systemuser" />
        <field name="jarvis_softoffercodeid" value="dd6281fe-a4c4-ed11-9886-000d3addc90f" />
        <field name="statecode" value="0" />
        <field name="statuscode" value="1" />
      </record>
      <record id="df6281fe-a4c4-ed11-9886-000d3addc90f">
        <field name="createdby" value="154ef5e2-7e2f-ed11-9db1-0022489db736" lookupentity="systemuser" lookupentityname="Stephan Mars" />
        <field name="createdon" value="2023-03-17T09:21:03.0000000Z" />
        <field name="jarvis_description" value="Towing Assistance Extended Stand Alone Volvo Bus" />
        <field name="importsequencenumber" value="26" />
        <field name="jarvis_name" value="BA02" />
        <field name="modifiedby" value="154ef5e2-7e2f-ed11-9db1-0022489db736" lookupentity="systemuser" lookupentityname="Stephan Mars" />
        <field name="modifiedon" value="2023-03-17T09:21:03.0000000Z" />
        <field name="ownerid" value="154ef5e2-7e2f-ed11-9db1-0022489db736" lookupentity="systemuser" lookupentityname="Stephan Mars" />
        <field name="owningbusinessunit" value="c3ed74bc-152d-ed11-9db1-000d3adb48a2" lookupentity="businessunit" lookupentityname="org449d870c" />
        <field name="owninguser" value="154ef5e2-7e2f-ed11-9db1-0022489db736" lookupentity="systemuser" />
        <field name="jarvis_softoffercodeid" value="df6281fe-a4c4-ed11-9886-000d3addc90f" />
        <field name="statecode" value="0" />
        <field name="statuscode" value="1" />
      </record>
      <record id="e16281fe-a4c4-ed11-9886-000d3addc90f">
        <field name="createdby" value="154ef5e2-7e2f-ed11-9db1-0022489db736" lookupentity="systemuser" lookupentityname="Stephan Mars" />
        <field name="createdon" value="2023-03-17T09:21:03.0000000Z" />
        <field name="jarvis_description" value="Towing Assistance Stand Alone" />
        <field name="importsequencenumber" value="26" />
        <field name="jarvis_name" value="SA01" />
        <field name="modifiedby" value="154ef5e2-7e2f-ed11-9db1-0022489db736" lookupentity="systemuser" lookupentityname="Stephan Mars" />
        <field name="modifiedon" value="2023-03-17T09:21:03.0000000Z" />
        <field name="ownerid" value="154ef5e2-7e2f-ed11-9db1-0022489db736" lookupentity="systemuser" lookupentityname="Stephan Mars" />
        <field name="owningbusinessunit" value="c3ed74bc-152d-ed11-9db1-000d3adb48a2" lookupentity="businessunit" lookupentityname="org449d870c" />
        <field name="owninguser" value="154ef5e2-7e2f-ed11-9db1-0022489db736" lookupentity="systemuser" />
        <field name="jarvis_softoffercodeid" value="e16281fe-a4c4-ed11-9886-000d3addc90f" />
        <field name="statecode" value="0" />
        <field name="statuscode" value="1" />
      </record>
    </records>
    <m2mrelationships />
  </entity>
</entities>