
<entities xmlns:xsd="http://www.w3.org/2001/XMLSchema" xmlns:xsi="http://www.w3.org/2001/XMLSchema-instance" timestamp="2023-01-04T12:43:27.0486062Z">
  <entity name="pricelevel" displayname="Price List">
    <records>
      <record id="1a0cfbab-0a77-ed11-81ab-000d3ad9bde0">
        <field name="msdyn_breakhoursbillable" value="True" />
        <field name="createdby" value="154ef5e2-7e2f-ed11-9db1-0022489db736" lookupentity="systemuser" lookupentityname="Stephan Mars" />
        <field name="createdon" value="2022-12-08T15:12:04.0000000Z" />
        <field name="transactioncurrencyid" value="a457f830-732d-ed11-9db1-000d3adb48a2" lookupentity="transactioncurrency" lookupentityname="Euro" />
        <field name="description" value="EUR - Volvo" />
        <field name="exchangerate" value="1.000000000000" />
        <field name="freighttermscode" value="1" />
        <field name="modifiedby" value="154ef5e2-7e2f-ed11-9db1-0022489db736" lookupentity="systemuser" lookupentityname="Stephan Mars" />
        <field name="modifiedon" value="2022-12-08T15:12:04.0000000Z" />
        <field name="name" value="EUR - Volvo" />
        <field name="paymentmethodcode" value="1" />
        <field name="pricelevelid" value="1a0cfbab-0a77-ed11-81ab-000d3ad9bde0" />
        <field name="shippingmethodcode" value="1" />
        <field name="statecode" value="0" />
        <field name="statuscode" value="100001" />
      </record>
      <record id="636d60e3-0a77-ed11-81ab-000d3ad9bde0">
        <field name="msdyn_breakhoursbillable" value="True" />
        <field name="createdby" value="154ef5e2-7e2f-ed11-9db1-0022489db736" lookupentity="systemuser" lookupentityname="Stephan Mars" />
        <field name="createdon" value="2022-12-08T15:13:37.0000000Z" />
        <field name="transactioncurrencyid" value="d9310c97-b46a-ed11-9561-0022489d0994" lookupentity="transactioncurrency" lookupentityname="Czech Koruna" />
        <field name="description" value="CZK - Volvo" />
        <field name="exchangerate" value="1.000000000000" />
        <field name="freighttermscode" value="1" />
        <field name="modifiedby" value="154ef5e2-7e2f-ed11-9db1-0022489db736" lookupentity="systemuser" lookupentityname="Stephan Mars" />
        <field name="modifiedon" value="2022-12-08T15:13:37.0000000Z" />
        <field name="name" value="CZK - Volvo" />
        <field name="paymentmethodcode" value="1" />
        <field name="pricelevelid" value="636d60e3-0a77-ed11-81ab-000d3ad9bde0" />
        <field name="shippingmethodcode" value="1" />
        <field name="statecode" value="0" />
        <field name="statuscode" value="100001" />
      </record>
      <record id="76f19913-0b77-ed11-81ab-000d3ad9bde0">
        <field name="msdyn_breakhoursbillable" value="True" />
        <field name="createdby" value="154ef5e2-7e2f-ed11-9db1-0022489db736" lookupentity="systemuser" lookupentityname="Stephan Mars" />
        <field name="createdon" value="2022-12-08T15:15:02.0000000Z" />
        <field name="transactioncurrencyid" value="1fc483bd-b46a-ed11-9561-0022489d0994" lookupentity="transactioncurrency" lookupentityname="Danish Krone" />
        <field name="description" value="DKK - Volvo" />
        <field name="exchangerate" value="1.000000000000" />
        <field name="freighttermscode" value="1" />
        <field name="modifiedby" value="154ef5e2-7e2f-ed11-9db1-0022489db736" lookupentity="systemuser" lookupentityname="Stephan Mars" />
        <field name="modifiedon" value="2022-12-08T15:15:02.0000000Z" />
        <field name="name" value="DKK - Volvo" />
        <field name="paymentmethodcode" value="1" />
        <field name="pricelevelid" value="76f19913-0b77-ed11-81ab-000d3ad9bde0" />
        <field name="shippingmethodcode" value="1" />
        <field name="statecode" value="0" />
        <field name="statuscode" value="100001" />
      </record>
      <record id="5809a03c-0b77-ed11-81ab-000d3ad9bde0">
        <field name="msdyn_breakhoursbillable" value="True" />
        <field name="createdby" value="154ef5e2-7e2f-ed11-9db1-0022489db736" lookupentity="systemuser" lookupentityname="Stephan Mars" />
        <field name="createdon" value="2022-12-08T15:16:07.0000000Z" />
        <field name="transactioncurrencyid" value="edbf8cb0-b46a-ed11-9561-0022489d0994" lookupentity="transactioncurrency" lookupentityname="Hungarian Forint" />
        <field name="description" value="HUF - Volvo" />
        <field name="exchangerate" value="1.000000000000" />
        <field name="freighttermscode" value="1" />
        <field name="modifiedby" value="154ef5e2-7e2f-ed11-9db1-0022489db736" lookupentity="systemuser" lookupentityname="Stephan Mars" />
        <field name="modifiedon" value="2022-12-08T15:16:07.0000000Z" />
        <field name="name" value="HUF - Volvo" />
        <field name="paymentmethodcode" value="1" />
        <field name="pricelevelid" value="5809a03c-0b77-ed11-81ab-000d3ad9bde0" />
        <field name="shippingmethodcode" value="1" />
        <field name="statecode" value="0" />
        <field name="statuscode" value="100001" />
      </record>
      <record id="c79d3561-0b77-ed11-81ab-000d3ad9bde0">
        <field name="msdyn_breakhoursbillable" value="True" />
        <field name="createdby" value="154ef5e2-7e2f-ed11-9db1-0022489db736" lookupentity="systemuser" lookupentityname="Stephan Mars" />
        <field name="createdon" value="2022-12-08T15:17:08.0000000Z" />
        <field name="transactioncurrencyid" value="418a075b-b56a-ed11-9561-0022489d0994" lookupentity="transactioncurrency" lookupentityname="Norwegian Krone" />
        <field name="description" value="NOK - Volvo" />
        <field name="exchangerate" value="1.000000000000" />
        <field name="freighttermscode" value="1" />
        <field name="modifiedby" value="154ef5e2-7e2f-ed11-9db1-0022489db736" lookupentity="systemuser" lookupentityname="Stephan Mars" />
        <field name="modifiedon" value="2022-12-08T15:17:08.0000000Z" />
        <field name="name" value="NOK - Volvo" />
        <field name="paymentmethodcode" value="1" />
        <field name="pricelevelid" value="c79d3561-0b77-ed11-81ab-000d3ad9bde0" />
        <field name="shippingmethodcode" value="1" />
        <field name="statecode" value="0" />
        <field name="statuscode" value="100001" />
      </record>
      <record id="a9d90b93-0b77-ed11-81ab-000d3ad9bde0">
        <field name="msdyn_breakhoursbillable" value="True" />
        <field name="createdby" value="154ef5e2-7e2f-ed11-9db1-0022489db736" lookupentity="systemuser" lookupentityname="Stephan Mars" />
        <field name="createdon" value="2022-12-08T15:18:32.0000000Z" />
        <field name="transactioncurrencyid" value="39386bc9-b56a-ed11-9561-0022489d0994" lookupentity="transactioncurrency" lookupentityname="Polish Zloty" />
        <field name="exchangerate" value="1.000000000000" />
        <field name="freighttermscode" value="1" />
        <field name="modifiedby" value="154ef5e2-7e2f-ed11-9db1-0022489db736" lookupentity="systemuser" lookupentityname="Stephan Mars" />
        <field name="modifiedon" value="2022-12-08T15:18:32.0000000Z" />
        <field name="name" value="PLN - Volvo" />
        <field name="paymentmethodcode" value="1" />
        <field name="pricelevelid" value="a9d90b93-0b77-ed11-81ab-000d3ad9bde0" />
        <field name="shippingmethodcode" value="1" />
        <field name="statecode" value="0" />
        <field name="statuscode" value="100001" />
      </record>
      <record id="c1eec3b8-0b77-ed11-81ab-000d3ad9bde0">
        <field name="msdyn_breakhoursbillable" value="True" />
        <field name="createdby" value="154ef5e2-7e2f-ed11-9db1-0022489db736" lookupentity="systemuser" lookupentityname="Stephan Mars" />
        <field name="createdon" value="2022-12-08T15:19:35.0000000Z" />
        <field name="transactioncurrencyid" value="80b1d7a8-b56a-ed11-9561-0022489d0994" lookupentity="transactioncurrency" lookupentityname="Pound Sterling" />
        <field name="exchangerate" value="1.000000000000" />
        <field name="freighttermscode" value="1" />
        <field name="modifiedby" value="154ef5e2-7e2f-ed11-9db1-0022489db736" lookupentity="systemuser" lookupentityname="Stephan Mars" />
        <field name="modifiedon" value="2022-12-08T15:19:35.0000000Z" />
        <field name="name" value="GBP Volvo" />
        <field name="paymentmethodcode" value="1" />
        <field name="pricelevelid" value="c1eec3b8-0b77-ed11-81ab-000d3ad9bde0" />
        <field name="shippingmethodcode" value="1" />
        <field name="statecode" value="0" />
        <field name="statuscode" value="100001" />
      </record>
      <record id="73e993e0-0b77-ed11-81ab-000d3ad9bde0">
        <field name="msdyn_breakhoursbillable" value="True" />
        <field name="createdby" value="154ef5e2-7e2f-ed11-9db1-0022489db736" lookupentity="systemuser" lookupentityname="Stephan Mars" />
        <field name="createdon" value="2022-12-08T15:20:42.0000000Z" />
        <field name="transactioncurrencyid" value="21955c7e-b56a-ed11-9561-0022489d0994" lookupentity="transactioncurrency" lookupentityname="Swedish Krona" />
        <field name="description" value="SEK - Volvo" />
        <field name="exchangerate" value="1.000000000000" />
        <field name="freighttermscode" value="1" />
        <field name="modifiedby" value="154ef5e2-7e2f-ed11-9db1-0022489db736" lookupentity="systemuser" lookupentityname="Stephan Mars" />
        <field name="modifiedon" value="2022-12-08T15:20:42.0000000Z" />
        <field name="name" value="SEK - Volvo" />
        <field name="paymentmethodcode" value="1" />
        <field name="pricelevelid" value="73e993e0-0b77-ed11-81ab-000d3ad9bde0" />
        <field name="shippingmethodcode" value="1" />
        <field name="statecode" value="0" />
        <field name="statuscode" value="100001" />
      </record>
      <record id="f2ce080a-0c77-ed11-81ab-000d3ad9bde0">
        <field name="msdyn_breakhoursbillable" value="True" />
        <field name="createdby" value="154ef5e2-7e2f-ed11-9db1-0022489db736" lookupentity="systemuser" lookupentityname="Stephan Mars" />
        <field name="createdon" value="2022-12-08T15:21:52.0000000Z" />
        <field name="transactioncurrencyid" value="f88c26f1-b56a-ed11-9561-0022489d0994" lookupentity="transactioncurrency" lookupentityname="Swiss Franc" />
        <field name="description" value="CHF - Volvo" />
        <field name="exchangerate" value="1.000000000000" />
        <field name="freighttermscode" value="1" />
        <field name="modifiedby" value="154ef5e2-7e2f-ed11-9db1-0022489db736" lookupentity="systemuser" lookupentityname="Stephan Mars" />
        <field name="modifiedon" value="2022-12-08T15:21:52.0000000Z" />
        <field name="name" value="CHF - Volvo" />
        <field name="paymentmethodcode" value="1" />
        <field name="pricelevelid" value="f2ce080a-0c77-ed11-81ab-000d3ad9bde0" />
        <field name="shippingmethodcode" value="1" />
        <field name="statecode" value="0" />
        <field name="statuscode" value="100001" />
      </record>
      <record id="49c93d2b-0c77-ed11-81ab-000d3ad9bde0">
        <field name="msdyn_breakhoursbillable" value="True" />
        <field name="createdby" value="154ef5e2-7e2f-ed11-9db1-0022489db736" lookupentity="systemuser" lookupentityname="Stephan Mars" />
        <field name="createdon" value="2022-12-08T15:22:52.0000000Z" />
        <field name="transactioncurrencyid" value="743b32de-b56a-ed11-9561-0022489d0994" lookupentity="transactioncurrency" lookupentityname="South African Rand" />
        <field name="description" value="ZAR - Volvo (Values not provided hence 0,00 ZAR)" />
        <field name="exchangerate" value="1.000000000000" />
        <field name="freighttermscode" value="1" />
        <field name="modifiedby" value="154ef5e2-7e2f-ed11-9db1-0022489db736" lookupentity="systemuser" lookupentityname="Stephan Mars" />
        <field name="modifiedon" value="2023-01-03T09:41:57.0000000Z" />
        <field name="name" value="ZAR - Volvo" />
        <field name="paymentmethodcode" value="1" />
        <field name="pricelevelid" value="49c93d2b-0c77-ed11-81ab-000d3ad9bde0" />
        <field name="shippingmethodcode" value="1" />
        <field name="statecode" value="0" />
        <field name="statuscode" value="100001" />
      </record>
      <record id="4da39138-0c77-ed11-81ab-000d3ad9bde0">
        <field name="msdyn_breakhoursbillable" value="True" />
        <field name="createdby" value="154ef5e2-7e2f-ed11-9db1-0022489db736" lookupentity="systemuser" lookupentityname="Stephan Mars" />
        <field name="createdon" value="2022-12-08T15:23:10.0000000Z" />
        <field name="transactioncurrencyid" value="b80d668a-b46a-ed11-9561-0022489d0994" lookupentity="transactioncurrency" lookupentityname="Australian Dollar" />
        <field name="description" value="AUD - Volvo (Values not provided hence 0,00 AUD)" />
        <field name="exchangerate" value="1.000000000000" />
        <field name="freighttermscode" value="1" />
        <field name="modifiedby" value="154ef5e2-7e2f-ed11-9db1-0022489db736" lookupentity="systemuser" lookupentityname="Stephan Mars" />
        <field name="modifiedon" value="2023-01-03T09:39:00.0000000Z" />
        <field name="name" value="AUD - Volvo" />
        <field name="paymentmethodcode" value="1" />
        <field name="pricelevelid" value="4da39138-0c77-ed11-81ab-000d3ad9bde0" />
        <field name="shippingmethodcode" value="1" />
        <field name="statecode" value="0" />
        <field name="statuscode" value="100001" />
      </record>
      <record id="c266fd49-0c77-ed11-81ab-000d3ad9bde0">
        <field name="msdyn_breakhoursbillable" value="True" />
        <field name="createdby" value="154ef5e2-7e2f-ed11-9db1-0022489db736" lookupentity="systemuser" lookupentityname="Stephan Mars" />
        <field name="createdon" value="2022-12-08T15:23:40.0000000Z" />
        <field name="transactioncurrencyid" value="a0207f79-d06b-ed11-9561-000d3ad9bde0" lookupentity="transactioncurrency" lookupentityname="US Dollar" />
        <field name="description" value="USD - Volvo (Values not provided hence 0,00 USD)" />
        <field name="exchangerate" value="1.000000000000" />
        <field name="freighttermscode" value="1" />
        <field name="modifiedby" value="154ef5e2-7e2f-ed11-9db1-0022489db736" lookupentity="systemuser" lookupentityname="Stephan Mars" />
        <field name="modifiedon" value="2023-01-03T09:40:06.0000000Z" />
        <field name="name" value="USD - Volvo" />
        <field name="paymentmethodcode" value="1" />
        <field name="pricelevelid" value="c266fd49-0c77-ed11-81ab-000d3ad9bde0" />
        <field name="shippingmethodcode" value="1" />
        <field name="statecode" value="0" />
        <field name="statuscode" value="100001" />
      </record>
      <record id="3fb06d86-0d77-ed11-81ab-000d3ad9bde0">
        <field name="msdyn_breakhoursbillable" value="True" />
        <field name="createdby" value="154ef5e2-7e2f-ed11-9db1-0022489db736" lookupentity="systemuser" lookupentityname="Stephan Mars" />
        <field name="createdon" value="2022-12-08T15:32:38.0000000Z" />
        <field name="transactioncurrencyid" value="a457f830-732d-ed11-9db1-000d3adb48a2" lookupentity="transactioncurrency" lookupentityname="Euro" />
        <field name="description" value="EUR - Renault" />
        <field name="exchangerate" value="1.000000000000" />
        <field name="freighttermscode" value="1" />
        <field name="modifiedby" value="154ef5e2-7e2f-ed11-9db1-0022489db736" lookupentity="systemuser" lookupentityname="Stephan Mars" />
        <field name="modifiedon" value="2022-12-08T15:32:38.0000000Z" />
        <field name="name" value="EUR - Renault" />
        <field name="paymentmethodcode" value="1" />
        <field name="pricelevelid" value="3fb06d86-0d77-ed11-81ab-000d3ad9bde0" />
        <field name="shippingmethodcode" value="1" />
        <field name="statecode" value="0" />
        <field name="statuscode" value="100001" />
      </record>
      <record id="26510f9b-0d77-ed11-81ab-000d3ad9bde0">
        <field name="msdyn_breakhoursbillable" value="True" />
        <field name="createdby" value="154ef5e2-7e2f-ed11-9db1-0022489db736" lookupentity="systemuser" lookupentityname="Stephan Mars" />
        <field name="createdon" value="2022-12-08T15:33:04.0000000Z" />
        <field name="transactioncurrencyid" value="d9310c97-b46a-ed11-9561-0022489d0994" lookupentity="transactioncurrency" lookupentityname="Czech Koruna" />
        <field name="description" value="CZK - Renault" />
        <field name="exchangerate" value="1.000000000000" />
        <field name="freighttermscode" value="1" />
        <field name="modifiedby" value="154ef5e2-7e2f-ed11-9db1-0022489db736" lookupentity="systemuser" lookupentityname="Stephan Mars" />
        <field name="modifiedon" value="2022-12-08T15:33:04.0000000Z" />
        <field name="name" value="CZK - Renault" />
        <field name="paymentmethodcode" value="1" />
        <field name="pricelevelid" value="26510f9b-0d77-ed11-81ab-000d3ad9bde0" />
        <field name="shippingmethodcode" value="1" />
        <field name="statecode" value="0" />
        <field name="statuscode" value="100001" />
      </record>
      <record id="d00da2a7-0d77-ed11-81ab-000d3ad9bde0">
        <field name="msdyn_breakhoursbillable" value="True" />
        <field name="createdby" value="154ef5e2-7e2f-ed11-9db1-0022489db736" lookupentity="systemuser" lookupentityname="Stephan Mars" />
        <field name="createdon" value="2022-12-08T15:33:25.0000000Z" />
        <field name="transactioncurrencyid" value="1fc483bd-b46a-ed11-9561-0022489d0994" lookupentity="transactioncurrency" lookupentityname="Danish Krone" />
        <field name="description" value="DKK - Renault" />
        <field name="exchangerate" value="1.000000000000" />
        <field name="freighttermscode" value="1" />
        <field name="modifiedby" value="154ef5e2-7e2f-ed11-9db1-0022489db736" lookupentity="systemuser" lookupentityname="Stephan Mars" />
        <field name="modifiedon" value="2022-12-08T15:33:25.0000000Z" />
        <field name="name" value="DKK - Renault" />
        <field name="paymentmethodcode" value="1" />
        <field name="pricelevelid" value="d00da2a7-0d77-ed11-81ab-000d3ad9bde0" />
        <field name="shippingmethodcode" value="1" />
        <field name="statecode" value="0" />
        <field name="statuscode" value="100001" />
      </record>
      <record id="686ffeb2-0d77-ed11-81ab-000d3ad9bde0">
        <field name="msdyn_breakhoursbillable" value="True" />
        <field name="createdby" value="154ef5e2-7e2f-ed11-9db1-0022489db736" lookupentity="systemuser" lookupentityname="Stephan Mars" />
        <field name="createdon" value="2022-12-08T15:33:45.0000000Z" />
        <field name="transactioncurrencyid" value="edbf8cb0-b46a-ed11-9561-0022489d0994" lookupentity="transactioncurrency" lookupentityname="Hungarian Forint" />
        <field name="description" value="HUF - Renault" />
        <field name="exchangerate" value="1.000000000000" />
        <field name="freighttermscode" value="1" />
        <field name="modifiedby" value="154ef5e2-7e2f-ed11-9db1-0022489db736" lookupentity="systemuser" lookupentityname="Stephan Mars" />
        <field name="modifiedon" value="2022-12-08T15:33:45.0000000Z" />
        <field name="name" value="HUF - Renault" />
        <field name="paymentmethodcode" value="1" />
        <field name="pricelevelid" value="686ffeb2-0d77-ed11-81ab-000d3ad9bde0" />
        <field name="shippingmethodcode" value="1" />
        <field name="statecode" value="0" />
        <field name="statuscode" value="100001" />
      </record>
      <record id="0b382ec6-0d77-ed11-81ab-000d3ad9bde0">
        <field name="msdyn_breakhoursbillable" value="True" />
        <field name="createdby" value="154ef5e2-7e2f-ed11-9db1-0022489db736" lookupentity="systemuser" lookupentityname="Stephan Mars" />
        <field name="createdon" value="2022-12-08T15:34:18.0000000Z" />
        <field name="transactioncurrencyid" value="418a075b-b56a-ed11-9561-0022489d0994" lookupentity="transactioncurrency" lookupentityname="Norwegian Krone" />
        <field name="description" value="NOK - Renault" />
        <field name="exchangerate" value="1.000000000000" />
        <field name="freighttermscode" value="1" />
        <field name="modifiedby" value="154ef5e2-7e2f-ed11-9db1-0022489db736" lookupentity="systemuser" lookupentityname="Stephan Mars" />
        <field name="modifiedon" value="2022-12-08T15:34:18.0000000Z" />
        <field name="name" value="NOK - Renault" />
        <field name="paymentmethodcode" value="1" />
        <field name="pricelevelid" value="0b382ec6-0d77-ed11-81ab-000d3ad9bde0" />
        <field name="shippingmethodcode" value="1" />
        <field name="statecode" value="0" />
        <field name="statuscode" value="100001" />
      </record>
      <record id="b1363bd0-0d77-ed11-81ab-000d3ad9bde0">
        <field name="msdyn_breakhoursbillable" value="True" />
        <field name="createdby" value="154ef5e2-7e2f-ed11-9db1-0022489db736" lookupentity="systemuser" lookupentityname="Stephan Mars" />
        <field name="createdon" value="2022-12-08T15:34:34.0000000Z" />
        <field name="transactioncurrencyid" value="39386bc9-b56a-ed11-9561-0022489d0994" lookupentity="transactioncurrency" lookupentityname="Polish Zloty" />
        <field name="description" value="PLN - Renault" />
        <field name="exchangerate" value="1.000000000000" />
        <field name="freighttermscode" value="1" />
        <field name="modifiedby" value="154ef5e2-7e2f-ed11-9db1-0022489db736" lookupentity="systemuser" lookupentityname="Stephan Mars" />
        <field name="modifiedon" value="2022-12-08T15:34:34.0000000Z" />
        <field name="name" value="PLN - Renault" />
        <field name="paymentmethodcode" value="1" />
        <field name="pricelevelid" value="b1363bd0-0d77-ed11-81ab-000d3ad9bde0" />
        <field name="shippingmethodcode" value="1" />
        <field name="statecode" value="0" />
        <field name="statuscode" value="100001" />
      </record>
      <record id="2e15fcda-0d77-ed11-81ab-000d3ad9bde0">
        <field name="msdyn_breakhoursbillable" value="True" />
        <field name="createdby" value="154ef5e2-7e2f-ed11-9db1-0022489db736" lookupentity="systemuser" lookupentityname="Stephan Mars" />
        <field name="createdon" value="2022-12-08T15:34:52.0000000Z" />
        <field name="transactioncurrencyid" value="80b1d7a8-b56a-ed11-9561-0022489d0994" lookupentity="transactioncurrency" lookupentityname="Pound Sterling" />
        <field name="description" value="GBP - Renault" />
        <field name="exchangerate" value="1.000000000000" />
        <field name="freighttermscode" value="1" />
        <field name="modifiedby" value="154ef5e2-7e2f-ed11-9db1-0022489db736" lookupentity="systemuser" lookupentityname="Stephan Mars" />
        <field name="modifiedon" value="2022-12-08T15:34:52.0000000Z" />
        <field name="name" value="GBP - Renault" />
        <field name="paymentmethodcode" value="1" />
        <field name="pricelevelid" value="2e15fcda-0d77-ed11-81ab-000d3ad9bde0" />
        <field name="shippingmethodcode" value="1" />
        <field name="statecode" value="0" />
        <field name="statuscode" value="100001" />
      </record>
      <record id="b0d5ede2-0d77-ed11-81ab-000d3ad9bde0">
        <field name="msdyn_breakhoursbillable" value="True" />
        <field name="createdby" value="154ef5e2-7e2f-ed11-9db1-0022489db736" lookupentity="systemuser" lookupentityname="Stephan Mars" />
        <field name="createdon" value="2022-12-08T15:35:11.0000000Z" />
        <field name="transactioncurrencyid" value="743b32de-b56a-ed11-9561-0022489d0994" lookupentity="transactioncurrency" lookupentityname="South African Rand" />
        <field name="description" value="ZAR - Renault (Values not provided hence 0,00 ZAR)" />
        <field name="exchangerate" value="1.000000000000" />
        <field name="freighttermscode" value="1" />
        <field name="modifiedby" value="154ef5e2-7e2f-ed11-9db1-0022489db736" lookupentity="systemuser" lookupentityname="Stephan Mars" />
        <field name="modifiedon" value="2023-01-03T09:41:49.0000000Z" />
        <field name="name" value="ZAR - Renault" />
        <field name="paymentmethodcode" value="1" />
        <field name="pricelevelid" value="b0d5ede2-0d77-ed11-81ab-000d3ad9bde0" />
        <field name="shippingmethodcode" value="1" />
        <field name="statecode" value="0" />
        <field name="statuscode" value="100001" />
      </record>
      <record id="54fbedea-0d77-ed11-81ab-000d3ad9bde0">
        <field name="msdyn_breakhoursbillable" value="True" />
        <field name="createdby" value="154ef5e2-7e2f-ed11-9db1-0022489db736" lookupentity="systemuser" lookupentityname="Stephan Mars" />
        <field name="createdon" value="2022-12-08T15:35:25.0000000Z" />
        <field name="transactioncurrencyid" value="21955c7e-b56a-ed11-9561-0022489d0994" lookupentity="transactioncurrency" lookupentityname="Swedish Krona" />
        <field name="exchangerate" value="1.000000000000" />
        <field name="freighttermscode" value="1" />
        <field name="modifiedby" value="154ef5e2-7e2f-ed11-9db1-0022489db736" lookupentity="systemuser" lookupentityname="Stephan Mars" />
        <field name="modifiedon" value="2022-12-08T15:35:25.0000000Z" />
        <field name="name" value="SEK - Renault" />
        <field name="paymentmethodcode" value="1" />
        <field name="pricelevelid" value="54fbedea-0d77-ed11-81ab-000d3ad9bde0" />
        <field name="shippingmethodcode" value="1" />
        <field name="statecode" value="0" />
        <field name="statuscode" value="100001" />
      </record>
      <record id="f32f29f2-0d77-ed11-81ab-000d3ad9bde0">
        <field name="msdyn_breakhoursbillable" value="True" />
        <field name="createdby" value="154ef5e2-7e2f-ed11-9db1-0022489db736" lookupentity="systemuser" lookupentityname="Stephan Mars" />
        <field name="createdon" value="2022-12-08T15:35:40.0000000Z" />
        <field name="transactioncurrencyid" value="f88c26f1-b56a-ed11-9561-0022489d0994" lookupentity="transactioncurrency" lookupentityname="Swiss Franc" />
        <field name="description" value="CHF - Renault" />
        <field name="exchangerate" value="1.000000000000" />
        <field name="freighttermscode" value="1" />
        <field name="modifiedby" value="154ef5e2-7e2f-ed11-9db1-0022489db736" lookupentity="systemuser" lookupentityname="Stephan Mars" />
        <field name="modifiedon" value="2022-12-08T15:35:40.0000000Z" />
        <field name="name" value="CHF - Renault" />
        <field name="paymentmethodcode" value="1" />
        <field name="pricelevelid" value="f32f29f2-0d77-ed11-81ab-000d3ad9bde0" />
        <field name="shippingmethodcode" value="1" />
        <field name="statecode" value="0" />
        <field name="statuscode" value="100001" />
      </record>
      <record id="40d7b700-0e77-ed11-81ab-000d3ad9bde0">
        <field name="msdyn_breakhoursbillable" value="True" />
        <field name="createdby" value="154ef5e2-7e2f-ed11-9db1-0022489db736" lookupentity="systemuser" lookupentityname="Stephan Mars" />
        <field name="createdon" value="2022-12-08T15:35:55.0000000Z" />
        <field name="transactioncurrencyid" value="b80d668a-b46a-ed11-9561-0022489d0994" lookupentity="transactioncurrency" lookupentityname="Australian Dollar" />
        <field name="description" value="AUD - Renault (Values not provided hence 0,00 AUD)" />
        <field name="exchangerate" value="1.000000000000" />
        <field name="freighttermscode" value="1" />
        <field name="modifiedby" value="154ef5e2-7e2f-ed11-9db1-0022489db736" lookupentity="systemuser" lookupentityname="Stephan Mars" />
        <field name="modifiedon" value="2023-01-03T09:38:19.0000000Z" />
        <field name="name" value="AUD - Renault" />
        <field name="paymentmethodcode" value="1" />
        <field name="pricelevelid" value="40d7b700-0e77-ed11-81ab-000d3ad9bde0" />
        <field name="shippingmethodcode" value="1" />
        <field name="statecode" value="0" />
        <field name="statuscode" value="100001" />
      </record>
      <record id="4435e20a-0e77-ed11-81ab-000d3ad9bde0">
        <field name="msdyn_breakhoursbillable" value="True" />
        <field name="createdby" value="154ef5e2-7e2f-ed11-9db1-0022489db736" lookupentity="systemuser" lookupentityname="Stephan Mars" />
        <field name="createdon" value="2022-12-08T15:36:12.0000000Z" />
        <field name="transactioncurrencyid" value="a0207f79-d06b-ed11-9561-000d3ad9bde0" lookupentity="transactioncurrency" lookupentityname="US Dollar" />
        <field name="description" value="USD - Renault (Values not provided hence 0,00 USD)" />
        <field name="exchangerate" value="1.000000000000" />
        <field name="freighttermscode" value="1" />
        <field name="modifiedby" value="154ef5e2-7e2f-ed11-9db1-0022489db736" lookupentity="systemuser" lookupentityname="Stephan Mars" />
        <field name="modifiedon" value="2023-01-03T09:40:01.0000000Z" />
        <field name="name" value="USD - Renault" />
        <field name="paymentmethodcode" value="1" />
        <field name="pricelevelid" value="4435e20a-0e77-ed11-81ab-000d3ad9bde0" />
        <field name="shippingmethodcode" value="1" />
        <field name="statecode" value="0" />
        <field name="statuscode" value="100001" />
      </record>
      <record id="d7b10c9e-5175-ed11-81ab-0022489d0994">
        <field name="msdyn_breakhoursbillable" value="True" />
        <field name="createdby" value="154ef5e2-7e2f-ed11-9db1-0022489db736" lookupentity="systemuser" lookupentityname="Stephan Mars" />
        <field name="createdon" value="2022-12-06T10:34:53.0000000Z" />
        <field name="transactioncurrencyid" value="a457f830-732d-ed11-9db1-000d3adb48a2" lookupentity="transactioncurrency" lookupentityname="Euro" />
        <field name="description" value="Default used for Work Orders. No Pricelist Items needed." />
        <field name="exchangerate" value="1.000000000000" />
        <field name="freighttermscode" value="1" />
        <field name="modifiedby" value="154ef5e2-7e2f-ed11-9db1-0022489db736" lookupentity="systemuser" lookupentityname="Stephan Mars" />
        <field name="modifiedon" value="2023-01-03T09:44:08.0000000Z" />
        <field name="name" value="Default" />
        <field name="paymentmethodcode" value="1" />
        <field name="pricelevelid" value="d7b10c9e-5175-ed11-81ab-0022489d0994" />
        <field name="shippingmethodcode" value="1" />
        <field name="statecode" value="0" />
        <field name="statuscode" value="100001" />
      </record>
    </records>
    <m2mrelationships />
  </entity>
</entities>