
<entities xmlns:xsd="http://www.w3.org/2001/XMLSchema" xmlns:xsi="http://www.w3.org/2001/XMLSchema-instance" timestamp="2023-02-15T09:37:25.5165157Z">
  <entity name="msdyn_incidenttypecharacteristic" displayname="Incident Type Characteristic">
    <records>
      <record id="dc1fe8f4-bb70-ed11-9561-000d3ad9bde0">
        <field name="createdby" value="154ef5e2-7e2f-ed11-9db1-0022489db736" lookupentity="systemuser" lookupentityname="Stephan Mars" />
        <field name="createdon" value="2022-11-30T14:33:34.0000000Z" />
        <field name="msdyn_incidenttype" value="8cb9b9db-bb70-ed11-9561-000d3ad9bde0" lookupentity="msdyn_incidenttype" lookupentityname="Electric" />
        <field name="msdyn_incidenttypecharacteristicid" value="dc1fe8f4-bb70-ed11-9561-000d3ad9bde0" />
        <field name="modifiedby" value="154ef5e2-7e2f-ed11-9db1-0022489db736" lookupentity="systemuser" lookupentityname="Stephan Mars" />
        <field name="modifiedon" value="2022-11-30T14:33:34.0000000Z" />
        <field name="ownerid" value="154ef5e2-7e2f-ed11-9db1-0022489db736" lookupentity="systemuser" lookupentityname="Stephan Mars" />
        <field name="owningbusinessunit" value="c3ed74bc-152d-ed11-9db1-000d3adb48a2" lookupentity="businessunit" lookupentityname="org449d870c" />
        <field name="owninguser" value="154ef5e2-7e2f-ed11-9db1-0022489db736" lookupentity="systemuser" />
        <field name="msdyn_characteristic" value="ef35647c-556b-ed11-9561-0022489d0994" lookupentity="characteristic" lookupentityname="Electric Vehicle Certified" />
        <field name="statecode" value="0" />
        <field name="statuscode" value="1" />
      </record>
      <record id="5c4136fb-bb70-ed11-9561-000d3ad9bde0">
        <field name="createdby" value="154ef5e2-7e2f-ed11-9db1-0022489db736" lookupentity="systemuser" lookupentityname="Stephan Mars" />
        <field name="createdon" value="2022-11-30T14:33:47.0000000Z" />
        <field name="msdyn_incidenttype" value="2ed836d5-bb70-ed11-9561-000d3ad9bde0" lookupentity="msdyn_incidenttype" lookupentityname="LNG" />
        <field name="msdyn_incidenttypecharacteristicid" value="5c4136fb-bb70-ed11-9561-000d3ad9bde0" />
        <field name="modifiedby" value="154ef5e2-7e2f-ed11-9db1-0022489db736" lookupentity="systemuser" lookupentityname="Stephan Mars" />
        <field name="modifiedon" value="2022-11-30T14:33:47.0000000Z" />
        <field name="ownerid" value="154ef5e2-7e2f-ed11-9db1-0022489db736" lookupentity="systemuser" lookupentityname="Stephan Mars" />
        <field name="owningbusinessunit" value="c3ed74bc-152d-ed11-9db1-000d3adb48a2" lookupentity="businessunit" lookupentityname="org449d870c" />
        <field name="owninguser" value="154ef5e2-7e2f-ed11-9db1-0022489db736" lookupentity="systemuser" />
        <field name="msdyn_characteristic" value="6fe8e583-556b-ed11-9561-0022489d0994" lookupentity="characteristic" lookupentityname="LNG Vehicle Certified" />
        <field name="statecode" value="0" />
        <field name="statuscode" value="1" />
      </record>
      <record id="4a667b01-bc70-ed11-9561-000d3ad9bde0">
        <field name="createdby" value="154ef5e2-7e2f-ed11-9db1-0022489db736" lookupentity="systemuser" lookupentityname="Stephan Mars" />
        <field name="createdon" value="2022-11-30T14:33:58.0000000Z" />
        <field name="msdyn_incidenttype" value="3af78feb-bb70-ed11-9561-000d3ad9bde0" lookupentity="msdyn_incidenttype" lookupentityname="Renault Trucks" />
        <field name="msdyn_incidenttypecharacteristicid" value="4a667b01-bc70-ed11-9561-000d3ad9bde0" />
        <field name="modifiedby" value="154ef5e2-7e2f-ed11-9db1-0022489db736" lookupentity="systemuser" lookupentityname="Stephan Mars" />
        <field name="modifiedon" value="2022-11-30T14:33:58.0000000Z" />
        <field name="ownerid" value="154ef5e2-7e2f-ed11-9db1-0022489db736" lookupentity="systemuser" lookupentityname="Stephan Mars" />
        <field name="owningbusinessunit" value="c3ed74bc-152d-ed11-9db1-000d3adb48a2" lookupentity="businessunit" lookupentityname="org449d870c" />
        <field name="owninguser" value="154ef5e2-7e2f-ed11-9db1-0022489db736" lookupentity="systemuser" />
        <field name="msdyn_characteristic" value="d91c1592-556b-ed11-9561-0022489d0994" lookupentity="characteristic" lookupentityname="Renault Trucks" />
        <field name="statecode" value="0" />
        <field name="statuscode" value="1" />
      </record>
      <record id="b8bac807-bc70-ed11-9561-000d3ad9bde0">
        <field name="createdby" value="154ef5e2-7e2f-ed11-9db1-0022489db736" lookupentity="systemuser" lookupentityname="Stephan Mars" />
        <field name="createdon" value="2022-11-30T14:34:07.0000000Z" />
        <field name="msdyn_incidenttype" value="a7614fe2-bb70-ed11-9561-000d3ad9bde0" lookupentity="msdyn_incidenttype" lookupentityname="Towing" />
        <field name="msdyn_incidenttypecharacteristicid" value="b8bac807-bc70-ed11-9561-000d3ad9bde0" />
        <field name="modifiedby" value="154ef5e2-7e2f-ed11-9db1-0022489db736" lookupentity="systemuser" lookupentityname="Stephan Mars" />
        <field name="modifiedon" value="2022-11-30T14:34:07.0000000Z" />
        <field name="ownerid" value="154ef5e2-7e2f-ed11-9db1-0022489db736" lookupentity="systemuser" lookupentityname="Stephan Mars" />
        <field name="owningbusinessunit" value="c3ed74bc-152d-ed11-9db1-000d3adb48a2" lookupentity="businessunit" lookupentityname="org449d870c" />
        <field name="owninguser" value="154ef5e2-7e2f-ed11-9db1-0022489db736" lookupentity="systemuser" />
        <field name="msdyn_characteristic" value="b6690d98-556b-ed11-9561-0022489d0994" lookupentity="characteristic" lookupentityname="VAS towing contract" />
        <field name="statecode" value="0" />
        <field name="statuscode" value="1" />
      </record>
      <record id="e619b90e-bc70-ed11-9561-000d3ad9bde0">
        <field name="createdby" value="154ef5e2-7e2f-ed11-9db1-0022489db736" lookupentity="systemuser" lookupentityname="Stephan Mars" />
        <field name="createdon" value="2022-11-30T14:34:17.0000000Z" />
        <field name="msdyn_incidenttype" value="508e7dc5-bb70-ed11-9561-000d3ad9bde0" lookupentity="msdyn_incidenttype" lookupentityname="Volvo Bus" />
        <field name="msdyn_incidenttypecharacteristicid" value="e619b90e-bc70-ed11-9561-000d3ad9bde0" />
        <field name="modifiedby" value="154ef5e2-7e2f-ed11-9db1-0022489db736" lookupentity="systemuser" lookupentityname="Stephan Mars" />
        <field name="modifiedon" value="2022-11-30T14:34:17.0000000Z" />
        <field name="ownerid" value="154ef5e2-7e2f-ed11-9db1-0022489db736" lookupentity="systemuser" lookupentityname="Stephan Mars" />
        <field name="owningbusinessunit" value="c3ed74bc-152d-ed11-9db1-000d3adb48a2" lookupentity="businessunit" lookupentityname="org449d870c" />
        <field name="owninguser" value="154ef5e2-7e2f-ed11-9db1-0022489db736" lookupentity="systemuser" />
        <field name="msdyn_characteristic" value="d456c2c4-556b-ed11-9561-0022489d0994" lookupentity="characteristic" lookupentityname="Volvo Bus" />
        <field name="statecode" value="0" />
        <field name="statuscode" value="1" />
      </record>
      <record id="cf65bb14-bc70-ed11-9561-000d3ad9bde0">
        <field name="createdby" value="154ef5e2-7e2f-ed11-9db1-0022489db736" lookupentity="systemuser" lookupentityname="Stephan Mars" />
        <field name="createdon" value="2022-11-30T14:34:26.0000000Z" />
        <field name="msdyn_incidenttype" value="5813b2cd-bb70-ed11-9561-000d3ad9bde0" lookupentity="msdyn_incidenttype" lookupentityname="Volvo Penta" />
        <field name="msdyn_incidenttypecharacteristicid" value="cf65bb14-bc70-ed11-9561-000d3ad9bde0" />
        <field name="modifiedby" value="154ef5e2-7e2f-ed11-9db1-0022489db736" lookupentity="systemuser" lookupentityname="Stephan Mars" />
        <field name="modifiedon" value="2022-11-30T14:34:26.0000000Z" />
        <field name="ownerid" value="154ef5e2-7e2f-ed11-9db1-0022489db736" lookupentity="systemuser" lookupentityname="Stephan Mars" />
        <field name="owningbusinessunit" value="c3ed74bc-152d-ed11-9db1-000d3adb48a2" lookupentity="businessunit" lookupentityname="org449d870c" />
        <field name="owninguser" value="154ef5e2-7e2f-ed11-9db1-0022489db736" lookupentity="systemuser" />
        <field name="msdyn_characteristic" value="6ad9dbd0-556b-ed11-9561-0022489d0994" lookupentity="characteristic" lookupentityname="Volvo Penta" />
        <field name="statecode" value="0" />
        <field name="statuscode" value="1" />
      </record>
      <record id="50db1e1b-bc70-ed11-9561-000d3ad9bde0">
        <field name="createdby" value="154ef5e2-7e2f-ed11-9db1-0022489db736" lookupentity="systemuser" lookupentityname="Stephan Mars" />
        <field name="createdon" value="2022-11-30T14:34:34.0000000Z" />
        <field name="msdyn_incidenttype" value="8e1d5cbd-bb70-ed11-9561-000d3ad9bde0" lookupentity="msdyn_incidenttype" lookupentityname="Volvo Trucks" />
        <field name="msdyn_incidenttypecharacteristicid" value="50db1e1b-bc70-ed11-9561-000d3ad9bde0" />
        <field name="modifiedby" value="154ef5e2-7e2f-ed11-9db1-0022489db736" lookupentity="systemuser" lookupentityname="Stephan Mars" />
        <field name="modifiedon" value="2022-11-30T14:34:34.0000000Z" />
        <field name="ownerid" value="154ef5e2-7e2f-ed11-9db1-0022489db736" lookupentity="systemuser" lookupentityname="Stephan Mars" />
        <field name="owningbusinessunit" value="c3ed74bc-152d-ed11-9db1-000d3adb48a2" lookupentity="businessunit" lookupentityname="org449d870c" />
        <field name="owninguser" value="154ef5e2-7e2f-ed11-9db1-0022489db736" lookupentity="systemuser" />
        <field name="msdyn_characteristic" value="148614d7-556b-ed11-9561-0022489d0994" lookupentity="characteristic" lookupentityname="Volvo Trucks" />
        <field name="statecode" value="0" />
        <field name="statuscode" value="1" />
      </record>
      <record id="49b54d38-bc70-ed11-9561-000d3ad9bde0">
        <field name="createdby" value="154ef5e2-7e2f-ed11-9db1-0022489db736" lookupentity="systemuser" lookupentityname="Stephan Mars" />
        <field name="createdon" value="2022-11-30T14:35:27.0000000Z" />
        <field name="msdyn_incidenttype" value="312bc22f-bc70-ed11-9561-000d3ad9bde0" lookupentity="msdyn_incidenttype" lookupentityname="Trailer Service and Repair" />
        <field name="msdyn_incidenttypecharacteristicid" value="49b54d38-bc70-ed11-9561-000d3ad9bde0" />
        <field name="modifiedby" value="154ef5e2-7e2f-ed11-9db1-0022489db736" lookupentity="systemuser" lookupentityname="Stephan Mars" />
        <field name="modifiedon" value="2022-11-30T14:35:27.0000000Z" />
        <field name="ownerid" value="154ef5e2-7e2f-ed11-9db1-0022489db736" lookupentity="systemuser" lookupentityname="Stephan Mars" />
        <field name="owningbusinessunit" value="c3ed74bc-152d-ed11-9db1-000d3adb48a2" lookupentity="businessunit" lookupentityname="org449d870c" />
        <field name="owninguser" value="154ef5e2-7e2f-ed11-9db1-0022489db736" lookupentity="systemuser" />
        <field name="msdyn_characteristic" value="7da46cab-556b-ed11-9561-0022489d0994" lookupentity="characteristic" lookupentityname="Trailer service and repairs" />
        <field name="statecode" value="0" />
        <field name="statuscode" value="1" />
      </record>
      <record id="98a6094b-bc70-ed11-9561-000d3ad9bde0">
        <field name="createdby" value="154ef5e2-7e2f-ed11-9db1-0022489db736" lookupentity="systemuser" lookupentityname="Stephan Mars" />
        <field name="createdon" value="2022-11-30T14:35:57.0000000Z" />
        <field name="msdyn_incidenttype" value="3c1dde44-bc70-ed11-9561-000d3ad9bde0" lookupentity="msdyn_incidenttype" lookupentityname="Tyre Service" />
        <field name="msdyn_incidenttypecharacteristicid" value="98a6094b-bc70-ed11-9561-000d3ad9bde0" />
        <field name="modifiedby" value="154ef5e2-7e2f-ed11-9db1-0022489db736" lookupentity="systemuser" lookupentityname="Stephan Mars" />
        <field name="modifiedon" value="2022-11-30T14:35:57.0000000Z" />
        <field name="ownerid" value="154ef5e2-7e2f-ed11-9db1-0022489db736" lookupentity="systemuser" lookupentityname="Stephan Mars" />
        <field name="owningbusinessunit" value="c3ed74bc-152d-ed11-9db1-000d3adb48a2" lookupentity="businessunit" lookupentityname="org449d870c" />
        <field name="owninguser" value="154ef5e2-7e2f-ed11-9db1-0022489db736" lookupentity="systemuser" />
        <field name="msdyn_characteristic" value="2808cab8-556b-ed11-9561-0022489d0994" lookupentity="characteristic" lookupentityname="Tyre service" />
        <field name="statecode" value="0" />
        <field name="statuscode" value="1" />
      </record>
    </records>
    <m2mrelationships />
  </entity>
</entities>