<entities >
  <entity name="product" displayname="Product" etc="1024" primaryidfield="productid" primarynamefield="name" disableplugins="false">
    <fields>
      <field displayname="(Deprecated) Stage Id" name="stageid" type="guid" />
      <field displayname="(Deprecated) Traversed Path" name="traversedpath" type="string" />
      <field displayname="Convert to Customer Asset" name="msdyn_converttocustomerasset" type="bool" customfield="true" />
      <field displayname="Created By" name="createdby" type="entityreference" lookupType="systemuser" />
      <field displayname="Created By (Delegate)" name="createdonbehalfby" type="entityreference" lookupType="systemuser" />
      <field displayname="Created By (External Party)" name="createdbyexternalparty" type="entityreference" lookupType="externalparty" />
      <field displayname="Created On" name="createdon" type="datetime" />
      <field displayname="Currency" name="transactioncurrencyid" type="entityreference" lookupType="transactioncurrency" />
      <field displayname="Current Cost" name="currentcost" type="money" />
      <field displayname="Current Cost (Base)" name="currentcost_base" type="money" />
      <field displayname="Decimals Supported" name="quantitydecimal" type="number" />
      <field displayname="Default Price List" name="pricelevelid" type="entityreference" lookupType="pricelevel" />
      <field displayname="Default Unit" name="defaultuomid" type="entityreference" lookupType="uom" />
      <field displayname="Default Vendor" name="msdyn_defaultvendor" type="entityreference" lookupType="account" customfield="true" />
      <field displayname="Description" name="description" type="string" />
      <field displayname="Entity Image" name="entityimage" type="imagedata" />
      <field displayname="entityimageid" name="entityimageid" type="guid" />
      <field displayname="Exchange Rate" name="exchangerate" type="decimal" />
      <field displayname="Field Service Product Type" name="msdyn_fieldserviceproducttype" type="optionsetvalue" customfield="true" />
      <field displayname="GDPR Optout" name="msdyn_gdproptout" type="bool" customfield="true" />
      <field displayname="Import Sequence Number" name="importsequencenumber" type="number" />
      <field displayname="Is Kit" name="iskit" type="bool" />
      <field displayname="List Price" name="price" type="money" />
      <field displayname="List Price (Base)" name="price_base" type="money" />
      <field displayname="Modified By" name="modifiedby" type="entityreference" lookupType="systemuser" />
      <field displayname="Modified By (Delegate)" name="modifiedonbehalfby" type="entityreference" lookupType="systemuser" />
      <field displayname="Modified By (External Party)" name="modifiedbyexternalparty" type="entityreference" lookupType="externalparty" />
      <field displayname="Modified On" name="modifiedon" type="datetime" />
      <field displayname="Name" name="name" type="string" />
      <field displayname="Parent" name="parentproductid" type="entityreference" lookupType="product" />
      <field displayname="Process Id" name="processid" type="guid" />
      <field updateCompare="true" displayname="Product" name="productid" type="guid" primaryKey="true" />
      <field displayname="Product ID" name="productnumber" type="string" />
      <field displayname="Product Structure" name="productstructure" type="optionsetvalue" />
      <field displayname="Product Type" name="producttypecode" type="optionsetvalue" />
      <field displayname="Purchase Name" name="msdyn_purchasename" type="string" customfield="true" />
      <field displayname="Quantity On Hand" name="quantityonhand" type="decimal" />
      <field displayname="Record Created On" name="overriddencreatedon" type="datetime" />
      <field displayname="Size" name="size" type="string" />
      <field displayname="Standard Cost" name="standardcost" type="money" />
      <field displayname="Standard Cost (Base)" name="standardcost_base" type="money" />
      <field displayname="Status" name="statecode" type="state" />
      <field displayname="Status Reason" name="statuscode" type="status" />
      <field displayname="Stock Item" name="isstockitem" type="bool" />
      <field displayname="Stock Volume" name="stockvolume" type="decimal" />
      <field displayname="Stock Weight" name="stockweight" type="decimal" />
      <field displayname="Subject" name="subjectid" type="entityreference" lookupType="subject" />
      <field displayname="Supplier Name" name="suppliername" type="string" />
      <field displayname="Taxable" name="msdyn_taxable" type="bool" customfield="true" />
      <field displayname="Time Zone Rule Version Number" name="timezoneruleversionnumber" type="number" />
      <field displayname="Unit Group" name="defaultuomscheduleid" type="entityreference" lookupType="uomschedule" />
      <field displayname="UPC Code" name="msdyn_upccode" type="string" customfield="true" />
      <field displayname="URL" name="producturl" type="string" />
      <field displayname="UTC Conversion Time Zone Code" name="utcconversiontimezonecode" type="number" />
      <field displayname="Valid From" name="validfromdate" type="datetime" />
      <field displayname="Valid To" name="validtodate" type="datetime" />
      <field displayname="Vendor" name="vendorname" type="string" />
      <field displayname="Vendor Name" name="vendorpartnumber" type="string" />
    </fields>
    <relationships>
      <relationship name="entitlementproducts" manyToMany="true" isreflexive="false" relatedEntityName="entitlementproducts" m2mTargetEntity="entitlement" m2mTargetEntityPrimaryKey="entitlementid" />
      <relationship name="entitlementtemplateproducts" manyToMany="true" isreflexive="false" relatedEntityName="entitlementtemplateproducts" m2mTargetEntity="entitlementtemplate" m2mTargetEntityPrimaryKey="entitlementtemplateid" />
      <relationship name="msdyn_product_knowledgebaserecord" manyToMany="true" isreflexive="false" relatedEntityName="msdyn_product_knowledgebaserecord" m2mTargetEntity="knowledgebaserecord" m2mTargetEntityPrimaryKey="knowledgebaserecordid" />
      <relationship name="msdyn_product_knowledgearticle" manyToMany="true" isreflexive="false" relatedEntityName="msdyn_product_knowledgearticle" m2mTargetEntity="knowledgearticle" m2mTargetEntityPrimaryKey="knowledgearticleid" />
      <relationship name="productsalesliterature" manyToMany="true" isreflexive="false" relatedEntityName="productsalesliterature" m2mTargetEntity="salesliterature" m2mTargetEntityPrimaryKey="salesliteratureid" />
    </relationships>
  </entity>
</entities>