
<entities xmlns:xsd="http://www.w3.org/2001/XMLSchema" xmlns:xsi="http://www.w3.org/2001/XMLSchema-instance" timestamp="2023-04-19T07:25:55.5914174Z">
  <entity name="product" displayname="Product">
    <records>
      <record id="664caea2-3dd2-ed11-a7c7-000d3ad9b609">
        <field name="msdyn_converttocustomerasset" value="False" />
        <field name="createdby" value="154ef5e2-7e2f-ed11-9db1-0022489db736" lookupentity="systemuser" lookupentityname="Stephan Mars" />
        <field name="createdon" value="2023-04-03T16:36:16.0000000Z" />
        <field name="quantitydecimal" value="0" />
        <field name="pricelevelid" value="1a0cfbab-0a77-ed11-81ab-000d3ad9bde0" lookupentity="pricelevel" lookupentityname="EUR - Volvo" />
        <field name="defaultuomid" value="19209eb2-f897-488c-8335-2f34136145c0" lookupentity="uom" lookupentityname="Primary Unit" />
        <field name="msdyn_gdproptout" value="False" />
        <field name="iskit" value="False" />
        <field name="modifiedby" value="154ef5e2-7e2f-ed11-9db1-0022489db736" lookupentity="systemuser" lookupentityname="Stephan Mars" />
        <field name="modifiedon" value="2023-04-03T16:37:55.0000000Z" />
        <field name="name" value="Credit Card Fee" />
        <field name="productid" value="664caea2-3dd2-ed11-a7c7-000d3ad9b609" />
        <field name="productnumber" value="CCF" />
        <field name="productstructure" value="1" />
        <field name="producttypecode" value="1" />
        <field name="msdyn_purchasename" value="Credit Card Fee" />
        <field name="statecode" value="0" />
        <field name="statuscode" value="1" />
        <field name="isstockitem" value="False" />
        <field name="msdyn_taxable" value="True" />
        <field name="defaultuomscheduleid" value="15687d7a-decf-427d-b514-9e4d3fa1bd7c" lookupentity="uomschedule" lookupentityname="Default Unit" />
      </record>
      <record id="38f2500b-316b-ed11-9561-0022489d0994">
        <field name="msdyn_converttocustomerasset" value="False" />
        <field name="createdby" value="293ebda2-985a-ed11-9562-000d3adf4843" lookupentity="systemuser" lookupentityname="Swathi Sathish Kumar" />
        <field name="createdon" value="2022-11-23T13:16:31.0000000Z" />
        <field name="quantitydecimal" value="0" />
        <field name="pricelevelid" value="1a0cfbab-0a77-ed11-81ab-000d3ad9bde0" lookupentity="pricelevel" lookupentityname="EUR - Volvo" />
        <field name="defaultuomid" value="19209eb2-f897-488c-8335-2f34136145c0" lookupentity="uom" lookupentityname="Primary Unit" />
        <field name="msdyn_gdproptout" value="False" />
        <field name="iskit" value="False" />
        <field name="modifiedby" value="154ef5e2-7e2f-ed11-9db1-0022489db736" lookupentity="systemuser" lookupentityname="Stephan Mars" />
        <field name="modifiedon" value="2022-12-08T15:12:54.0000000Z" />
        <field name="name" value="Home Dealer" />
        <field name="productid" value="38f2500b-316b-ed11-9561-0022489d0994" />
        <field name="productnumber" value="HD" />
        <field name="productstructure" value="1" />
        <field name="producttypecode" value="1" />
        <field name="msdyn_purchasename" value="Home Dealer" />
        <field name="statecode" value="0" />
        <field name="statuscode" value="1" />
        <field name="isstockitem" value="False" />
        <field name="msdyn_taxable" value="True" />
        <field name="defaultuomscheduleid" value="15687d7a-decf-427d-b514-9e4d3fa1bd7c" lookupentity="uomschedule" lookupentityname="Default Unit" />
      </record>
      <record id="8bbc6d60-316b-ed11-9561-0022489d0994">
        <field name="msdyn_converttocustomerasset" value="False" />
        <field name="createdby" value="293ebda2-985a-ed11-9562-000d3adf4843" lookupentity="systemuser" lookupentityname="Swathi Sathish Kumar" />
        <field name="createdon" value="2022-11-23T13:19:04.0000000Z" />
        <field name="quantitydecimal" value="0" />
        <field name="pricelevelid" value="1a0cfbab-0a77-ed11-81ab-000d3ad9bde0" lookupentity="pricelevel" lookupentityname="EUR - Volvo" />
        <field name="defaultuomid" value="19209eb2-f897-488c-8335-2f34136145c0" lookupentity="uom" lookupentityname="Primary Unit" />
        <field name="msdyn_gdproptout" value="False" />
        <field name="iskit" value="False" />
        <field name="modifiedby" value="154ef5e2-7e2f-ed11-9db1-0022489db736" lookupentity="systemuser" lookupentityname="Stephan Mars" />
        <field name="modifiedon" value="2022-12-08T15:12:31.0000000Z" />
        <field name="name" value="International RD" />
        <field name="productid" value="8bbc6d60-316b-ed11-9561-0022489d0994" />
        <field name="productnumber" value="IF" />
        <field name="productstructure" value="1" />
        <field name="producttypecode" value="1" />
        <field name="msdyn_purchasename" value="International RD" />
        <field name="statecode" value="0" />
        <field name="statuscode" value="1" />
        <field name="isstockitem" value="False" />
        <field name="msdyn_taxable" value="True" />
        <field name="defaultuomscheduleid" value="15687d7a-decf-427d-b514-9e4d3fa1bd7c" lookupentity="uomschedule" lookupentityname="Default Unit" />
      </record>
      <record id="5d141d7a-316b-ed11-9561-0022489d0994">
        <field name="msdyn_converttocustomerasset" value="False" />
        <field name="createdby" value="293ebda2-985a-ed11-9562-000d3adf4843" lookupentity="systemuser" lookupentityname="Swathi Sathish Kumar" />
        <field name="createdon" value="2022-11-23T13:19:38.0000000Z" />
        <field name="quantitydecimal" value="0" />
        <field name="pricelevelid" value="1a0cfbab-0a77-ed11-81ab-000d3ad9bde0" lookupentity="pricelevel" lookupentityname="EUR - Volvo" />
        <field name="defaultuomid" value="19209eb2-f897-488c-8335-2f34136145c0" lookupentity="uom" lookupentityname="Primary Unit" />
        <field name="msdyn_gdproptout" value="False" />
        <field name="iskit" value="False" />
        <field name="modifiedby" value="154ef5e2-7e2f-ed11-9db1-0022489db736" lookupentity="systemuser" lookupentityname="Stephan Mars" />
        <field name="modifiedon" value="2022-12-08T15:12:43.0000000Z" />
        <field name="name" value="National RD" />
        <field name="productid" value="5d141d7a-316b-ed11-9561-0022489d0994" />
        <field name="productnumber" value="NF" />
        <field name="productstructure" value="1" />
        <field name="producttypecode" value="1" />
        <field name="msdyn_purchasename" value="National RD" />
        <field name="statecode" value="0" />
        <field name="statuscode" value="1" />
        <field name="isstockitem" value="False" />
        <field name="msdyn_taxable" value="True" />
        <field name="defaultuomscheduleid" value="15687d7a-decf-427d-b514-9e4d3fa1bd7c" lookupentity="uomschedule" lookupentityname="Default Unit" />
      </record>
    </records>
    <m2mrelationships />
  </entity>
</entities>