<entities >
  <entity name="jarvis_phoneprefix" displayname="Phone Prefix" etc="11092" primaryidfield="jarvis_phoneprefixid" primarynamefield="jarvis_name" disableplugins="false">
    <fields>
      <field displayname="Country" name="jarvis_country" type="entityreference" lookupType="jarvis_country" customfield="true" />
      <field displayname="Created By" name="createdby" type="entityreference" lookupType="systemuser" />
      <field displayname="Created By (Delegate)" name="createdonbehalfby" type="entityreference" lookupType="systemuser" />
      <field displayname="Created On" name="createdon" type="datetime" />
      <field displayname="Import Sequence Number" name="importsequencenumber" type="number" />
      <field displayname="Modified By" name="modifiedby" type="entityreference" lookupType="systemuser" />
      <field displayname="Modified By (Delegate)" name="modifiedonbehalfby" type="entityreference" lookupType="systemuser" />
      <field displayname="Modified On" name="modifiedon" type="datetime" />
      <field displayname="Name" name="jarvis_name" type="string" customfield="true" />
      <field displayname="Owner" name="ownerid" type="owner" />
      <field displayname="Owning Business Unit" name="owningbusinessunit" type="entityreference" lookupType="businessunit" />
      <field displayname="Owning Team" name="owningteam" type="entityreference" lookupType="team" />
      <field displayname="Owning User" name="owninguser" type="entityreference" lookupType="systemuser" />
      <field displayname="Phone Prefix" name="jarvis_phoneprefixid" type="guid" primaryKey="true" />
      <field displayname="Prefix" name="jarvis_prefix" type="string" customfield="true" />
      <field displayname="Record Created On" name="overriddencreatedon" type="datetime" />
      <field displayname="Service Line" name="jarvis_serviceline" type="entityreference" lookupType="jarvis_serviceline" customfield="true" />
      <field displayname="Site" name="jarvis_site" type="entityreference" lookupType="site" customfield="true" />
      <field displayname="Status" name="statecode" type="state" />
      <field displayname="Status Reason" name="statuscode" type="status" />
      <field displayname="Time Zone Rule Version Number" name="timezoneruleversionnumber" type="number" />
      <field displayname="UTC Conversion Time Zone Code" name="utcconversiontimezonecode" type="number" />
      <field displayname="Version Number" name="versionnumber" type="bigint" />
    </fields>
    <relationships />
  </entity>
</entities>