
<entities xmlns:xsd="http://www.w3.org/2001/XMLSchema" xmlns:xsi="http://www.w3.org/2001/XMLSchema-instance" timestamp="2023-06-01T14:29:11.5742088Z">
  <entity name="jarvis_brand" displayname="Brand">
    <records>
      <record id="e2c03c3d-cf90-ed11-aad1-000d3ad9bde0">
        <field name="jarvis_brandid" value="e2c03c3d-cf90-ed11-aad1-000d3ad9bde0" />
        <field name="createdby" value="dddde7d9-7e2f-ed11-9db1-0022489db736" lookupentity="systemuser" lookupentityname="Nizar Zouaoui" />
        <field name="createdon" value="2023-01-10T10:12:14.0000000Z" />
        <field name="jarvis_ctdibacode" value="5" />
        <field name="jarvis_ctdibrandcode" value="100" />
        <field name="modifiedby" value="dddde7d9-7e2f-ed11-9db1-0022489db736" lookupentity="systemuser" lookupentityname="Nizar Zouaoui" />
        <field name="modifiedon" value="2023-01-10T10:12:14.0000000Z" />
        <field name="jarvis_name" value="Volvo Autonomous Solution" />
        <field name="ownerid" value="dddde7d9-7e2f-ed11-9db1-0022489db736" lookupentity="systemuser" lookupentityname="Nizar Zouaoui" />
        <field name="owningbusinessunit" value="c3ed74bc-152d-ed11-9db1-000d3adb48a2" lookupentity="businessunit" lookupentityname="org449d870c" />
        <field name="owninguser" value="dddde7d9-7e2f-ed11-9db1-0022489db736" lookupentity="systemuser" />
        <field name="jarvis_serviceline" value="de2a57bd-816a-ed11-9561-0022489d0994" lookupentity="jarvis_serviceline" lookupentityname="Volvo Action Service" />
        <field name="statecode" value="0" />
        <field name="statuscode" value="1" />
      </record>
      <record id="7bdf0550-cf90-ed11-aad1-000d3ad9bde0">
        <field name="jarvis_brandid" value="7bdf0550-cf90-ed11-aad1-000d3ad9bde0" />
        <field name="createdby" value="dddde7d9-7e2f-ed11-9db1-0022489db736" lookupentity="systemuser" lookupentityname="Nizar Zouaoui" />
        <field name="createdon" value="2023-01-10T10:12:41.0000000Z" />
        <field name="jarvis_ctdibacode" value="1" />
        <field name="jarvis_ctdibrandcode" value="290" />
        <field name="modifiedby" value="dddde7d9-7e2f-ed11-9db1-0022489db736" lookupentity="systemuser" lookupentityname="Nizar Zouaoui" />
        <field name="modifiedon" value="2023-01-10T10:12:41.0000000Z" />
        <field name="jarvis_name" value="Dennis Eagle" />
        <field name="ownerid" value="dddde7d9-7e2f-ed11-9db1-0022489db736" lookupentity="systemuser" lookupentityname="Nizar Zouaoui" />
        <field name="owningbusinessunit" value="c3ed74bc-152d-ed11-9db1-000d3adb48a2" lookupentity="businessunit" lookupentityname="org449d870c" />
        <field name="owninguser" value="dddde7d9-7e2f-ed11-9db1-0022489db736" lookupentity="systemuser" />
        <field name="jarvis_serviceline" value="de2a57bd-816a-ed11-9561-0022489d0994" lookupentity="jarvis_serviceline" lookupentityname="Volvo Action Service" />
        <field name="statecode" value="0" />
        <field name="statuscode" value="1" />
      </record>
      <record id="7bc851e4-6a6a-ed11-9562-000d3addc90f">
        <field name="jarvis_brandid" value="7bc851e4-6a6a-ed11-9562-000d3addc90f" />
        <field name="createdby" value="293ebda2-985a-ed11-9562-000d3adf4843" lookupentity="systemuser" lookupentityname="Swathi Sathish Kumar" />
        <field name="createdon" value="2022-11-22T13:38:23.0000000Z" />
        <field name="jarvis_ctdibacode" value="1" />
        <field name="jarvis_ctdibrandcode" value="160" />
        <field name="importsequencenumber" value="4" />
        <field name="modifiedby" value="5af2d56a-762f-ed11-9db1-0022489dbc98" lookupentity="systemuser" lookupentityname="Alexander Strache" />
        <field name="modifiedon" value="2023-05-08T09:17:11.0000000Z" />
        <field name="jarvis_name" value="Arquus" />
        <field name="ownerid" value="293ebda2-985a-ed11-9562-000d3adf4843" lookupentity="systemuser" lookupentityname="Swathi Sathish Kumar" />
        <field name="owningbusinessunit" value="c3ed74bc-152d-ed11-9db1-000d3adb48a2" lookupentity="businessunit" lookupentityname="org449d870c" />
        <field name="owninguser" value="293ebda2-985a-ed11-9562-000d3adf4843" lookupentity="systemuser" />
        <field name="jarvis_serviceline" value="de2a57bd-816a-ed11-9561-0022489d0994" lookupentity="jarvis_serviceline" lookupentityname="Volvo Action Service" />
        <field name="statecode" value="0" />
        <field name="statuscode" value="1" />
        <field name="jarvis_vdabrandcode" value="160" />
      </record>
      <record id="7dc851e4-6a6a-ed11-9562-000d3addc90f">
        <field name="jarvis_brandid" value="7dc851e4-6a6a-ed11-9562-000d3addc90f" />
        <field name="createdby" value="293ebda2-985a-ed11-9562-000d3adf4843" lookupentity="systemuser" lookupentityname="Swathi Sathish Kumar" />
        <field name="createdon" value="2022-11-22T13:38:23.0000000Z" />
        <field name="jarvis_ctdibacode" value="1" />
        <field name="jarvis_ctdibrandcode" value="140" />
        <field name="importsequencenumber" value="4" />
        <field name="modifiedby" value="5af2d56a-762f-ed11-9db1-0022489dbc98" lookupentity="systemuser" lookupentityname="Alexander Strache" />
        <field name="modifiedon" value="2023-05-08T09:16:54.0000000Z" />
        <field name="jarvis_name" value="Dong Feng" />
        <field name="ownerid" value="293ebda2-985a-ed11-9562-000d3adf4843" lookupentity="systemuser" lookupentityname="Swathi Sathish Kumar" />
        <field name="owningbusinessunit" value="c3ed74bc-152d-ed11-9db1-000d3adb48a2" lookupentity="businessunit" lookupentityname="org449d870c" />
        <field name="owninguser" value="293ebda2-985a-ed11-9562-000d3adf4843" lookupentity="systemuser" />
        <field name="jarvis_serviceline" value="de2a57bd-816a-ed11-9561-0022489d0994" lookupentity="jarvis_serviceline" lookupentityname="Volvo Action Service" />
        <field name="statecode" value="0" />
        <field name="statuscode" value="1" />
        <field name="jarvis_vdabrandcode" value="140" />
      </record>
      <record id="7fc851e4-6a6a-ed11-9562-000d3addc90f">
        <field name="jarvis_brandid" value="7fc851e4-6a6a-ed11-9562-000d3addc90f" />
        <field name="createdby" value="293ebda2-985a-ed11-9562-000d3adf4843" lookupentity="systemuser" lookupentityname="Swathi Sathish Kumar" />
        <field name="createdon" value="2022-11-22T13:38:23.0000000Z" />
        <field name="jarvis_ctdibacode" value="1" />
        <field name="jarvis_ctdibrandcode" value="150" />
        <field name="importsequencenumber" value="4" />
        <field name="modifiedby" value="5af2d56a-762f-ed11-9db1-0022489dbc98" lookupentity="systemuser" lookupentityname="Alexander Strache" />
        <field name="modifiedon" value="2023-05-08T09:17:04.0000000Z" />
        <field name="jarvis_name" value="Eicher" />
        <field name="ownerid" value="293ebda2-985a-ed11-9562-000d3adf4843" lookupentity="systemuser" lookupentityname="Swathi Sathish Kumar" />
        <field name="owningbusinessunit" value="c3ed74bc-152d-ed11-9db1-000d3adb48a2" lookupentity="businessunit" lookupentityname="org449d870c" />
        <field name="owninguser" value="293ebda2-985a-ed11-9562-000d3adf4843" lookupentity="systemuser" />
        <field name="jarvis_serviceline" value="de2a57bd-816a-ed11-9561-0022489d0994" lookupentity="jarvis_serviceline" lookupentityname="Volvo Action Service" />
        <field name="statecode" value="0" />
        <field name="statuscode" value="1" />
        <field name="jarvis_vdabrandcode" value="150" />
        <field name="jarvis_vdacompanycode" value="E" />
      </record>
      <record id="85c851e4-6a6a-ed11-9562-000d3addc90f">
        <field name="jarvis_brandid" value="85c851e4-6a6a-ed11-9562-000d3addc90f" />
        <field name="createdby" value="293ebda2-985a-ed11-9562-000d3adf4843" lookupentity="systemuser" lookupentityname="Swathi Sathish Kumar" />
        <field name="createdon" value="2022-11-22T13:38:23.0000000Z" />
        <field name="jarvis_ctdibacode" value="2" />
        <field name="jarvis_ctdibrandcode" value="430" />
        <field name="importsequencenumber" value="4" />
        <field name="modifiedby" value="5af2d56a-762f-ed11-9db1-0022489dbc98" lookupentity="systemuser" lookupentityname="Alexander Strache" />
        <field name="modifiedon" value="2023-05-08T09:17:38.0000000Z" />
        <field name="jarvis_name" value="Nova Bus" />
        <field name="ownerid" value="293ebda2-985a-ed11-9562-000d3adf4843" lookupentity="systemuser" lookupentityname="Swathi Sathish Kumar" />
        <field name="owningbusinessunit" value="c3ed74bc-152d-ed11-9db1-000d3adb48a2" lookupentity="businessunit" lookupentityname="org449d870c" />
        <field name="owninguser" value="293ebda2-985a-ed11-9562-000d3adf4843" lookupentity="systemuser" />
        <field name="jarvis_serviceline" value="de2a57bd-816a-ed11-9561-0022489d0994" lookupentity="jarvis_serviceline" lookupentityname="Volvo Action Service" />
        <field name="statecode" value="0" />
        <field name="statuscode" value="1" />
        <field name="jarvis_vdabrandcode" value="430" />
      </record>
      <record id="87c851e4-6a6a-ed11-9562-000d3addc90f">
        <field name="jarvis_brandid" value="87c851e4-6a6a-ed11-9562-000d3addc90f" />
        <field name="createdby" value="293ebda2-985a-ed11-9562-000d3adf4843" lookupentity="systemuser" lookupentityname="Swathi Sathish Kumar" />
        <field name="createdon" value="2022-11-22T13:38:23.0000000Z" />
        <field name="jarvis_ctdibacode" value="2" />
        <field name="jarvis_ctdibrandcode" value="420" />
        <field name="importsequencenumber" value="4" />
        <field name="modifiedby" value="5af2d56a-762f-ed11-9db1-0022489dbc98" lookupentity="systemuser" lookupentityname="Alexander Strache" />
        <field name="modifiedon" value="2023-05-08T09:17:30.0000000Z" />
        <field name="jarvis_name" value="Prevost" />
        <field name="ownerid" value="293ebda2-985a-ed11-9562-000d3adf4843" lookupentity="systemuser" lookupentityname="Swathi Sathish Kumar" />
        <field name="owningbusinessunit" value="c3ed74bc-152d-ed11-9db1-000d3adb48a2" lookupentity="businessunit" lookupentityname="org449d870c" />
        <field name="owninguser" value="293ebda2-985a-ed11-9562-000d3adf4843" lookupentity="systemuser" />
        <field name="jarvis_serviceline" value="de2a57bd-816a-ed11-9561-0022489d0994" lookupentity="jarvis_serviceline" lookupentityname="Volvo Action Service" />
        <field name="statecode" value="0" />
        <field name="statuscode" value="1" />
        <field name="jarvis_vdabrandcode" value="420" />
      </record>
      <record id="8bc851e4-6a6a-ed11-9562-000d3addc90f">
        <field name="jarvis_brandid" value="8bc851e4-6a6a-ed11-9562-000d3addc90f" />
        <field name="createdby" value="293ebda2-985a-ed11-9562-000d3adf4843" lookupentity="systemuser" lookupentityname="Swathi Sathish Kumar" />
        <field name="createdon" value="2022-11-22T13:38:23.0000000Z" />
        <field name="jarvis_ctdibacode" value="3" />
        <field name="jarvis_ctdibrandcode" value="460" />
        <field name="importsequencenumber" value="4" />
        <field name="modifiedby" value="5af2d56a-762f-ed11-9db1-0022489dbc98" lookupentity="systemuser" lookupentityname="Alexander Strache" />
        <field name="modifiedon" value="2023-05-08T09:17:48.0000000Z" />
        <field name="jarvis_name" value="ROKBAK" />
        <field name="ownerid" value="293ebda2-985a-ed11-9562-000d3adf4843" lookupentity="systemuser" lookupentityname="Swathi Sathish Kumar" />
        <field name="owningbusinessunit" value="c3ed74bc-152d-ed11-9db1-000d3adb48a2" lookupentity="businessunit" lookupentityname="org449d870c" />
        <field name="owninguser" value="293ebda2-985a-ed11-9562-000d3adf4843" lookupentity="systemuser" />
        <field name="jarvis_serviceline" value="de2a57bd-816a-ed11-9561-0022489d0994" lookupentity="jarvis_serviceline" lookupentityname="Volvo Action Service" />
        <field name="statecode" value="0" />
        <field name="statuscode" value="1" />
        <field name="jarvis_vdabrandcode" value="460" />
      </record>
      <record id="8dc851e4-6a6a-ed11-9562-000d3addc90f">
        <field name="jarvis_brandid" value="8dc851e4-6a6a-ed11-9562-000d3addc90f" />
        <field name="createdby" value="293ebda2-985a-ed11-9562-000d3adf4843" lookupentity="systemuser" lookupentityname="Swathi Sathish Kumar" />
        <field name="createdon" value="2022-11-22T13:38:23.0000000Z" />
        <field name="jarvis_ctdibacode" value="3" />
        <field name="jarvis_ctdibrandcode" value="300" />
        <field name="importsequencenumber" value="4" />
        <field name="modifiedby" value="5af2d56a-762f-ed11-9db1-0022489dbc98" lookupentity="systemuser" lookupentityname="Alexander Strache" />
        <field name="modifiedon" value="2023-05-08T09:17:21.0000000Z" />
        <field name="jarvis_name" value="SDLG" />
        <field name="ownerid" value="293ebda2-985a-ed11-9562-000d3adf4843" lookupentity="systemuser" lookupentityname="Swathi Sathish Kumar" />
        <field name="owningbusinessunit" value="c3ed74bc-152d-ed11-9db1-000d3adb48a2" lookupentity="businessunit" lookupentityname="org449d870c" />
        <field name="owninguser" value="293ebda2-985a-ed11-9562-000d3adf4843" lookupentity="systemuser" />
        <field name="jarvis_serviceline" value="de2a57bd-816a-ed11-9561-0022489d0994" lookupentity="jarvis_serviceline" lookupentityname="Volvo Action Service" />
        <field name="statecode" value="0" />
        <field name="statuscode" value="1" />
        <field name="jarvis_vdabrandcode" value="300" />
      </record>
      <record id="8fc851e4-6a6a-ed11-9562-000d3addc90f">
        <field name="jarvis_brandid" value="8fc851e4-6a6a-ed11-9562-000d3addc90f" />
        <field name="createdby" value="293ebda2-985a-ed11-9562-000d3adf4843" lookupentity="systemuser" lookupentityname="Swathi Sathish Kumar" />
        <field name="createdon" value="2022-11-22T13:38:23.0000000Z" />
        <field name="jarvis_ctdibacode" value="1" />
        <field name="jarvis_ctdibrandcode" value="130" />
        <field name="importsequencenumber" value="4" />
        <field name="modifiedby" value="5af2d56a-762f-ed11-9db1-0022489dbc98" lookupentity="systemuser" lookupentityname="Alexander Strache" />
        <field name="modifiedon" value="2023-05-08T09:16:47.0000000Z" />
        <field name="jarvis_name" value="UD Trucks" />
        <field name="ownerid" value="293ebda2-985a-ed11-9562-000d3adf4843" lookupentity="systemuser" lookupentityname="Swathi Sathish Kumar" />
        <field name="owningbusinessunit" value="c3ed74bc-152d-ed11-9db1-000d3adb48a2" lookupentity="businessunit" lookupentityname="org449d870c" />
        <field name="owninguser" value="293ebda2-985a-ed11-9562-000d3adf4843" lookupentity="systemuser" />
        <field name="jarvis_serviceline" value="de2a57bd-816a-ed11-9561-0022489d0994" lookupentity="jarvis_serviceline" lookupentityname="Volvo Action Service" />
        <field name="statecode" value="0" />
        <field name="statuscode" value="1" />
        <field name="jarvis_vdabrandcode" value="130" />
        <field name="jarvis_vdacompanycode" value="U" />
      </record>
      <record id="80838c04-3680-ed11-81ad-0022489d0994">
        <field name="jarvis_brandid" value="80838c04-3680-ed11-81ad-0022489d0994" />
        <field name="createdby" value="154ef5e2-7e2f-ed11-9db1-0022489db736" lookupentity="systemuser" lookupentityname="Stephan Mars" />
        <field name="createdon" value="2022-12-20T07:15:02.0000000Z" />
        <field name="jarvis_ctdibacode" value="3" />
        <field name="jarvis_ctdibrandcode" value="100" />
        <field name="jarvis_mercuriusbrandcode" value="VOLVO TRUCK&amp;amp;BUS" />
        <field name="modifiedby" value="5af2d56a-762f-ed11-9db1-0022489dbc98" lookupentity="systemuser" lookupentityname="Alexander Strache" />
        <field name="modifiedon" value="2023-05-08T09:16:23.0000000Z" />
        <field name="jarvis_name" value="Volvo Construction Equipment" />
        <field name="ownerid" value="154ef5e2-7e2f-ed11-9db1-0022489db736" lookupentity="systemuser" lookupentityname="Stephan Mars" />
        <field name="owningbusinessunit" value="c3ed74bc-152d-ed11-9db1-000d3adb48a2" lookupentity="businessunit" lookupentityname="org449d870c" />
        <field name="owninguser" value="154ef5e2-7e2f-ed11-9db1-0022489db736" lookupentity="systemuser" />
        <field name="jarvis_serviceline" value="de2a57bd-816a-ed11-9561-0022489d0994" lookupentity="jarvis_serviceline" lookupentityname="Volvo Action Service" />
        <field name="statecode" value="0" />
        <field name="statuscode" value="1" />
        <field name="jarvis_vdabrandcode" value="100" />
        <field name="jarvis_vdacompanycode" value="C" />
      </record>
      <record id="2dbefa4b-3680-ed11-81ad-0022489d0994">
        <field name="jarvis_brandid" value="2dbefa4b-3680-ed11-81ad-0022489d0994" />
        <field name="createdby" value="154ef5e2-7e2f-ed11-9db1-0022489db736" lookupentity="systemuser" lookupentityname="Stephan Mars" />
        <field name="createdon" value="2022-12-20T07:17:01.0000000Z" />
        <field name="jarvis_ctdibacode" value="1" />
        <field name="jarvis_ctdibrandcode" value="999" />
        <field name="modifiedby" value="dddde7d9-7e2f-ed11-9db1-0022489db736" lookupentity="systemuser" lookupentityname="Nizar Zouaoui" />
        <field name="modifiedon" value="2023-01-05T09:36:59.0000000Z" />
        <field name="jarvis_name" value="N/A" />
        <field name="ownerid" value="154ef5e2-7e2f-ed11-9db1-0022489db736" lookupentity="systemuser" lookupentityname="Stephan Mars" />
        <field name="owningbusinessunit" value="c3ed74bc-152d-ed11-9db1-000d3adb48a2" lookupentity="businessunit" lookupentityname="org449d870c" />
        <field name="owninguser" value="154ef5e2-7e2f-ed11-9db1-0022489db736" lookupentity="systemuser" />
        <field name="jarvis_serviceline" value="de2a57bd-816a-ed11-9561-0022489d0994" lookupentity="jarvis_serviceline" lookupentityname="Volvo Action Service" />
        <field name="statecode" value="0" />
        <field name="statuscode" value="1" />
      </record>
      <record id="745bbe0e-176b-ed11-9561-0022489d0994">
        <field name="jarvis_brandid" value="745bbe0e-176b-ed11-9561-0022489d0994" />
        <field name="createdby" value="293ebda2-985a-ed11-9562-000d3adf4843" lookupentity="systemuser" lookupentityname="Swathi Sathish Kumar" />
        <field name="createdon" value="2022-11-23T10:10:34.0000000Z" />
        <field name="jarvis_ctdibacode" value="1" />
        <field name="jarvis_ctdibrandcode" value="110" />
        <field name="jarvis_mercuriusbrandcode" value="MACK" />
        <field name="modifiedby" value="5af2d56a-762f-ed11-9db1-0022489dbc98" lookupentity="systemuser" lookupentityname="Alexander Strache" />
        <field name="modifiedon" value="2023-05-08T09:16:01.0000000Z" />
        <field name="jarvis_name" value="Mack" />
        <field name="ownerid" value="293ebda2-985a-ed11-9562-000d3adf4843" lookupentity="systemuser" lookupentityname="Swathi Sathish Kumar" />
        <field name="owningbusinessunit" value="c3ed74bc-152d-ed11-9db1-000d3adb48a2" lookupentity="businessunit" lookupentityname="org449d870c" />
        <field name="owninguser" value="293ebda2-985a-ed11-9562-000d3adf4843" lookupentity="systemuser" />
        <field name="jarvis_serviceline" value="1c895fa8-816a-ed11-9561-0022489d0994" lookupentity="jarvis_serviceline" lookupentityname="Mack" />
        <field name="statecode" value="0" />
        <field name="statuscode" value="1" />
        <field name="jarvis_vdabrandcode" value="110" />
        <field name="jarvis_vdacompanycode" value="M" />
      </record>
      <record id="0c4b9431-176b-ed11-9561-0022489d0994">
        <field name="jarvis_brandid" value="0c4b9431-176b-ed11-9561-0022489d0994" />
        <field name="createdby" value="293ebda2-985a-ed11-9562-000d3adf4843" lookupentity="systemuser" lookupentityname="Swathi Sathish Kumar" />
        <field name="createdon" value="2022-11-23T10:11:34.0000000Z" />
        <field name="jarvis_ctdibacode" value="1" />
        <field name="jarvis_ctdibrandcode" value="120" />
        <field name="jarvis_mercuriusbrandcode" value="RENAULT" />
        <field name="modifiedby" value="5af2d56a-762f-ed11-9db1-0022489dbc98" lookupentity="systemuser" lookupentityname="Alexander Strache" />
        <field name="modifiedon" value="2023-05-08T09:16:10.0000000Z" />
        <field name="jarvis_name" value="Renault Trucks" />
        <field name="ownerid" value="293ebda2-985a-ed11-9562-000d3adf4843" lookupentity="systemuser" lookupentityname="Swathi Sathish Kumar" />
        <field name="owningbusinessunit" value="c3ed74bc-152d-ed11-9db1-000d3adb48a2" lookupentity="businessunit" lookupentityname="org449d870c" />
        <field name="owninguser" value="293ebda2-985a-ed11-9562-000d3adf4843" lookupentity="systemuser" />
        <field name="jarvis_serviceline" value="7bfa98b6-816a-ed11-9561-0022489d0994" lookupentity="jarvis_serviceline" lookupentityname="Renault 24/7" />
        <field name="statecode" value="0" />
        <field name="statuscode" value="1" />
        <field name="jarvis_vdabrandcode" value="120" />
        <field name="jarvis_vdacompanycode" value="R" />
      </record>
      <record id="e9d09f51-176b-ed11-9561-0022489d0994">
        <field name="jarvis_brandid" value="e9d09f51-176b-ed11-9561-0022489d0994" />
        <field name="createdby" value="293ebda2-985a-ed11-9562-000d3adf4843" lookupentity="systemuser" lookupentityname="Swathi Sathish Kumar" />
        <field name="createdon" value="2022-11-23T10:12:31.0000000Z" />
        <field name="jarvis_ctdibacode" value="2" />
        <field name="jarvis_ctdibrandcode" value="100" />
        <field name="jarvis_mercuriusbrandcode" value="VOLVO TRUCK&amp;amp;BUS" />
        <field name="modifiedby" value="5af2d56a-762f-ed11-9db1-0022489dbc98" lookupentity="systemuser" lookupentityname="Alexander Strache" />
        <field name="modifiedon" value="2023-05-08T09:15:53.0000000Z" />
        <field name="jarvis_name" value="Volvo Bus" />
        <field name="ownerid" value="293ebda2-985a-ed11-9562-000d3adf4843" lookupentity="systemuser" lookupentityname="Swathi Sathish Kumar" />
        <field name="owningbusinessunit" value="c3ed74bc-152d-ed11-9db1-000d3adb48a2" lookupentity="businessunit" lookupentityname="org449d870c" />
        <field name="owninguser" value="293ebda2-985a-ed11-9562-000d3adf4843" lookupentity="systemuser" />
        <field name="jarvis_serviceline" value="de2a57bd-816a-ed11-9561-0022489d0994" lookupentity="jarvis_serviceline" lookupentityname="Volvo Action Service" />
        <field name="statecode" value="0" />
        <field name="statuscode" value="1" />
        <field name="jarvis_vdabrandcode" value="100" />
        <field name="jarvis_vdacompanycode" value="B" />
      </record>
      <record id="15cdee67-176b-ed11-9561-0022489d0994">
        <field name="jarvis_brandid" value="15cdee67-176b-ed11-9561-0022489d0994" />
        <field name="createdby" value="293ebda2-985a-ed11-9562-000d3adf4843" lookupentity="systemuser" lookupentityname="Swathi Sathish Kumar" />
        <field name="createdon" value="2022-11-23T10:13:08.0000000Z" />
        <field name="jarvis_ctdibacode" value="4" />
        <field name="jarvis_ctdibrandcode" value="100" />
        <field name="jarvis_mercuriusbrandcode" value="PENTA" />
        <field name="modifiedby" value="5af2d56a-762f-ed11-9db1-0022489dbc98" lookupentity="systemuser" lookupentityname="Alexander Strache" />
        <field name="modifiedon" value="2023-05-08T09:16:31.0000000Z" />
        <field name="jarvis_name" value="Volvo Penta" />
        <field name="ownerid" value="293ebda2-985a-ed11-9562-000d3adf4843" lookupentity="systemuser" lookupentityname="Swathi Sathish Kumar" />
        <field name="owningbusinessunit" value="c3ed74bc-152d-ed11-9db1-000d3adb48a2" lookupentity="businessunit" lookupentityname="org449d870c" />
        <field name="owninguser" value="293ebda2-985a-ed11-9562-000d3adf4843" lookupentity="systemuser" />
        <field name="jarvis_serviceline" value="de2a57bd-816a-ed11-9561-0022489d0994" lookupentity="jarvis_serviceline" lookupentityname="Volvo Action Service" />
        <field name="statecode" value="0" />
        <field name="statuscode" value="1" />
        <field name="jarvis_vdabrandcode" value="100" />
        <field name="jarvis_vdacompanycode" value="P" />
      </record>
      <record id="4a59b47e-176b-ed11-9561-0022489d0994">
        <field name="jarvis_brandid" value="4a59b47e-176b-ed11-9561-0022489d0994" />
        <field name="createdby" value="293ebda2-985a-ed11-9562-000d3adf4843" lookupentity="systemuser" lookupentityname="Swathi Sathish Kumar" />
        <field name="createdon" value="2022-11-23T10:13:38.0000000Z" />
        <field name="jarvis_ctdibacode" value="1" />
        <field name="jarvis_ctdibrandcode" value="100" />
        <field name="jarvis_mercuriusbrandcode" value="VOLVO TRUCK&amp;amp;BUS" />
        <field name="modifiedby" value="5af2d56a-762f-ed11-9db1-0022489dbc98" lookupentity="systemuser" lookupentityname="Alexander Strache" />
        <field name="modifiedon" value="2023-05-08T09:15:40.0000000Z" />
        <field name="jarvis_name" value="Volvo Trucks" />
        <field name="ownerid" value="293ebda2-985a-ed11-9562-000d3adf4843" lookupentity="systemuser" lookupentityname="Swathi Sathish Kumar" />
        <field name="owningbusinessunit" value="c3ed74bc-152d-ed11-9db1-000d3adb48a2" lookupentity="businessunit" lookupentityname="org449d870c" />
        <field name="owninguser" value="293ebda2-985a-ed11-9562-000d3adf4843" lookupentity="systemuser" />
        <field name="jarvis_serviceline" value="de2a57bd-816a-ed11-9561-0022489d0994" lookupentity="jarvis_serviceline" lookupentityname="Volvo Action Service" />
        <field name="statecode" value="0" />
        <field name="statuscode" value="1" />
        <field name="jarvis_vdabrandcode" value="100" />
        <field name="jarvis_vdacompanycode" value="T" />
      </record>
    </records>
    <m2mrelationships>
      <m2mrelationship sourceid="745bbe0e-176b-ed11-9561-0022489d0994" targetentityname="jarvis_incidentnature" targetentitynameidfield="jarvis_incidentnatureid" m2mrelationshipname="jarvis_incidentnature_jarvis_brand">
        <targetids>
          <targetid>02b02981-d490-ed11-aad1-000d3ad9b609</targetid>
          <targetid>9294ccd7-cad9-ed11-a7c7-000d3adf4820</targetid>
          <targetid>57532e03-cbd9-ed11-a7c7-000d3adf4820</targetid>
          <targetid>5d391d9c-ccd9-ed11-a7c7-000d3adf4820</targetid>
          <targetid>2738986c-d3d9-ed11-a7c7-000d3adf4820</targetid>
          <targetid>5c3697ae-d3d9-ed11-a7c7-000d3adf4820</targetid>
          <targetid>4894e1de-d3d9-ed11-a7c7-000d3adf4820</targetid>
          <targetid>20748739-b7d3-ed11-a7c7-0022489d0994</targetid>
          <targetid>208670ce-c8d9-ed11-a7c7-0022489d0994</targetid>
        </targetids>
      </m2mrelationship>
      <m2mrelationship sourceid="0c4b9431-176b-ed11-9561-0022489d0994" targetentityname="jarvis_incidentnature" targetentitynameidfield="jarvis_incidentnatureid" m2mrelationshipname="jarvis_incidentnature_jarvis_brand">
        <targetids>
          <targetid>cb79fc52-d490-ed11-aad1-000d3ad9b609</targetid>
          <targetid>02b02981-d490-ed11-aad1-000d3ad9b609</targetid>
          <targetid>c0a3594f-cad9-ed11-a7c7-000d3adf4820</targetid>
          <targetid>9294ccd7-cad9-ed11-a7c7-000d3adf4820</targetid>
          <targetid>57532e03-cbd9-ed11-a7c7-000d3adf4820</targetid>
          <targetid>74afc21b-cbd9-ed11-a7c7-000d3adf4820</targetid>
          <targetid>5d391d9c-ccd9-ed11-a7c7-000d3adf4820</targetid>
          <targetid>2738986c-d3d9-ed11-a7c7-000d3adf4820</targetid>
          <targetid>5c3697ae-d3d9-ed11-a7c7-000d3adf4820</targetid>
          <targetid>4894e1de-d3d9-ed11-a7c7-000d3adf4820</targetid>
          <targetid>20748739-b7d3-ed11-a7c7-0022489d0994</targetid>
          <targetid>208670ce-c8d9-ed11-a7c7-0022489d0994</targetid>
        </targetids>
      </m2mrelationship>
      <m2mrelationship sourceid="e9d09f51-176b-ed11-9561-0022489d0994" targetentityname="jarvis_incidentnature" targetentitynameidfield="jarvis_incidentnatureid" m2mrelationshipname="jarvis_incidentnature_jarvis_brand">
        <targetids>
          <targetid>02b02981-d490-ed11-aad1-000d3ad9b609</targetid>
          <targetid>9294ccd7-cad9-ed11-a7c7-000d3adf4820</targetid>
          <targetid>57532e03-cbd9-ed11-a7c7-000d3adf4820</targetid>
          <targetid>5d391d9c-ccd9-ed11-a7c7-000d3adf4820</targetid>
          <targetid>2738986c-d3d9-ed11-a7c7-000d3adf4820</targetid>
          <targetid>5c3697ae-d3d9-ed11-a7c7-000d3adf4820</targetid>
          <targetid>4894e1de-d3d9-ed11-a7c7-000d3adf4820</targetid>
          <targetid>20748739-b7d3-ed11-a7c7-0022489d0994</targetid>
          <targetid>208670ce-c8d9-ed11-a7c7-0022489d0994</targetid>
        </targetids>
      </m2mrelationship>
      <m2mrelationship sourceid="15cdee67-176b-ed11-9561-0022489d0994" targetentityname="jarvis_incidentnature" targetentitynameidfield="jarvis_incidentnatureid" m2mrelationshipname="jarvis_incidentnature_jarvis_brand">
        <targetids>
          <targetid>20748739-b7d3-ed11-a7c7-0022489d0994</targetid>
        </targetids>
      </m2mrelationship>
      <m2mrelationship sourceid="4a59b47e-176b-ed11-9561-0022489d0994" targetentityname="jarvis_incidentnature" targetentitynameidfield="jarvis_incidentnatureid" m2mrelationshipname="jarvis_incidentnature_jarvis_brand">
        <targetids>
          <targetid>02b02981-d490-ed11-aad1-000d3ad9b609</targetid>
          <targetid>9294ccd7-cad9-ed11-a7c7-000d3adf4820</targetid>
          <targetid>57532e03-cbd9-ed11-a7c7-000d3adf4820</targetid>
          <targetid>5d391d9c-ccd9-ed11-a7c7-000d3adf4820</targetid>
          <targetid>2738986c-d3d9-ed11-a7c7-000d3adf4820</targetid>
          <targetid>5c3697ae-d3d9-ed11-a7c7-000d3adf4820</targetid>
          <targetid>4894e1de-d3d9-ed11-a7c7-000d3adf4820</targetid>
          <targetid>20748739-b7d3-ed11-a7c7-0022489d0994</targetid>
          <targetid>208670ce-c8d9-ed11-a7c7-0022489d0994</targetid>
        </targetids>
      </m2mrelationship>
    </m2mrelationships>
  </entity>
</entities>