
<entities xmlns:xsd="http://www.w3.org/2001/XMLSchema" xmlns:xsi="http://www.w3.org/2001/XMLSchema-instance" timestamp="2023-04-06T09:31:08.8374491Z">
  <entity name="jarvis_vehiclefuelpowertype" displayname="Vehicle - Fuel/Power Type">
    <records>
      <record id="239132e2-c0cc-ed11-b597-000d3ad9bde0">
        <field name="createdby" value="293ebda2-985a-ed11-9562-000d3adf4843" lookupentity="systemuser" lookupentityname="Swathi Sathish Kumar" />
        <field name="createdon" value="2023-03-27T17:00:33.0000000Z" />
        <field name="jarvis_familyid" value="N1C" />
        <field name="modifiedby" value="293ebda2-985a-ed11-9562-000d3adf4843" lookupentity="systemuser" lookupentityname="Swathi Sathish Kumar" />
        <field name="modifiedon" value="2023-03-27T17:00:33.0000000Z" />
        <field name="jarvis_name" value="Electric" />
        <field name="ownerid" value="293ebda2-985a-ed11-9562-000d3adf4843" lookupentity="systemuser" lookupentityname="Swathi Sathish Kumar" />
        <field name="owningbusinessunit" value="c3ed74bc-152d-ed11-9db1-000d3adb48a2" lookupentity="businessunit" lookupentityname="org449d870c" />
        <field name="owninguser" value="293ebda2-985a-ed11-9562-000d3adf4843" lookupentity="systemuser" />
        <field name="jarvis_priority" value="1" />
        <field name="statecode" value="0" />
        <field name="statuscode" value="1" />
        <field name="jarvis_variantid" value="E1X" />
        <field name="jarvis_vehiclefuelpowertypeid" value="239132e2-c0cc-ed11-b597-000d3ad9bde0" />
      </record>
      <record id="5d071efa-c0cc-ed11-b597-000d3ad9bde0">
        <field name="createdby" value="293ebda2-985a-ed11-9562-000d3adf4843" lookupentity="systemuser" lookupentityname="Swathi Sathish Kumar" />
        <field name="createdon" value="2023-03-27T17:01:13.0000000Z" />
        <field name="jarvis_familyid" value="6WA" />
        <field name="modifiedby" value="293ebda2-985a-ed11-9562-000d3adf4843" lookupentity="systemuser" lookupentityname="Swathi Sathish Kumar" />
        <field name="modifiedon" value="2023-03-27T17:01:13.0000000Z" />
        <field name="jarvis_name" value="Electric" />
        <field name="ownerid" value="293ebda2-985a-ed11-9562-000d3adf4843" lookupentity="systemuser" lookupentityname="Swathi Sathish Kumar" />
        <field name="owningbusinessunit" value="c3ed74bc-152d-ed11-9db1-000d3adb48a2" lookupentity="businessunit" lookupentityname="org449d870c" />
        <field name="owninguser" value="293ebda2-985a-ed11-9562-000d3adf4843" lookupentity="systemuser" />
        <field name="jarvis_priority" value="1" />
        <field name="statecode" value="0" />
        <field name="statuscode" value="1" />
        <field name="jarvis_variantid" value="C3X" />
        <field name="jarvis_vehiclefuelpowertypeid" value="5d071efa-c0cc-ed11-b597-000d3ad9bde0" />
      </record>
      <record id="8a5ad308-c1cc-ed11-b597-000d3ad9bde0">
        <field name="createdby" value="293ebda2-985a-ed11-9562-000d3adf4843" lookupentity="systemuser" lookupentityname="Swathi Sathish Kumar" />
        <field name="createdon" value="2023-03-27T17:01:40.0000000Z" />
        <field name="jarvis_familyid" value="N1C" />
        <field name="modifiedby" value="293ebda2-985a-ed11-9562-000d3adf4843" lookupentity="systemuser" lookupentityname="Swathi Sathish Kumar" />
        <field name="modifiedon" value="2023-03-27T17:01:40.0000000Z" />
        <field name="jarvis_name" value="Hybrid" />
        <field name="ownerid" value="293ebda2-985a-ed11-9562-000d3adf4843" lookupentity="systemuser" lookupentityname="Swathi Sathish Kumar" />
        <field name="owningbusinessunit" value="c3ed74bc-152d-ed11-9db1-000d3adb48a2" lookupentity="businessunit" lookupentityname="org449d870c" />
        <field name="owninguser" value="293ebda2-985a-ed11-9562-000d3adf4843" lookupentity="systemuser" />
        <field name="jarvis_priority" value="1" />
        <field name="statecode" value="0" />
        <field name="statuscode" value="1" />
        <field name="jarvis_variantid" value="D1X" />
        <field name="jarvis_vehiclefuelpowertypeid" value="8a5ad308-c1cc-ed11-b597-000d3ad9bde0" />
      </record>
      <record id="bb29c81a-c1cc-ed11-b597-000d3ad9bde0">
        <field name="createdby" value="293ebda2-985a-ed11-9562-000d3adf4843" lookupentity="systemuser" lookupentityname="Swathi Sathish Kumar" />
        <field name="createdon" value="2023-03-27T17:02:14.0000000Z" />
        <field name="jarvis_familyid" value="6WA" />
        <field name="modifiedby" value="293ebda2-985a-ed11-9562-000d3adf4843" lookupentity="systemuser" lookupentityname="Swathi Sathish Kumar" />
        <field name="modifiedon" value="2023-03-27T17:02:14.0000000Z" />
        <field name="jarvis_name" value="Hybrid" />
        <field name="ownerid" value="293ebda2-985a-ed11-9562-000d3adf4843" lookupentity="systemuser" lookupentityname="Swathi Sathish Kumar" />
        <field name="owningbusinessunit" value="c3ed74bc-152d-ed11-9db1-000d3adb48a2" lookupentity="businessunit" lookupentityname="org449d870c" />
        <field name="owninguser" value="293ebda2-985a-ed11-9562-000d3adf4843" lookupentity="systemuser" />
        <field name="jarvis_priority" value="1" />
        <field name="statecode" value="0" />
        <field name="statuscode" value="1" />
        <field name="jarvis_variantid" value="BAX" />
        <field name="jarvis_vehiclefuelpowertypeid" value="bb29c81a-c1cc-ed11-b597-000d3ad9bde0" />
      </record>
      <record id="3717083b-c1cc-ed11-b597-000d3ad9bde0">
        <field name="createdby" value="293ebda2-985a-ed11-9562-000d3adf4843" lookupentity="systemuser" lookupentityname="Swathi Sathish Kumar" />
        <field name="createdon" value="2023-03-27T17:03:01.0000000Z" />
        <field name="jarvis_familyid" value="N2C" />
        <field name="modifiedby" value="293ebda2-985a-ed11-9562-000d3adf4843" lookupentity="systemuser" lookupentityname="Swathi Sathish Kumar" />
        <field name="modifiedon" value="2023-03-27T17:03:01.0000000Z" />
        <field name="jarvis_name" value="CNG" />
        <field name="ownerid" value="293ebda2-985a-ed11-9562-000d3adf4843" lookupentity="systemuser" lookupentityname="Swathi Sathish Kumar" />
        <field name="owningbusinessunit" value="c3ed74bc-152d-ed11-9db1-000d3adb48a2" lookupentity="businessunit" lookupentityname="org449d870c" />
        <field name="owninguser" value="293ebda2-985a-ed11-9562-000d3adf4843" lookupentity="systemuser" />
        <field name="jarvis_priority" value="2" />
        <field name="statecode" value="0" />
        <field name="statuscode" value="1" />
        <field name="jarvis_variantid" value="B1X" />
        <field name="jarvis_vehiclefuelpowertypeid" value="3717083b-c1cc-ed11-b597-000d3ad9bde0" />
      </record>
      <record id="90c74a48-c1cc-ed11-b597-000d3ad9bde0">
        <field name="createdby" value="293ebda2-985a-ed11-9562-000d3adf4843" lookupentity="systemuser" lookupentityname="Swathi Sathish Kumar" />
        <field name="createdon" value="2023-03-27T17:03:24.0000000Z" />
        <field name="jarvis_familyid" value="6WA" />
        <field name="modifiedby" value="293ebda2-985a-ed11-9562-000d3adf4843" lookupentity="systemuser" lookupentityname="Swathi Sathish Kumar" />
        <field name="modifiedon" value="2023-03-27T17:03:24.0000000Z" />
        <field name="jarvis_name" value="CNG" />
        <field name="ownerid" value="293ebda2-985a-ed11-9562-000d3adf4843" lookupentity="systemuser" lookupentityname="Swathi Sathish Kumar" />
        <field name="owningbusinessunit" value="c3ed74bc-152d-ed11-9db1-000d3adb48a2" lookupentity="businessunit" lookupentityname="org449d870c" />
        <field name="owninguser" value="293ebda2-985a-ed11-9562-000d3adf4843" lookupentity="systemuser" />
        <field name="jarvis_priority" value="2" />
        <field name="statecode" value="0" />
        <field name="statuscode" value="1" />
        <field name="jarvis_variantid" value="C1X" />
        <field name="jarvis_vehiclefuelpowertypeid" value="90c74a48-c1cc-ed11-b597-000d3ad9bde0" />
      </record>
      <record id="110d625b-c1cc-ed11-b597-000d3ad9bde0">
        <field name="createdby" value="293ebda2-985a-ed11-9562-000d3adf4843" lookupentity="systemuser" lookupentityname="Swathi Sathish Kumar" />
        <field name="createdon" value="2023-03-27T17:04:03.0000000Z" />
        <field name="jarvis_familyid" value="N2C" />
        <field name="modifiedby" value="293ebda2-985a-ed11-9562-000d3adf4843" lookupentity="systemuser" lookupentityname="Swathi Sathish Kumar" />
        <field name="modifiedon" value="2023-03-27T17:04:03.0000000Z" />
        <field name="jarvis_name" value="LNG" />
        <field name="ownerid" value="293ebda2-985a-ed11-9562-000d3adf4843" lookupentity="systemuser" lookupentityname="Swathi Sathish Kumar" />
        <field name="owningbusinessunit" value="c3ed74bc-152d-ed11-9db1-000d3adb48a2" lookupentity="businessunit" lookupentityname="org449d870c" />
        <field name="owninguser" value="293ebda2-985a-ed11-9562-000d3adf4843" lookupentity="systemuser" />
        <field name="jarvis_priority" value="2" />
        <field name="statecode" value="0" />
        <field name="statuscode" value="1" />
        <field name="jarvis_variantid" value="C1X" />
        <field name="jarvis_vehiclefuelpowertypeid" value="110d625b-c1cc-ed11-b597-000d3ad9bde0" />
      </record>
      <record id="4ec4f86b-c1cc-ed11-b597-000d3ad9bde0">
        <field name="createdby" value="293ebda2-985a-ed11-9562-000d3adf4843" lookupentity="systemuser" lookupentityname="Swathi Sathish Kumar" />
        <field name="createdon" value="2023-03-27T17:04:29.0000000Z" />
        <field name="jarvis_familyid" value="6WA" />
        <field name="modifiedby" value="293ebda2-985a-ed11-9562-000d3adf4843" lookupentity="systemuser" lookupentityname="Swathi Sathish Kumar" />
        <field name="modifiedon" value="2023-03-27T17:04:29.0000000Z" />
        <field name="jarvis_name" value="LNG" />
        <field name="ownerid" value="293ebda2-985a-ed11-9562-000d3adf4843" lookupentity="systemuser" lookupentityname="Swathi Sathish Kumar" />
        <field name="owningbusinessunit" value="c3ed74bc-152d-ed11-9db1-000d3adb48a2" lookupentity="businessunit" lookupentityname="org449d870c" />
        <field name="owninguser" value="293ebda2-985a-ed11-9562-000d3adf4843" lookupentity="systemuser" />
        <field name="jarvis_priority" value="2" />
        <field name="statecode" value="0" />
        <field name="statuscode" value="1" />
        <field name="jarvis_variantid" value="C2X" />
        <field name="jarvis_vehiclefuelpowertypeid" value="4ec4f86b-c1cc-ed11-b597-000d3ad9bde0" />
      </record>
      <record id="e781eb7d-c1cc-ed11-b597-000d3ad9bde0">
        <field name="createdby" value="293ebda2-985a-ed11-9562-000d3adf4843" lookupentity="systemuser" lookupentityname="Swathi Sathish Kumar" />
        <field name="createdon" value="2023-03-27T17:05:01.0000000Z" />
        <field name="jarvis_familyid" value="FBX" />
        <field name="modifiedby" value="293ebda2-985a-ed11-9562-000d3adf4843" lookupentity="systemuser" lookupentityname="Swathi Sathish Kumar" />
        <field name="modifiedon" value="2023-03-27T17:05:01.0000000Z" />
        <field name="jarvis_name" value="Biodiesel" />
        <field name="ownerid" value="293ebda2-985a-ed11-9562-000d3adf4843" lookupentity="systemuser" lookupentityname="Swathi Sathish Kumar" />
        <field name="owningbusinessunit" value="c3ed74bc-152d-ed11-9db1-000d3adb48a2" lookupentity="businessunit" lookupentityname="org449d870c" />
        <field name="owninguser" value="293ebda2-985a-ed11-9562-000d3adf4843" lookupentity="systemuser" />
        <field name="jarvis_priority" value="3" />
        <field name="statecode" value="0" />
        <field name="statuscode" value="1" />
        <field name="jarvis_variantid" value="A2X" />
        <field name="jarvis_vehiclefuelpowertypeid" value="e781eb7d-c1cc-ed11-b597-000d3ad9bde0" />
      </record>
      <record id="e146d198-c1cc-ed11-b597-000d3ad9bde0">
        <field name="createdby" value="293ebda2-985a-ed11-9562-000d3adf4843" lookupentity="systemuser" lookupentityname="Swathi Sathish Kumar" />
        <field name="createdon" value="2023-03-27T17:05:44.0000000Z" />
        <field name="jarvis_familyid" value="FBX" />
        <field name="modifiedby" value="293ebda2-985a-ed11-9562-000d3adf4843" lookupentity="systemuser" lookupentityname="Swathi Sathish Kumar" />
        <field name="modifiedon" value="2023-03-27T17:05:44.0000000Z" />
        <field name="jarvis_name" value="Diesel" />
        <field name="ownerid" value="293ebda2-985a-ed11-9562-000d3adf4843" lookupentity="systemuser" lookupentityname="Swathi Sathish Kumar" />
        <field name="owningbusinessunit" value="c3ed74bc-152d-ed11-9db1-000d3adb48a2" lookupentity="businessunit" lookupentityname="org449d870c" />
        <field name="owninguser" value="293ebda2-985a-ed11-9562-000d3adf4843" lookupentity="systemuser" />
        <field name="jarvis_priority" value="4" />
        <field name="statecode" value="0" />
        <field name="statuscode" value="1" />
        <field name="jarvis_variantid" value="A1X" />
        <field name="jarvis_vehiclefuelpowertypeid" value="e146d198-c1cc-ed11-b597-000d3ad9bde0" />
      </record>
      <record id="585ec1aa-c1cc-ed11-b597-000d3ad9bde0">
        <field name="createdby" value="293ebda2-985a-ed11-9562-000d3adf4843" lookupentity="systemuser" lookupentityname="Swathi Sathish Kumar" />
        <field name="createdon" value="2023-03-27T17:06:10.0000000Z" />
        <field name="jarvis_familyid" value="6WA" />
        <field name="modifiedby" value="293ebda2-985a-ed11-9562-000d3adf4843" lookupentity="systemuser" lookupentityname="Swathi Sathish Kumar" />
        <field name="modifiedon" value="2023-03-27T17:06:10.0000000Z" />
        <field name="jarvis_name" value="Diesel" />
        <field name="ownerid" value="293ebda2-985a-ed11-9562-000d3adf4843" lookupentity="systemuser" lookupentityname="Swathi Sathish Kumar" />
        <field name="owningbusinessunit" value="c3ed74bc-152d-ed11-9db1-000d3adb48a2" lookupentity="businessunit" lookupentityname="org449d870c" />
        <field name="owninguser" value="293ebda2-985a-ed11-9562-000d3adf4843" lookupentity="systemuser" />
        <field name="jarvis_priority" value="4" />
        <field name="statecode" value="0" />
        <field name="statuscode" value="1" />
        <field name="jarvis_variantid" value="AAX" />
        <field name="jarvis_vehiclefuelpowertypeid" value="585ec1aa-c1cc-ed11-b597-000d3ad9bde0" />
      </record>
    </records>
    <m2mrelationships>
      <m2mrelationship sourceid="e781eb7d-c1cc-ed11-b597-000d3ad9bde0" targetentityname="jarvis_incidentnature" targetentitynameidfield="jarvis_incidentnatureid" m2mrelationshipname="jarvis_incidentnature_jarvis_vehiclefue">
        <targetids>
          <targetid>b2db3364-b8d3-ed11-a7c7-0022489d0994</targetid>
        </targetids>
      </m2mrelationship>
    </m2mrelationships>
  </entity>
</entities>