
<entities xmlns:xsd="http://www.w3.org/2001/XMLSchema" xmlns:xsi="http://www.w3.org/2001/XMLSchema-instance" timestamp="2023-05-22T05:49:06.1430858Z">
  <entity name="transactioncurrency" displayname="Currency">
    <records>
      <record id="a0207f79-d06b-ed11-9561-000d3ad9bde0">
        <field name="isocurrencycode" value="USD" />
        <field name="currencyname" value="US Dollar" />
        <field name="currencyprecision" value="2" />
        <field name="currencysymbol" value="$" />
        <field name="exchangerate" value="1.000000000000" />
        <field name="statecode" value="0" />
        <field name="statuscode" value="1" />
        <field name="transactioncurrencyid" value="a0207f79-d06b-ed11-9561-000d3ad9bde0" />
      </record>
      <record id="a457f830-732d-ed11-9db1-000d3adb48a2">
        <field name="createdonbehalfby" value="8636ec02-d0da-44d0-b533-ecec99b40a7e" lookupentity="systemuser" lookupentityname="SYSTEM" />
        <field name="isocurrencycode" value="EUR" />
        <field name="currencyname" value="Euro" />
        <field name="currencyprecision" value="2" />
        <field name="currencysymbol" value="€" />
        <field name="exchangerate" value="1.000000000000" />
        <field name="modifiedonbehalfby" value="8636ec02-d0da-44d0-b533-ecec99b40a7e" lookupentity="systemuser" lookupentityname="SYSTEM" />
        <field name="statecode" value="0" />
        <field name="statuscode" value="1" />
        <field name="transactioncurrencyid" value="a457f830-732d-ed11-9db1-000d3adb48a2" />
      </record>
      <record id="64433732-34eb-ed11-a7c6-000d3addc3f9">
        <field name="isocurrencycode" value="UAH" />
        <field name="currencyname" value="Ukrainian Hryvnia" />
        <field name="currencyprecision" value="2" />
        <field name="currencysymbol" value="UAH" />
        <field name="exchangerate" value="1.000000000000" />
        <field name="importsequencenumber" value="50" />
        <field name="statecode" value="0" />
        <field name="statuscode" value="1" />
        <field name="transactioncurrencyid" value="64433732-34eb-ed11-a7c6-000d3addc3f9" />
      </record>
      <record id="66433732-34eb-ed11-a7c6-000d3addc3f9">
        <field name="isocurrencycode" value="TWD" />
        <field name="currencyname" value="Taiwan Dollar" />
        <field name="currencyprecision" value="2" />
        <field name="currencysymbol" value="TWD" />
        <field name="exchangerate" value="1.000000000000" />
        <field name="importsequencenumber" value="50" />
        <field name="statecode" value="0" />
        <field name="statuscode" value="1" />
        <field name="transactioncurrencyid" value="66433732-34eb-ed11-a7c6-000d3addc3f9" />
      </record>
      <record id="68433732-34eb-ed11-a7c6-000d3addc3f9">
        <field name="isocurrencycode" value="TMM" />
        <field name="currencyname" value="Turkmenistani manat" />
        <field name="currencyprecision" value="2" />
        <field name="currencysymbol" value="TMM" />
        <field name="exchangerate" value="1.000000000000" />
        <field name="importsequencenumber" value="50" />
        <field name="statecode" value="0" />
        <field name="statuscode" value="1" />
        <field name="transactioncurrencyid" value="68433732-34eb-ed11-a7c6-000d3addc3f9" />
      </record>
      <record id="6a433732-34eb-ed11-a7c6-000d3addc3f9">
        <field name="isocurrencycode" value="THB" />
        <field name="currencyname" value="Thai Baht" />
        <field name="currencyprecision" value="2" />
        <field name="currencysymbol" value="THB" />
        <field name="exchangerate" value="1.000000000000" />
        <field name="importsequencenumber" value="50" />
        <field name="statecode" value="0" />
        <field name="statuscode" value="1" />
        <field name="transactioncurrencyid" value="6a433732-34eb-ed11-a7c6-000d3addc3f9" />
      </record>
      <record id="6c433732-34eb-ed11-a7c6-000d3addc3f9">
        <field name="isocurrencycode" value="SSP" />
        <field name="currencyname" value="South Sudanese pound" />
        <field name="currencyprecision" value="2" />
        <field name="currencysymbol" value="SSP" />
        <field name="exchangerate" value="1.000000000000" />
        <field name="importsequencenumber" value="50" />
        <field name="statecode" value="0" />
        <field name="statuscode" value="1" />
        <field name="transactioncurrencyid" value="6c433732-34eb-ed11-a7c6-000d3addc3f9" />
      </record>
      <record id="6e433732-34eb-ed11-a7c6-000d3addc3f9">
        <field name="isocurrencycode" value="SKK" />
        <field name="currencyname" value="Slovak Koruna" />
        <field name="currencyprecision" value="2" />
        <field name="currencysymbol" value="SKK" />
        <field name="exchangerate" value="1.000000000000" />
        <field name="importsequencenumber" value="50" />
        <field name="statecode" value="0" />
        <field name="statuscode" value="1" />
        <field name="transactioncurrencyid" value="6e433732-34eb-ed11-a7c6-000d3addc3f9" />
      </record>
      <record id="70433732-34eb-ed11-a7c6-000d3addc3f9">
        <field name="isocurrencycode" value="PHP" />
        <field name="currencyname" value="Philippine Peso" />
        <field name="currencyprecision" value="2" />
        <field name="currencysymbol" value="PHP" />
        <field name="exchangerate" value="1.000000000000" />
        <field name="importsequencenumber" value="50" />
        <field name="statecode" value="0" />
        <field name="statuscode" value="1" />
        <field name="transactioncurrencyid" value="70433732-34eb-ed11-a7c6-000d3addc3f9" />
      </record>
      <record id="72433732-34eb-ed11-a7c6-000d3addc3f9">
        <field name="isocurrencycode" value="PEN" />
        <field name="currencyname" value="Peruvian Nuevo Sol" />
        <field name="currencyprecision" value="2" />
        <field name="currencysymbol" value="PEN" />
        <field name="exchangerate" value="1.000000000000" />
        <field name="importsequencenumber" value="50" />
        <field name="statecode" value="0" />
        <field name="statuscode" value="1" />
        <field name="transactioncurrencyid" value="72433732-34eb-ed11-a7c6-000d3addc3f9" />
      </record>
      <record id="74433732-34eb-ed11-a7c6-000d3addc3f9">
        <field name="isocurrencycode" value="NZD" />
        <field name="currencyname" value="New Zealand Dollar" />
        <field name="currencyprecision" value="2" />
        <field name="currencysymbol" value="NZD" />
        <field name="exchangerate" value="1.000000000000" />
        <field name="importsequencenumber" value="50" />
        <field name="statecode" value="0" />
        <field name="statuscode" value="1" />
        <field name="transactioncurrencyid" value="74433732-34eb-ed11-a7c6-000d3addc3f9" />
      </record>
      <record id="76433732-34eb-ed11-a7c6-000d3addc3f9">
        <field name="isocurrencycode" value="NGN" />
        <field name="currencyname" value="Nigerian Naira" />
        <field name="currencyprecision" value="2" />
        <field name="currencysymbol" value="NGN" />
        <field name="exchangerate" value="1.000000000000" />
        <field name="importsequencenumber" value="50" />
        <field name="statecode" value="0" />
        <field name="statuscode" value="1" />
        <field name="transactioncurrencyid" value="76433732-34eb-ed11-a7c6-000d3addc3f9" />
      </record>
      <record id="78433732-34eb-ed11-a7c6-000d3addc3f9">
        <field name="isocurrencycode" value="MXN" />
        <field name="currencyname" value="Mexican Peso" />
        <field name="currencyprecision" value="2" />
        <field name="currencysymbol" value="MXN" />
        <field name="exchangerate" value="1.000000000000" />
        <field name="importsequencenumber" value="50" />
        <field name="statecode" value="0" />
        <field name="statuscode" value="1" />
        <field name="transactioncurrencyid" value="78433732-34eb-ed11-a7c6-000d3addc3f9" />
      </record>
      <record id="7a433732-34eb-ed11-a7c6-000d3addc3f9">
        <field name="isocurrencycode" value="MAD" />
        <field name="currencyname" value="Moroccan Dirham" />
        <field name="currencyprecision" value="2" />
        <field name="currencysymbol" value="MAD" />
        <field name="exchangerate" value="1.000000000000" />
        <field name="importsequencenumber" value="50" />
        <field name="statecode" value="0" />
        <field name="statuscode" value="1" />
        <field name="transactioncurrencyid" value="7a433732-34eb-ed11-a7c6-000d3addc3f9" />
      </record>
      <record id="7c433732-34eb-ed11-a7c6-000d3addc3f9">
        <field name="isocurrencycode" value="KRW" />
        <field name="currencyname" value="South Korean Won" />
        <field name="currencyprecision" value="2" />
        <field name="currencysymbol" value="KRW" />
        <field name="exchangerate" value="1.000000000000" />
        <field name="importsequencenumber" value="50" />
        <field name="statecode" value="0" />
        <field name="statuscode" value="1" />
        <field name="transactioncurrencyid" value="7c433732-34eb-ed11-a7c6-000d3addc3f9" />
      </record>
      <record id="7e433732-34eb-ed11-a7c6-000d3addc3f9">
        <field name="isocurrencycode" value="INR" />
        <field name="currencyname" value="Indian Rupee" />
        <field name="currencyprecision" value="2" />
        <field name="currencysymbol" value="INR" />
        <field name="exchangerate" value="1.000000000000" />
        <field name="importsequencenumber" value="50" />
        <field name="statecode" value="0" />
        <field name="statuscode" value="1" />
        <field name="transactioncurrencyid" value="7e433732-34eb-ed11-a7c6-000d3addc3f9" />
      </record>
      <record id="80433732-34eb-ed11-a7c6-000d3addc3f9">
        <field name="isocurrencycode" value="ILS" />
        <field name="currencyname" value="New Israeli Sheqel" />
        <field name="currencyprecision" value="2" />
        <field name="currencysymbol" value="ILS" />
        <field name="exchangerate" value="1.000000000000" />
        <field name="importsequencenumber" value="50" />
        <field name="statecode" value="0" />
        <field name="statuscode" value="1" />
        <field name="transactioncurrencyid" value="80433732-34eb-ed11-a7c6-000d3addc3f9" />
      </record>
      <record id="82433732-34eb-ed11-a7c6-000d3addc3f9">
        <field name="isocurrencycode" value="IDR" />
        <field name="currencyname" value="Indonesian Rupiah" />
        <field name="currencyprecision" value="2" />
        <field name="currencysymbol" value="IDR" />
        <field name="exchangerate" value="1.000000000000" />
        <field name="importsequencenumber" value="50" />
        <field name="statecode" value="0" />
        <field name="statuscode" value="1" />
        <field name="transactioncurrencyid" value="82433732-34eb-ed11-a7c6-000d3addc3f9" />
      </record>
      <record id="84433732-34eb-ed11-a7c6-000d3addc3f9">
        <field name="isocurrencycode" value="HKD" />
        <field name="currencyname" value="Hong Kong Dollar" />
        <field name="currencyprecision" value="2" />
        <field name="currencysymbol" value="HKD" />
        <field name="exchangerate" value="1.000000000000" />
        <field name="importsequencenumber" value="50" />
        <field name="statecode" value="0" />
        <field name="statuscode" value="1" />
        <field name="transactioncurrencyid" value="84433732-34eb-ed11-a7c6-000d3addc3f9" />
      </record>
      <record id="86433732-34eb-ed11-a7c6-000d3addc3f9">
        <field name="isocurrencycode" value="GHC" />
        <field name="currencyname" value="Ghanaian ced" />
        <field name="currencyprecision" value="2" />
        <field name="currencysymbol" value="GHC" />
        <field name="exchangerate" value="1.000000000000" />
        <field name="importsequencenumber" value="50" />
        <field name="statecode" value="0" />
        <field name="statuscode" value="1" />
        <field name="transactioncurrencyid" value="86433732-34eb-ed11-a7c6-000d3addc3f9" />
      </record>
      <record id="88433732-34eb-ed11-a7c6-000d3addc3f9">
        <field name="isocurrencycode" value="EGP" />
        <field name="currencyname" value="Egyptian Pound" />
        <field name="currencyprecision" value="2" />
        <field name="currencysymbol" value="EGP" />
        <field name="exchangerate" value="1.000000000000" />
        <field name="importsequencenumber" value="50" />
        <field name="statecode" value="0" />
        <field name="statuscode" value="1" />
        <field name="transactioncurrencyid" value="88433732-34eb-ed11-a7c6-000d3addc3f9" />
      </record>
      <record id="8a433732-34eb-ed11-a7c6-000d3addc3f9">
        <field name="isocurrencycode" value="DZD" />
        <field name="currencyname" value="Algerian Dinar" />
        <field name="currencyprecision" value="2" />
        <field name="currencysymbol" value="DZD" />
        <field name="exchangerate" value="1.000000000000" />
        <field name="importsequencenumber" value="50" />
        <field name="statecode" value="0" />
        <field name="statuscode" value="1" />
        <field name="transactioncurrencyid" value="8a433732-34eb-ed11-a7c6-000d3addc3f9" />
      </record>
      <record id="8c433732-34eb-ed11-a7c6-000d3addc3f9">
        <field name="isocurrencycode" value="COP" />
        <field name="currencyname" value="Colombian Peso" />
        <field name="currencyprecision" value="2" />
        <field name="currencysymbol" value="COP" />
        <field name="exchangerate" value="1.000000000000" />
        <field name="importsequencenumber" value="50" />
        <field name="statecode" value="0" />
        <field name="statuscode" value="1" />
        <field name="transactioncurrencyid" value="8c433732-34eb-ed11-a7c6-000d3addc3f9" />
      </record>
      <record id="8e433732-34eb-ed11-a7c6-000d3addc3f9">
        <field name="isocurrencycode" value="CNY" />
        <field name="currencyname" value="Chinese Yuan" />
        <field name="currencyprecision" value="2" />
        <field name="currencysymbol" value="CNY" />
        <field name="exchangerate" value="1.000000000000" />
        <field name="importsequencenumber" value="50" />
        <field name="statecode" value="0" />
        <field name="statuscode" value="1" />
        <field name="transactioncurrencyid" value="8e433732-34eb-ed11-a7c6-000d3addc3f9" />
      </record>
      <record id="90433732-34eb-ed11-a7c6-000d3addc3f9">
        <field name="isocurrencycode" value="CLP" />
        <field name="currencyname" value="Chilean Peso" />
        <field name="currencyprecision" value="2" />
        <field name="currencysymbol" value="CLP" />
        <field name="exchangerate" value="1.000000000000" />
        <field name="importsequencenumber" value="50" />
        <field name="statecode" value="0" />
        <field name="statuscode" value="1" />
        <field name="transactioncurrencyid" value="90433732-34eb-ed11-a7c6-000d3addc3f9" />
      </record>
      <record id="92433732-34eb-ed11-a7c6-000d3addc3f9">
        <field name="isocurrencycode" value="CFA" />
        <field name="currencyname" value="Central African CFA Franc" />
        <field name="currencyprecision" value="2" />
        <field name="currencysymbol" value="CFA" />
        <field name="exchangerate" value="1.000000000000" />
        <field name="importsequencenumber" value="50" />
        <field name="statecode" value="0" />
        <field name="statuscode" value="1" />
        <field name="transactioncurrencyid" value="92433732-34eb-ed11-a7c6-000d3addc3f9" />
      </record>
      <record id="94433732-34eb-ed11-a7c6-000d3addc3f9">
        <field name="isocurrencycode" value="CAD" />
        <field name="currencyname" value="Canadian Dollar" />
        <field name="currencyprecision" value="2" />
        <field name="currencysymbol" value="CAD" />
        <field name="exchangerate" value="1.000000000000" />
        <field name="importsequencenumber" value="50" />
        <field name="statecode" value="0" />
        <field name="statuscode" value="1" />
        <field name="transactioncurrencyid" value="94433732-34eb-ed11-a7c6-000d3addc3f9" />
      </record>
      <record id="96433732-34eb-ed11-a7c6-000d3addc3f9">
        <field name="isocurrencycode" value="ARS" />
        <field name="currencyname" value="Argentine Peso" />
        <field name="currencyprecision" value="2" />
        <field name="currencysymbol" value="ARS" />
        <field name="exchangerate" value="1.000000000000" />
        <field name="importsequencenumber" value="50" />
        <field name="statecode" value="0" />
        <field name="statuscode" value="1" />
        <field name="transactioncurrencyid" value="96433732-34eb-ed11-a7c6-000d3addc3f9" />
      </record>
      <record id="98433732-34eb-ed11-a7c6-000d3addc3f9">
        <field name="isocurrencycode" value="ALL" />
        <field name="currencyname" value="Albanian Lek" />
        <field name="currencyprecision" value="2" />
        <field name="currencysymbol" value="ALL" />
        <field name="exchangerate" value="1.000000000000" />
        <field name="importsequencenumber" value="50" />
        <field name="statecode" value="0" />
        <field name="statuscode" value="1" />
        <field name="transactioncurrencyid" value="98433732-34eb-ed11-a7c6-000d3addc3f9" />
      </record>
      <record id="28fc0a50-71d8-ed11-a7c7-000d3addcd24">
        <field name="isocurrencycode" value="AED" />
        <field name="currencyname" value="Dirham" />
        <field name="currencyprecision" value="2" />
        <field name="currencysymbol" value="د.إ" />
        <field name="exchangerate" value="1.000000000000" />
        <field name="importsequencenumber" value="35" />
        <field name="statecode" value="0" />
        <field name="statuscode" value="1" />
        <field name="transactioncurrencyid" value="28fc0a50-71d8-ed11-a7c7-000d3addcd24" />
      </record>
      <record id="2afc0a50-71d8-ed11-a7c7-000d3addcd24">
        <field name="isocurrencycode" value="AFN" />
        <field name="currencyname" value="Afghani" />
        <field name="currencyprecision" value="2" />
        <field name="currencysymbol" value="؋" />
        <field name="exchangerate" value="1.000000000000" />
        <field name="importsequencenumber" value="35" />
        <field name="statecode" value="0" />
        <field name="statuscode" value="1" />
        <field name="transactioncurrencyid" value="2afc0a50-71d8-ed11-a7c7-000d3addcd24" />
      </record>
      <record id="2cfc0a50-71d8-ed11-a7c7-000d3addcd24">
        <field name="isocurrencycode" value="AMD" />
        <field name="currencyname" value="Dram" />
        <field name="currencyprecision" value="2" />
        <field name="currencysymbol" value="Դ" />
        <field name="exchangerate" value="1.000000000000" />
        <field name="importsequencenumber" value="35" />
        <field name="statecode" value="0" />
        <field name="statuscode" value="1" />
        <field name="transactioncurrencyid" value="2cfc0a50-71d8-ed11-a7c7-000d3addcd24" />
      </record>
      <record id="2efc0a50-71d8-ed11-a7c7-000d3addcd24">
        <field name="isocurrencycode" value="ANG" />
        <field name="currencyname" value="Guilder" />
        <field name="currencyprecision" value="2" />
        <field name="currencysymbol" value="ƒ" />
        <field name="exchangerate" value="1.000000000000" />
        <field name="importsequencenumber" value="35" />
        <field name="statecode" value="0" />
        <field name="statuscode" value="1" />
        <field name="transactioncurrencyid" value="2efc0a50-71d8-ed11-a7c7-000d3addcd24" />
      </record>
      <record id="30fc0a50-71d8-ed11-a7c7-000d3addcd24">
        <field name="isocurrencycode" value="AOA" />
        <field name="currencyname" value="Kwanza" />
        <field name="currencyprecision" value="2" />
        <field name="currencysymbol" value="Kz" />
        <field name="exchangerate" value="1.000000000000" />
        <field name="importsequencenumber" value="35" />
        <field name="statecode" value="0" />
        <field name="statuscode" value="1" />
        <field name="transactioncurrencyid" value="30fc0a50-71d8-ed11-a7c7-000d3addcd24" />
      </record>
      <record id="32fc0a50-71d8-ed11-a7c7-000d3addcd24">
        <field name="isocurrencycode" value="AWG" />
        <field name="currencyname" value="Guilder" />
        <field name="currencyprecision" value="2" />
        <field name="currencysymbol" value="ƒ" />
        <field name="exchangerate" value="1.000000000000" />
        <field name="importsequencenumber" value="35" />
        <field name="statecode" value="0" />
        <field name="statuscode" value="1" />
        <field name="transactioncurrencyid" value="32fc0a50-71d8-ed11-a7c7-000d3addcd24" />
      </record>
      <record id="34fc0a50-71d8-ed11-a7c7-000d3addcd24">
        <field name="isocurrencycode" value="AZN" />
        <field name="currencyname" value="Manat" />
        <field name="currencyprecision" value="2" />
        <field name="currencysymbol" value="ман" />
        <field name="exchangerate" value="1.000000000000" />
        <field name="importsequencenumber" value="35" />
        <field name="statecode" value="0" />
        <field name="statuscode" value="1" />
        <field name="transactioncurrencyid" value="34fc0a50-71d8-ed11-a7c7-000d3addcd24" />
      </record>
      <record id="36fc0a50-71d8-ed11-a7c7-000d3addcd24">
        <field name="isocurrencycode" value="BAM" />
        <field name="currencyname" value="Marks" />
        <field name="currencyprecision" value="2" />
        <field name="currencysymbol" value="KM" />
        <field name="exchangerate" value="1.000000000000" />
        <field name="importsequencenumber" value="35" />
        <field name="statecode" value="0" />
        <field name="statuscode" value="1" />
        <field name="transactioncurrencyid" value="36fc0a50-71d8-ed11-a7c7-000d3addcd24" />
      </record>
      <record id="38fc0a50-71d8-ed11-a7c7-000d3addcd24">
        <field name="isocurrencycode" value="BBD" />
        <field name="currencyname" value="Dollar" />
        <field name="currencyprecision" value="2" />
        <field name="currencysymbol" value="$" />
        <field name="exchangerate" value="1.000000000000" />
        <field name="importsequencenumber" value="35" />
        <field name="statecode" value="0" />
        <field name="statuscode" value="1" />
        <field name="transactioncurrencyid" value="38fc0a50-71d8-ed11-a7c7-000d3addcd24" />
      </record>
      <record id="3afc0a50-71d8-ed11-a7c7-000d3addcd24">
        <field name="isocurrencycode" value="BGN" />
        <field name="currencyname" value="Lev" />
        <field name="currencyprecision" value="2" />
        <field name="currencysymbol" value="лв" />
        <field name="exchangerate" value="1.000000000000" />
        <field name="importsequencenumber" value="35" />
        <field name="statecode" value="0" />
        <field name="statuscode" value="1" />
        <field name="transactioncurrencyid" value="3afc0a50-71d8-ed11-a7c7-000d3addcd24" />
      </record>
      <record id="3cfc0a50-71d8-ed11-a7c7-000d3addcd24">
        <field name="isocurrencycode" value="BHD" />
        <field name="currencyname" value="Dinar" />
        <field name="currencyprecision" value="2" />
        <field name="currencysymbol" value=".د.ب" />
        <field name="exchangerate" value="1.000000000000" />
        <field name="importsequencenumber" value="35" />
        <field name="statecode" value="0" />
        <field name="statuscode" value="1" />
        <field name="transactioncurrencyid" value="3cfc0a50-71d8-ed11-a7c7-000d3addcd24" />
      </record>
      <record id="3efc0a50-71d8-ed11-a7c7-000d3addcd24">
        <field name="isocurrencycode" value="BIF" />
        <field name="currencyname" value="Franc" />
        <field name="currencyprecision" value="2" />
        <field name="currencysymbol" value="Fr" />
        <field name="exchangerate" value="1.000000000000" />
        <field name="importsequencenumber" value="35" />
        <field name="statecode" value="0" />
        <field name="statuscode" value="1" />
        <field name="transactioncurrencyid" value="3efc0a50-71d8-ed11-a7c7-000d3addcd24" />
      </record>
      <record id="40fc0a50-71d8-ed11-a7c7-000d3addcd24">
        <field name="isocurrencycode" value="BMD" />
        <field name="currencyname" value="Dollar" />
        <field name="currencyprecision" value="2" />
        <field name="currencysymbol" value="$" />
        <field name="exchangerate" value="1.000000000000" />
        <field name="importsequencenumber" value="35" />
        <field name="statecode" value="0" />
        <field name="statuscode" value="1" />
        <field name="transactioncurrencyid" value="40fc0a50-71d8-ed11-a7c7-000d3addcd24" />
      </record>
      <record id="42fc0a50-71d8-ed11-a7c7-000d3addcd24">
        <field name="isocurrencycode" value="BND" />
        <field name="currencyname" value="Dollar" />
        <field name="currencyprecision" value="2" />
        <field name="currencysymbol" value="$" />
        <field name="exchangerate" value="1.000000000000" />
        <field name="importsequencenumber" value="35" />
        <field name="statecode" value="0" />
        <field name="statuscode" value="1" />
        <field name="transactioncurrencyid" value="42fc0a50-71d8-ed11-a7c7-000d3addcd24" />
      </record>
      <record id="44fc0a50-71d8-ed11-a7c7-000d3addcd24">
        <field name="isocurrencycode" value="BOB" />
        <field name="currencyname" value="Boliviano" />
        <field name="currencyprecision" value="2" />
        <field name="currencysymbol" value="Bs." />
        <field name="exchangerate" value="1.000000000000" />
        <field name="importsequencenumber" value="35" />
        <field name="statecode" value="0" />
        <field name="statuscode" value="1" />
        <field name="transactioncurrencyid" value="44fc0a50-71d8-ed11-a7c7-000d3addcd24" />
      </record>
      <record id="46fc0a50-71d8-ed11-a7c7-000d3addcd24">
        <field name="isocurrencycode" value="BRL" />
        <field name="currencyname" value="Real" />
        <field name="currencyprecision" value="2" />
        <field name="currencysymbol" value="R$" />
        <field name="exchangerate" value="1.000000000000" />
        <field name="importsequencenumber" value="35" />
        <field name="statecode" value="0" />
        <field name="statuscode" value="1" />
        <field name="transactioncurrencyid" value="46fc0a50-71d8-ed11-a7c7-000d3addcd24" />
      </record>
      <record id="48fc0a50-71d8-ed11-a7c7-000d3addcd24">
        <field name="isocurrencycode" value="BSD" />
        <field name="currencyname" value="Dollar" />
        <field name="currencyprecision" value="2" />
        <field name="currencysymbol" value="$" />
        <field name="exchangerate" value="1.000000000000" />
        <field name="importsequencenumber" value="35" />
        <field name="statecode" value="0" />
        <field name="statuscode" value="1" />
        <field name="transactioncurrencyid" value="48fc0a50-71d8-ed11-a7c7-000d3addcd24" />
      </record>
      <record id="4afc0a50-71d8-ed11-a7c7-000d3addcd24">
        <field name="isocurrencycode" value="BTN" />
        <field name="currencyname" value="Ngultrum" />
        <field name="currencyprecision" value="2" />
        <field name="currencysymbol" value="Nu." />
        <field name="exchangerate" value="1.000000000000" />
        <field name="importsequencenumber" value="35" />
        <field name="statecode" value="0" />
        <field name="statuscode" value="1" />
        <field name="transactioncurrencyid" value="4afc0a50-71d8-ed11-a7c7-000d3addcd24" />
      </record>
      <record id="4cfc0a50-71d8-ed11-a7c7-000d3addcd24">
        <field name="isocurrencycode" value="BWP" />
        <field name="currencyname" value="Pula" />
        <field name="currencyprecision" value="2" />
        <field name="currencysymbol" value="P" />
        <field name="exchangerate" value="1.000000000000" />
        <field name="importsequencenumber" value="35" />
        <field name="statecode" value="0" />
        <field name="statuscode" value="1" />
        <field name="transactioncurrencyid" value="4cfc0a50-71d8-ed11-a7c7-000d3addcd24" />
      </record>
      <record id="4efc0a50-71d8-ed11-a7c7-000d3addcd24">
        <field name="isocurrencycode" value="BYR" />
        <field name="currencyname" value="Ruble" />
        <field name="currencyprecision" value="2" />
        <field name="currencysymbol" value="p." />
        <field name="exchangerate" value="1.000000000000" />
        <field name="importsequencenumber" value="35" />
        <field name="statecode" value="0" />
        <field name="statuscode" value="1" />
        <field name="transactioncurrencyid" value="4efc0a50-71d8-ed11-a7c7-000d3addcd24" />
      </record>
      <record id="50fc0a50-71d8-ed11-a7c7-000d3addcd24">
        <field name="isocurrencycode" value="BZD" />
        <field name="currencyname" value="Dollar" />
        <field name="currencyprecision" value="2" />
        <field name="currencysymbol" value="BZ$" />
        <field name="exchangerate" value="1.000000000000" />
        <field name="importsequencenumber" value="35" />
        <field name="statecode" value="0" />
        <field name="statuscode" value="1" />
        <field name="transactioncurrencyid" value="50fc0a50-71d8-ed11-a7c7-000d3addcd24" />
      </record>
      <record id="52fc0a50-71d8-ed11-a7c7-000d3addcd24">
        <field name="isocurrencycode" value="CDF" />
        <field name="currencyname" value="Franc" />
        <field name="currencyprecision" value="2" />
        <field name="currencysymbol" value="Fr" />
        <field name="exchangerate" value="1.000000000000" />
        <field name="importsequencenumber" value="35" />
        <field name="statecode" value="0" />
        <field name="statuscode" value="1" />
        <field name="transactioncurrencyid" value="52fc0a50-71d8-ed11-a7c7-000d3addcd24" />
      </record>
      <record id="54fc0a50-71d8-ed11-a7c7-000d3addcd24">
        <field name="isocurrencycode" value="CRC" />
        <field name="currencyname" value="Colon" />
        <field name="currencyprecision" value="2" />
        <field name="currencysymbol" value="₡" />
        <field name="exchangerate" value="1.000000000000" />
        <field name="importsequencenumber" value="35" />
        <field name="statecode" value="0" />
        <field name="statuscode" value="1" />
        <field name="transactioncurrencyid" value="54fc0a50-71d8-ed11-a7c7-000d3addcd24" />
      </record>
      <record id="56fc0a50-71d8-ed11-a7c7-000d3addcd24">
        <field name="isocurrencycode" value="CUP" />
        <field name="currencyname" value="Peso" />
        <field name="currencyprecision" value="2" />
        <field name="currencysymbol" value="$" />
        <field name="exchangerate" value="1.000000000000" />
        <field name="importsequencenumber" value="35" />
        <field name="statecode" value="0" />
        <field name="statuscode" value="1" />
        <field name="transactioncurrencyid" value="56fc0a50-71d8-ed11-a7c7-000d3addcd24" />
      </record>
      <record id="58fc0a50-71d8-ed11-a7c7-000d3addcd24">
        <field name="isocurrencycode" value="CVE" />
        <field name="currencyname" value="Escudo" />
        <field name="currencyprecision" value="2" />
        <field name="currencysymbol" value="$" />
        <field name="exchangerate" value="1.000000000000" />
        <field name="importsequencenumber" value="35" />
        <field name="statecode" value="0" />
        <field name="statuscode" value="1" />
        <field name="transactioncurrencyid" value="58fc0a50-71d8-ed11-a7c7-000d3addcd24" />
      </record>
      <record id="5afc0a50-71d8-ed11-a7c7-000d3addcd24">
        <field name="isocurrencycode" value="DJF" />
        <field name="currencyname" value="Franc" />
        <field name="currencyprecision" value="2" />
        <field name="currencysymbol" value="Fr" />
        <field name="exchangerate" value="1.000000000000" />
        <field name="importsequencenumber" value="35" />
        <field name="statecode" value="0" />
        <field name="statuscode" value="1" />
        <field name="transactioncurrencyid" value="5afc0a50-71d8-ed11-a7c7-000d3addcd24" />
      </record>
      <record id="5cfc0a50-71d8-ed11-a7c7-000d3addcd24">
        <field name="isocurrencycode" value="DOP" />
        <field name="currencyname" value="Peso" />
        <field name="currencyprecision" value="2" />
        <field name="currencysymbol" value="$" />
        <field name="exchangerate" value="1.000000000000" />
        <field name="importsequencenumber" value="35" />
        <field name="statecode" value="0" />
        <field name="statuscode" value="1" />
        <field name="transactioncurrencyid" value="5cfc0a50-71d8-ed11-a7c7-000d3addcd24" />
      </record>
      <record id="5efc0a50-71d8-ed11-a7c7-000d3addcd24">
        <field name="isocurrencycode" value="EEK" />
        <field name="currencyname" value="Kroon" />
        <field name="currencyprecision" value="2" />
        <field name="currencysymbol" value="kr" />
        <field name="exchangerate" value="1.000000000000" />
        <field name="importsequencenumber" value="35" />
        <field name="statecode" value="0" />
        <field name="statuscode" value="1" />
        <field name="transactioncurrencyid" value="5efc0a50-71d8-ed11-a7c7-000d3addcd24" />
      </record>
      <record id="60fc0a50-71d8-ed11-a7c7-000d3addcd24">
        <field name="isocurrencycode" value="ERN" />
        <field name="currencyname" value="Nakfa" />
        <field name="currencyprecision" value="2" />
        <field name="currencysymbol" value="Nfk" />
        <field name="exchangerate" value="1.000000000000" />
        <field name="importsequencenumber" value="35" />
        <field name="statecode" value="0" />
        <field name="statuscode" value="1" />
        <field name="transactioncurrencyid" value="60fc0a50-71d8-ed11-a7c7-000d3addcd24" />
      </record>
      <record id="62fc0a50-71d8-ed11-a7c7-000d3addcd24">
        <field name="isocurrencycode" value="ETB" />
        <field name="currencyname" value="Birr" />
        <field name="currencyprecision" value="2" />
        <field name="currencysymbol" value="Br" />
        <field name="exchangerate" value="1.000000000000" />
        <field name="importsequencenumber" value="35" />
        <field name="statecode" value="0" />
        <field name="statuscode" value="1" />
        <field name="transactioncurrencyid" value="62fc0a50-71d8-ed11-a7c7-000d3addcd24" />
      </record>
      <record id="64fc0a50-71d8-ed11-a7c7-000d3addcd24">
        <field name="isocurrencycode" value="FJD" />
        <field name="currencyname" value="Dollar" />
        <field name="currencyprecision" value="2" />
        <field name="currencysymbol" value="$" />
        <field name="exchangerate" value="1.000000000000" />
        <field name="importsequencenumber" value="35" />
        <field name="statecode" value="0" />
        <field name="statuscode" value="1" />
        <field name="transactioncurrencyid" value="64fc0a50-71d8-ed11-a7c7-000d3addcd24" />
      </record>
      <record id="66fc0a50-71d8-ed11-a7c7-000d3addcd24">
        <field name="isocurrencycode" value="FKP" />
        <field name="currencyname" value="Pound" />
        <field name="currencyprecision" value="2" />
        <field name="currencysymbol" value="&amp;#163;" />
        <field name="exchangerate" value="1.000000000000" />
        <field name="importsequencenumber" value="35" />
        <field name="statecode" value="0" />
        <field name="statuscode" value="1" />
        <field name="transactioncurrencyid" value="66fc0a50-71d8-ed11-a7c7-000d3addcd24" />
      </record>
      <record id="68fc0a50-71d8-ed11-a7c7-000d3addcd24">
        <field name="isocurrencycode" value="GEL" />
        <field name="currencyname" value="Lari" />
        <field name="currencyprecision" value="2" />
        <field name="currencysymbol" value="ლარი" />
        <field name="exchangerate" value="1.000000000000" />
        <field name="importsequencenumber" value="35" />
        <field name="statecode" value="0" />
        <field name="statuscode" value="1" />
        <field name="transactioncurrencyid" value="68fc0a50-71d8-ed11-a7c7-000d3addcd24" />
      </record>
      <record id="6afc0a50-71d8-ed11-a7c7-000d3addcd24">
        <field name="isocurrencycode" value="GHS" />
        <field name="currencyname" value="Cedi" />
        <field name="currencyprecision" value="2" />
        <field name="currencysymbol" value="&amp;#162;" />
        <field name="exchangerate" value="1.000000000000" />
        <field name="importsequencenumber" value="35" />
        <field name="statecode" value="0" />
        <field name="statuscode" value="1" />
        <field name="transactioncurrencyid" value="6afc0a50-71d8-ed11-a7c7-000d3addcd24" />
      </record>
      <record id="6cfc0a50-71d8-ed11-a7c7-000d3addcd24">
        <field name="isocurrencycode" value="GIP" />
        <field name="currencyname" value="Pound" />
        <field name="currencyprecision" value="2" />
        <field name="currencysymbol" value="&amp;#163;" />
        <field name="exchangerate" value="1.000000000000" />
        <field name="importsequencenumber" value="35" />
        <field name="statecode" value="0" />
        <field name="statuscode" value="1" />
        <field name="transactioncurrencyid" value="6cfc0a50-71d8-ed11-a7c7-000d3addcd24" />
      </record>
      <record id="6efc0a50-71d8-ed11-a7c7-000d3addcd24">
        <field name="isocurrencycode" value="GMD" />
        <field name="currencyname" value="Dalasi" />
        <field name="currencyprecision" value="2" />
        <field name="currencysymbol" value="D" />
        <field name="exchangerate" value="1.000000000000" />
        <field name="importsequencenumber" value="35" />
        <field name="statecode" value="0" />
        <field name="statuscode" value="1" />
        <field name="transactioncurrencyid" value="6efc0a50-71d8-ed11-a7c7-000d3addcd24" />
      </record>
      <record id="70fc0a50-71d8-ed11-a7c7-000d3addcd24">
        <field name="isocurrencycode" value="GNF" />
        <field name="currencyname" value="Franc" />
        <field name="currencyprecision" value="2" />
        <field name="currencysymbol" value="Fr" />
        <field name="exchangerate" value="1.000000000000" />
        <field name="importsequencenumber" value="35" />
        <field name="statecode" value="0" />
        <field name="statuscode" value="1" />
        <field name="transactioncurrencyid" value="70fc0a50-71d8-ed11-a7c7-000d3addcd24" />
      </record>
      <record id="72fc0a50-71d8-ed11-a7c7-000d3addcd24">
        <field name="isocurrencycode" value="GTQ" />
        <field name="currencyname" value="Quetzal" />
        <field name="currencyprecision" value="2" />
        <field name="currencysymbol" value="Q" />
        <field name="exchangerate" value="1.000000000000" />
        <field name="importsequencenumber" value="35" />
        <field name="statecode" value="0" />
        <field name="statuscode" value="1" />
        <field name="transactioncurrencyid" value="72fc0a50-71d8-ed11-a7c7-000d3addcd24" />
      </record>
      <record id="74fc0a50-71d8-ed11-a7c7-000d3addcd24">
        <field name="isocurrencycode" value="GWP" />
        <field name="currencyname" value="Peso" />
        <field name="currencyprecision" value="2" />
        <field name="currencysymbol" value="Fr" />
        <field name="exchangerate" value="1.000000000000" />
        <field name="importsequencenumber" value="35" />
        <field name="statecode" value="0" />
        <field name="statuscode" value="1" />
        <field name="transactioncurrencyid" value="74fc0a50-71d8-ed11-a7c7-000d3addcd24" />
      </record>
      <record id="76fc0a50-71d8-ed11-a7c7-000d3addcd24">
        <field name="isocurrencycode" value="GYD" />
        <field name="currencyname" value="Dollar" />
        <field name="currencyprecision" value="2" />
        <field name="currencysymbol" value="$" />
        <field name="exchangerate" value="1.000000000000" />
        <field name="importsequencenumber" value="35" />
        <field name="statecode" value="0" />
        <field name="statuscode" value="1" />
        <field name="transactioncurrencyid" value="76fc0a50-71d8-ed11-a7c7-000d3addcd24" />
      </record>
      <record id="78fc0a50-71d8-ed11-a7c7-000d3addcd24">
        <field name="isocurrencycode" value="HNL" />
        <field name="currencyname" value="Lempira" />
        <field name="currencyprecision" value="2" />
        <field name="currencysymbol" value="L" />
        <field name="exchangerate" value="1.000000000000" />
        <field name="importsequencenumber" value="35" />
        <field name="statecode" value="0" />
        <field name="statuscode" value="1" />
        <field name="transactioncurrencyid" value="78fc0a50-71d8-ed11-a7c7-000d3addcd24" />
      </record>
      <record id="7afc0a50-71d8-ed11-a7c7-000d3addcd24">
        <field name="isocurrencycode" value="HRK" />
        <field name="currencyname" value="Kuna" />
        <field name="currencyprecision" value="2" />
        <field name="currencysymbol" value="kn" />
        <field name="exchangerate" value="1.000000000000" />
        <field name="importsequencenumber" value="35" />
        <field name="statecode" value="0" />
        <field name="statuscode" value="1" />
        <field name="transactioncurrencyid" value="7afc0a50-71d8-ed11-a7c7-000d3addcd24" />
      </record>
      <record id="7cfc0a50-71d8-ed11-a7c7-000d3addcd24">
        <field name="isocurrencycode" value="HTG" />
        <field name="currencyname" value="Gourde" />
        <field name="currencyprecision" value="2" />
        <field name="currencysymbol" value="G" />
        <field name="exchangerate" value="1.000000000000" />
        <field name="importsequencenumber" value="35" />
        <field name="statecode" value="0" />
        <field name="statuscode" value="1" />
        <field name="transactioncurrencyid" value="7cfc0a50-71d8-ed11-a7c7-000d3addcd24" />
      </record>
      <record id="7efc0a50-71d8-ed11-a7c7-000d3addcd24">
        <field name="isocurrencycode" value="IQD" />
        <field name="currencyname" value="Dinar" />
        <field name="currencyprecision" value="2" />
        <field name="currencysymbol" value="د.ع" />
        <field name="exchangerate" value="1.000000000000" />
        <field name="importsequencenumber" value="35" />
        <field name="statecode" value="0" />
        <field name="statuscode" value="1" />
        <field name="transactioncurrencyid" value="7efc0a50-71d8-ed11-a7c7-000d3addcd24" />
      </record>
      <record id="80fc0a50-71d8-ed11-a7c7-000d3addcd24">
        <field name="isocurrencycode" value="JMD" />
        <field name="currencyname" value="Dollar" />
        <field name="currencyprecision" value="2" />
        <field name="currencysymbol" value="$" />
        <field name="exchangerate" value="1.000000000000" />
        <field name="importsequencenumber" value="35" />
        <field name="statecode" value="0" />
        <field name="statuscode" value="1" />
        <field name="transactioncurrencyid" value="80fc0a50-71d8-ed11-a7c7-000d3addcd24" />
      </record>
      <record id="82fc0a50-71d8-ed11-a7c7-000d3addcd24">
        <field name="isocurrencycode" value="JOD" />
        <field name="currencyname" value="Dinar" />
        <field name="currencyprecision" value="2" />
        <field name="currencysymbol" value="JD" />
        <field name="exchangerate" value="1.000000000000" />
        <field name="importsequencenumber" value="35" />
        <field name="statecode" value="0" />
        <field name="statuscode" value="1" />
        <field name="transactioncurrencyid" value="82fc0a50-71d8-ed11-a7c7-000d3addcd24" />
      </record>
      <record id="84fc0a50-71d8-ed11-a7c7-000d3addcd24">
        <field name="isocurrencycode" value="JPY" />
        <field name="currencyname" value="Yen" />
        <field name="currencyprecision" value="2" />
        <field name="currencysymbol" value="&amp;#180;" />
        <field name="exchangerate" value="1.000000000000" />
        <field name="importsequencenumber" value="35" />
        <field name="statecode" value="0" />
        <field name="statuscode" value="1" />
        <field name="transactioncurrencyid" value="84fc0a50-71d8-ed11-a7c7-000d3addcd24" />
      </record>
      <record id="86fc0a50-71d8-ed11-a7c7-000d3addcd24">
        <field name="isocurrencycode" value="KES" />
        <field name="currencyname" value="Shilling" />
        <field name="currencyprecision" value="2" />
        <field name="currencysymbol" value="Sh" />
        <field name="exchangerate" value="1.000000000000" />
        <field name="importsequencenumber" value="35" />
        <field name="statecode" value="0" />
        <field name="statuscode" value="1" />
        <field name="transactioncurrencyid" value="86fc0a50-71d8-ed11-a7c7-000d3addcd24" />
      </record>
      <record id="88fc0a50-71d8-ed11-a7c7-000d3addcd24">
        <field name="isocurrencycode" value="KGS" />
        <field name="currencyname" value="Som" />
        <field name="currencyprecision" value="2" />
        <field name="currencysymbol" value="лв" />
        <field name="exchangerate" value="1.000000000000" />
        <field name="importsequencenumber" value="35" />
        <field name="statecode" value="0" />
        <field name="statuscode" value="1" />
        <field name="transactioncurrencyid" value="88fc0a50-71d8-ed11-a7c7-000d3addcd24" />
      </record>
      <record id="8afc0a50-71d8-ed11-a7c7-000d3addcd24">
        <field name="isocurrencycode" value="KHR" />
        <field name="currencyname" value="Riel" />
        <field name="currencyprecision" value="2" />
        <field name="currencysymbol" value="៛" />
        <field name="exchangerate" value="1.000000000000" />
        <field name="importsequencenumber" value="35" />
        <field name="statecode" value="0" />
        <field name="statuscode" value="1" />
        <field name="transactioncurrencyid" value="8afc0a50-71d8-ed11-a7c7-000d3addcd24" />
      </record>
      <record id="8cfc0a50-71d8-ed11-a7c7-000d3addcd24">
        <field name="isocurrencycode" value="KMF" />
        <field name="currencyname" value="Franc" />
        <field name="currencyprecision" value="2" />
        <field name="currencysymbol" value="Fr" />
        <field name="exchangerate" value="1.000000000000" />
        <field name="importsequencenumber" value="35" />
        <field name="statecode" value="0" />
        <field name="statuscode" value="1" />
        <field name="transactioncurrencyid" value="8cfc0a50-71d8-ed11-a7c7-000d3addcd24" />
      </record>
      <record id="8efc0a50-71d8-ed11-a7c7-000d3addcd24">
        <field name="isocurrencycode" value="KPW" />
        <field name="currencyname" value="Won" />
        <field name="currencyprecision" value="2" />
        <field name="currencysymbol" value="₩" />
        <field name="exchangerate" value="1.000000000000" />
        <field name="importsequencenumber" value="35" />
        <field name="statecode" value="0" />
        <field name="statuscode" value="1" />
        <field name="transactioncurrencyid" value="8efc0a50-71d8-ed11-a7c7-000d3addcd24" />
      </record>
      <record id="90fc0a50-71d8-ed11-a7c7-000d3addcd24">
        <field name="isocurrencycode" value="KWD" />
        <field name="currencyname" value="Dinar" />
        <field name="currencyprecision" value="2" />
        <field name="currencysymbol" value="دينار" />
        <field name="exchangerate" value="1.000000000000" />
        <field name="importsequencenumber" value="35" />
        <field name="statecode" value="0" />
        <field name="statuscode" value="1" />
        <field name="transactioncurrencyid" value="90fc0a50-71d8-ed11-a7c7-000d3addcd24" />
      </record>
      <record id="92fc0a50-71d8-ed11-a7c7-000d3addcd24">
        <field name="isocurrencycode" value="KYD" />
        <field name="currencyname" value="Dollar" />
        <field name="currencyprecision" value="2" />
        <field name="currencysymbol" value="$" />
        <field name="exchangerate" value="1.000000000000" />
        <field name="importsequencenumber" value="35" />
        <field name="statecode" value="0" />
        <field name="statuscode" value="1" />
        <field name="transactioncurrencyid" value="92fc0a50-71d8-ed11-a7c7-000d3addcd24" />
      </record>
      <record id="94fc0a50-71d8-ed11-a7c7-000d3addcd24">
        <field name="isocurrencycode" value="KZT" />
        <field name="currencyname" value="Tenge" />
        <field name="currencyprecision" value="2" />
        <field name="currencysymbol" value="лв" />
        <field name="exchangerate" value="1.000000000000" />
        <field name="importsequencenumber" value="35" />
        <field name="statecode" value="0" />
        <field name="statuscode" value="1" />
        <field name="transactioncurrencyid" value="94fc0a50-71d8-ed11-a7c7-000d3addcd24" />
      </record>
      <record id="96fc0a50-71d8-ed11-a7c7-000d3addcd24">
        <field name="isocurrencycode" value="LAK" />
        <field name="currencyname" value="Kip" />
        <field name="currencyprecision" value="2" />
        <field name="currencysymbol" value="₭" />
        <field name="exchangerate" value="1.000000000000" />
        <field name="importsequencenumber" value="35" />
        <field name="statecode" value="0" />
        <field name="statuscode" value="1" />
        <field name="transactioncurrencyid" value="96fc0a50-71d8-ed11-a7c7-000d3addcd24" />
      </record>
      <record id="98fc0a50-71d8-ed11-a7c7-000d3addcd24">
        <field name="isocurrencycode" value="LBP" />
        <field name="currencyname" value="Pound" />
        <field name="currencyprecision" value="2" />
        <field name="currencysymbol" value="&amp;#163;" />
        <field name="exchangerate" value="1.000000000000" />
        <field name="importsequencenumber" value="35" />
        <field name="statecode" value="0" />
        <field name="statuscode" value="1" />
        <field name="transactioncurrencyid" value="98fc0a50-71d8-ed11-a7c7-000d3addcd24" />
      </record>
      <record id="9afc0a50-71d8-ed11-a7c7-000d3addcd24">
        <field name="isocurrencycode" value="LKR" />
        <field name="currencyname" value="Rupee" />
        <field name="currencyprecision" value="2" />
        <field name="currencysymbol" value="₨" />
        <field name="exchangerate" value="1.000000000000" />
        <field name="importsequencenumber" value="35" />
        <field name="statecode" value="0" />
        <field name="statuscode" value="1" />
        <field name="transactioncurrencyid" value="9afc0a50-71d8-ed11-a7c7-000d3addcd24" />
      </record>
      <record id="9cfc0a50-71d8-ed11-a7c7-000d3addcd24">
        <field name="isocurrencycode" value="LRD" />
        <field name="currencyname" value="Dollar" />
        <field name="currencyprecision" value="2" />
        <field name="currencysymbol" value="$" />
        <field name="exchangerate" value="1.000000000000" />
        <field name="importsequencenumber" value="35" />
        <field name="statecode" value="0" />
        <field name="statuscode" value="1" />
        <field name="transactioncurrencyid" value="9cfc0a50-71d8-ed11-a7c7-000d3addcd24" />
      </record>
      <record id="9efc0a50-71d8-ed11-a7c7-000d3addcd24">
        <field name="isocurrencycode" value="LSL" />
        <field name="currencyname" value="Loti" />
        <field name="currencyprecision" value="2" />
        <field name="currencysymbol" value="L" />
        <field name="exchangerate" value="1.000000000000" />
        <field name="importsequencenumber" value="35" />
        <field name="statecode" value="0" />
        <field name="statuscode" value="1" />
        <field name="transactioncurrencyid" value="9efc0a50-71d8-ed11-a7c7-000d3addcd24" />
      </record>
      <record id="a0fc0a50-71d8-ed11-a7c7-000d3addcd24">
        <field name="isocurrencycode" value="LTL" />
        <field name="currencyname" value="Litas" />
        <field name="currencyprecision" value="2" />
        <field name="currencysymbol" value="Lt" />
        <field name="exchangerate" value="1.000000000000" />
        <field name="importsequencenumber" value="35" />
        <field name="statecode" value="0" />
        <field name="statuscode" value="1" />
        <field name="transactioncurrencyid" value="a0fc0a50-71d8-ed11-a7c7-000d3addcd24" />
      </record>
      <record id="a2fc0a50-71d8-ed11-a7c7-000d3addcd24">
        <field name="isocurrencycode" value="LVL" />
        <field name="currencyname" value="Lats" />
        <field name="currencyprecision" value="2" />
        <field name="currencysymbol" value="Ls" />
        <field name="exchangerate" value="1.000000000000" />
        <field name="importsequencenumber" value="35" />
        <field name="statecode" value="0" />
        <field name="statuscode" value="1" />
        <field name="transactioncurrencyid" value="a2fc0a50-71d8-ed11-a7c7-000d3addcd24" />
      </record>
      <record id="a4fc0a50-71d8-ed11-a7c7-000d3addcd24">
        <field name="isocurrencycode" value="LYD" />
        <field name="currencyname" value="Dinar" />
        <field name="currencyprecision" value="2" />
        <field name="currencysymbol" value="دينار‎" />
        <field name="exchangerate" value="1.000000000000" />
        <field name="importsequencenumber" value="35" />
        <field name="statecode" value="0" />
        <field name="statuscode" value="1" />
        <field name="transactioncurrencyid" value="a4fc0a50-71d8-ed11-a7c7-000d3addcd24" />
      </record>
      <record id="a6fc0a50-71d8-ed11-a7c7-000d3addcd24">
        <field name="isocurrencycode" value="MDL" />
        <field name="currencyname" value="Leu" />
        <field name="currencyprecision" value="2" />
        <field name="currencysymbol" value="L" />
        <field name="exchangerate" value="1.000000000000" />
        <field name="importsequencenumber" value="35" />
        <field name="statecode" value="0" />
        <field name="statuscode" value="1" />
        <field name="transactioncurrencyid" value="a6fc0a50-71d8-ed11-a7c7-000d3addcd24" />
      </record>
      <record id="a8fc0a50-71d8-ed11-a7c7-000d3addcd24">
        <field name="isocurrencycode" value="MGA" />
        <field name="currencyname" value="Ariary" />
        <field name="currencyprecision" value="2" />
        <field name="currencysymbol" value="Ar" />
        <field name="exchangerate" value="1.000000000000" />
        <field name="importsequencenumber" value="35" />
        <field name="statecode" value="0" />
        <field name="statuscode" value="1" />
        <field name="transactioncurrencyid" value="a8fc0a50-71d8-ed11-a7c7-000d3addcd24" />
      </record>
      <record id="aafc0a50-71d8-ed11-a7c7-000d3addcd24">
        <field name="isocurrencycode" value="MKD" />
        <field name="currencyname" value="Denar" />
        <field name="currencyprecision" value="2" />
        <field name="currencysymbol" value="ден" />
        <field name="exchangerate" value="1.000000000000" />
        <field name="importsequencenumber" value="35" />
        <field name="statecode" value="0" />
        <field name="statuscode" value="1" />
        <field name="transactioncurrencyid" value="aafc0a50-71d8-ed11-a7c7-000d3addcd24" />
      </record>
      <record id="acfc0a50-71d8-ed11-a7c7-000d3addcd24">
        <field name="isocurrencycode" value="MMK" />
        <field name="currencyname" value="Kyat" />
        <field name="currencyprecision" value="2" />
        <field name="currencysymbol" value="K" />
        <field name="exchangerate" value="1.000000000000" />
        <field name="importsequencenumber" value="35" />
        <field name="statecode" value="0" />
        <field name="statuscode" value="1" />
        <field name="transactioncurrencyid" value="acfc0a50-71d8-ed11-a7c7-000d3addcd24" />
      </record>
      <record id="aefc0a50-71d8-ed11-a7c7-000d3addcd24">
        <field name="isocurrencycode" value="MNT" />
        <field name="currencyname" value="Tugrik" />
        <field name="currencyprecision" value="2" />
        <field name="currencysymbol" value="₮" />
        <field name="exchangerate" value="1.000000000000" />
        <field name="importsequencenumber" value="35" />
        <field name="statecode" value="0" />
        <field name="statuscode" value="1" />
        <field name="transactioncurrencyid" value="aefc0a50-71d8-ed11-a7c7-000d3addcd24" />
      </record>
      <record id="b0fc0a50-71d8-ed11-a7c7-000d3addcd24">
        <field name="isocurrencycode" value="MOP" />
        <field name="currencyname" value="Pataca" />
        <field name="currencyprecision" value="2" />
        <field name="currencysymbol" value="P" />
        <field name="exchangerate" value="1.000000000000" />
        <field name="importsequencenumber" value="35" />
        <field name="statecode" value="0" />
        <field name="statuscode" value="1" />
        <field name="transactioncurrencyid" value="b0fc0a50-71d8-ed11-a7c7-000d3addcd24" />
      </record>
      <record id="b2fc0a50-71d8-ed11-a7c7-000d3addcd24">
        <field name="isocurrencycode" value="MRO" />
        <field name="currencyname" value="Ouguiya" />
        <field name="currencyprecision" value="2" />
        <field name="currencysymbol" value="UM" />
        <field name="exchangerate" value="1.000000000000" />
        <field name="importsequencenumber" value="35" />
        <field name="statecode" value="0" />
        <field name="statuscode" value="1" />
        <field name="transactioncurrencyid" value="b2fc0a50-71d8-ed11-a7c7-000d3addcd24" />
      </record>
      <record id="b4fc0a50-71d8-ed11-a7c7-000d3addcd24">
        <field name="isocurrencycode" value="MUR" />
        <field name="currencyname" value="Rupee" />
        <field name="currencyprecision" value="2" />
        <field name="currencysymbol" value="₨" />
        <field name="exchangerate" value="1.000000000000" />
        <field name="importsequencenumber" value="35" />
        <field name="statecode" value="0" />
        <field name="statuscode" value="1" />
        <field name="transactioncurrencyid" value="b4fc0a50-71d8-ed11-a7c7-000d3addcd24" />
      </record>
      <record id="b6fc0a50-71d8-ed11-a7c7-000d3addcd24">
        <field name="isocurrencycode" value="MVR" />
        <field name="currencyname" value="Rufiyaa" />
        <field name="currencyprecision" value="2" />
        <field name="currencysymbol" value="ދިވެހި ރުފ" />
        <field name="exchangerate" value="1.000000000000" />
        <field name="importsequencenumber" value="35" />
        <field name="statecode" value="0" />
        <field name="statuscode" value="1" />
        <field name="transactioncurrencyid" value="b6fc0a50-71d8-ed11-a7c7-000d3addcd24" />
      </record>
      <record id="b8fc0a50-71d8-ed11-a7c7-000d3addcd24">
        <field name="isocurrencycode" value="MWK" />
        <field name="currencyname" value="Kwacha" />
        <field name="currencyprecision" value="2" />
        <field name="currencysymbol" value="MK" />
        <field name="exchangerate" value="1.000000000000" />
        <field name="importsequencenumber" value="35" />
        <field name="statecode" value="0" />
        <field name="statuscode" value="1" />
        <field name="transactioncurrencyid" value="b8fc0a50-71d8-ed11-a7c7-000d3addcd24" />
      </record>
      <record id="bafc0a50-71d8-ed11-a7c7-000d3addcd24">
        <field name="isocurrencycode" value="MYR" />
        <field name="currencyname" value="Ringgit" />
        <field name="currencyprecision" value="2" />
        <field name="currencysymbol" value="&amp;#180;" />
        <field name="exchangerate" value="1.000000000000" />
        <field name="importsequencenumber" value="35" />
        <field name="statecode" value="0" />
        <field name="statuscode" value="1" />
        <field name="transactioncurrencyid" value="bafc0a50-71d8-ed11-a7c7-000d3addcd24" />
      </record>
      <record id="bcfc0a50-71d8-ed11-a7c7-000d3addcd24">
        <field name="isocurrencycode" value="MZM" />
        <field name="currencyname" value="Metical" />
        <field name="currencyprecision" value="2" />
        <field name="currencysymbol" value="&amp;#180;" />
        <field name="exchangerate" value="1.000000000000" />
        <field name="importsequencenumber" value="35" />
        <field name="statecode" value="0" />
        <field name="statuscode" value="1" />
        <field name="transactioncurrencyid" value="bcfc0a50-71d8-ed11-a7c7-000d3addcd24" />
      </record>
      <record id="befc0a50-71d8-ed11-a7c7-000d3addcd24">
        <field name="isocurrencycode" value="MZN" />
        <field name="currencyname" value="Metical" />
        <field name="currencyprecision" value="2" />
        <field name="currencysymbol" value="MTn" />
        <field name="exchangerate" value="1.000000000000" />
        <field name="importsequencenumber" value="35" />
        <field name="statecode" value="0" />
        <field name="statuscode" value="1" />
        <field name="transactioncurrencyid" value="befc0a50-71d8-ed11-a7c7-000d3addcd24" />
      </record>
      <record id="c0fc0a50-71d8-ed11-a7c7-000d3addcd24">
        <field name="isocurrencycode" value="NAD" />
        <field name="currencyname" value="Dollar" />
        <field name="currencyprecision" value="2" />
        <field name="currencysymbol" value="$" />
        <field name="exchangerate" value="1.000000000000" />
        <field name="importsequencenumber" value="35" />
        <field name="statecode" value="0" />
        <field name="statuscode" value="1" />
        <field name="transactioncurrencyid" value="c0fc0a50-71d8-ed11-a7c7-000d3addcd24" />
      </record>
      <record id="c2fc0a50-71d8-ed11-a7c7-000d3addcd24">
        <field name="isocurrencycode" value="NIO" />
        <field name="currencyname" value="Oro" />
        <field name="currencyprecision" value="2" />
        <field name="currencysymbol" value="C$" />
        <field name="exchangerate" value="1.000000000000" />
        <field name="importsequencenumber" value="35" />
        <field name="statecode" value="0" />
        <field name="statuscode" value="1" />
        <field name="transactioncurrencyid" value="c2fc0a50-71d8-ed11-a7c7-000d3addcd24" />
      </record>
      <record id="c4fc0a50-71d8-ed11-a7c7-000d3addcd24">
        <field name="isocurrencycode" value="NPR" />
        <field name="currencyname" value="Rupee" />
        <field name="currencyprecision" value="2" />
        <field name="currencysymbol" value="₨" />
        <field name="exchangerate" value="1.000000000000" />
        <field name="importsequencenumber" value="35" />
        <field name="statecode" value="0" />
        <field name="statuscode" value="1" />
        <field name="transactioncurrencyid" value="c4fc0a50-71d8-ed11-a7c7-000d3addcd24" />
      </record>
      <record id="c6fc0a50-71d8-ed11-a7c7-000d3addcd24">
        <field name="isocurrencycode" value="OMR" />
        <field name="currencyname" value="Rial" />
        <field name="currencyprecision" value="2" />
        <field name="currencysymbol" value="ريال" />
        <field name="exchangerate" value="1.000000000000" />
        <field name="importsequencenumber" value="35" />
        <field name="statecode" value="0" />
        <field name="statuscode" value="1" />
        <field name="transactioncurrencyid" value="c6fc0a50-71d8-ed11-a7c7-000d3addcd24" />
      </record>
      <record id="c8fc0a50-71d8-ed11-a7c7-000d3addcd24">
        <field name="isocurrencycode" value="PAB" />
        <field name="currencyname" value="Balboa" />
        <field name="currencyprecision" value="2" />
        <field name="currencysymbol" value="B/." />
        <field name="exchangerate" value="1.000000000000" />
        <field name="importsequencenumber" value="35" />
        <field name="statecode" value="0" />
        <field name="statuscode" value="1" />
        <field name="transactioncurrencyid" value="c8fc0a50-71d8-ed11-a7c7-000d3addcd24" />
      </record>
      <record id="cafc0a50-71d8-ed11-a7c7-000d3addcd24">
        <field name="isocurrencycode" value="PGK" />
        <field name="currencyname" value="Kina" />
        <field name="currencyprecision" value="2" />
        <field name="currencysymbol" value="K" />
        <field name="exchangerate" value="1.000000000000" />
        <field name="importsequencenumber" value="35" />
        <field name="statecode" value="0" />
        <field name="statuscode" value="1" />
        <field name="transactioncurrencyid" value="cafc0a50-71d8-ed11-a7c7-000d3addcd24" />
      </record>
      <record id="ccfc0a50-71d8-ed11-a7c7-000d3addcd24">
        <field name="isocurrencycode" value="PYG" />
        <field name="currencyname" value="Guarani" />
        <field name="currencyprecision" value="2" />
        <field name="currencysymbol" value="₲" />
        <field name="exchangerate" value="1.000000000000" />
        <field name="importsequencenumber" value="35" />
        <field name="statecode" value="0" />
        <field name="statuscode" value="1" />
        <field name="transactioncurrencyid" value="ccfc0a50-71d8-ed11-a7c7-000d3addcd24" />
      </record>
      <record id="cefc0a50-71d8-ed11-a7c7-000d3addcd24">
        <field name="isocurrencycode" value="QAR" />
        <field name="currencyname" value="Rial" />
        <field name="currencyprecision" value="2" />
        <field name="currencysymbol" value="ريال" />
        <field name="exchangerate" value="1.000000000000" />
        <field name="importsequencenumber" value="35" />
        <field name="statecode" value="0" />
        <field name="statuscode" value="1" />
        <field name="transactioncurrencyid" value="cefc0a50-71d8-ed11-a7c7-000d3addcd24" />
      </record>
      <record id="d0fc0a50-71d8-ed11-a7c7-000d3addcd24">
        <field name="isocurrencycode" value="RMB" />
        <field name="currencyname" value="Yuan Renminbi" />
        <field name="currencyprecision" value="2" />
        <field name="currencysymbol" value="&amp;#180;" />
        <field name="exchangerate" value="1.000000000000" />
        <field name="importsequencenumber" value="35" />
        <field name="statecode" value="0" />
        <field name="statuscode" value="1" />
        <field name="transactioncurrencyid" value="d0fc0a50-71d8-ed11-a7c7-000d3addcd24" />
      </record>
      <record id="d2fc0a50-71d8-ed11-a7c7-000d3addcd24">
        <field name="isocurrencycode" value="RON" />
        <field name="currencyname" value="Leu" />
        <field name="currencyprecision" value="2" />
        <field name="currencysymbol" value="lei" />
        <field name="exchangerate" value="1.000000000000" />
        <field name="importsequencenumber" value="35" />
        <field name="statecode" value="0" />
        <field name="statuscode" value="1" />
        <field name="transactioncurrencyid" value="d2fc0a50-71d8-ed11-a7c7-000d3addcd24" />
      </record>
      <record id="d4fc0a50-71d8-ed11-a7c7-000d3addcd24">
        <field name="isocurrencycode" value="RSD" />
        <field name="currencyname" value="Dinar" />
        <field name="currencyprecision" value="2" />
        <field name="currencysymbol" value="Дин." />
        <field name="exchangerate" value="1.000000000000" />
        <field name="importsequencenumber" value="35" />
        <field name="statecode" value="0" />
        <field name="statuscode" value="1" />
        <field name="transactioncurrencyid" value="d4fc0a50-71d8-ed11-a7c7-000d3addcd24" />
      </record>
      <record id="d6fc0a50-71d8-ed11-a7c7-000d3addcd24">
        <field name="isocurrencycode" value="RUB" />
        <field name="currencyname" value="Ruble" />
        <field name="currencyprecision" value="2" />
        <field name="currencysymbol" value="&amp;#180;" />
        <field name="exchangerate" value="1.000000000000" />
        <field name="importsequencenumber" value="35" />
        <field name="statecode" value="0" />
        <field name="statuscode" value="1" />
        <field name="transactioncurrencyid" value="d6fc0a50-71d8-ed11-a7c7-000d3addcd24" />
      </record>
      <record id="d8fc0a50-71d8-ed11-a7c7-000d3addcd24">
        <field name="isocurrencycode" value="RWF" />
        <field name="currencyname" value="Franc" />
        <field name="currencyprecision" value="2" />
        <field name="currencysymbol" value="Fr" />
        <field name="exchangerate" value="1.000000000000" />
        <field name="importsequencenumber" value="35" />
        <field name="statecode" value="0" />
        <field name="statuscode" value="1" />
        <field name="transactioncurrencyid" value="d8fc0a50-71d8-ed11-a7c7-000d3addcd24" />
      </record>
      <record id="dafc0a50-71d8-ed11-a7c7-000d3addcd24">
        <field name="isocurrencycode" value="SBD" />
        <field name="currencyname" value="Dollar" />
        <field name="currencyprecision" value="2" />
        <field name="currencysymbol" value="$" />
        <field name="exchangerate" value="1.000000000000" />
        <field name="importsequencenumber" value="35" />
        <field name="statecode" value="0" />
        <field name="statuscode" value="1" />
        <field name="transactioncurrencyid" value="dafc0a50-71d8-ed11-a7c7-000d3addcd24" />
      </record>
      <record id="dcfc0a50-71d8-ed11-a7c7-000d3addcd24">
        <field name="isocurrencycode" value="SCR" />
        <field name="currencyname" value="Rupee" />
        <field name="currencyprecision" value="2" />
        <field name="currencysymbol" value="₨" />
        <field name="exchangerate" value="1.000000000000" />
        <field name="importsequencenumber" value="35" />
        <field name="statecode" value="0" />
        <field name="statuscode" value="1" />
        <field name="transactioncurrencyid" value="dcfc0a50-71d8-ed11-a7c7-000d3addcd24" />
      </record>
      <record id="defc0a50-71d8-ed11-a7c7-000d3addcd24">
        <field name="isocurrencycode" value="SDG" />
        <field name="currencyname" value="Pound" />
        <field name="currencyprecision" value="2" />
        <field name="currencysymbol" value="&amp;#163;" />
        <field name="exchangerate" value="1.000000000000" />
        <field name="importsequencenumber" value="35" />
        <field name="statecode" value="0" />
        <field name="statuscode" value="1" />
        <field name="transactioncurrencyid" value="defc0a50-71d8-ed11-a7c7-000d3addcd24" />
      </record>
      <record id="e0fc0a50-71d8-ed11-a7c7-000d3addcd24">
        <field name="isocurrencycode" value="SGD" />
        <field name="currencyname" value="Dollar" />
        <field name="currencyprecision" value="2" />
        <field name="currencysymbol" value="&amp;#180;" />
        <field name="exchangerate" value="1.000000000000" />
        <field name="importsequencenumber" value="35" />
        <field name="statecode" value="0" />
        <field name="statuscode" value="1" />
        <field name="transactioncurrencyid" value="e0fc0a50-71d8-ed11-a7c7-000d3addcd24" />
      </record>
      <record id="e2fc0a50-71d8-ed11-a7c7-000d3addcd24">
        <field name="isocurrencycode" value="SHP" />
        <field name="currencyname" value="Pound" />
        <field name="currencyprecision" value="2" />
        <field name="currencysymbol" value="&amp;#163;" />
        <field name="exchangerate" value="1.000000000000" />
        <field name="importsequencenumber" value="35" />
        <field name="statecode" value="0" />
        <field name="statuscode" value="1" />
        <field name="transactioncurrencyid" value="e2fc0a50-71d8-ed11-a7c7-000d3addcd24" />
      </record>
      <record id="e4fc0a50-71d8-ed11-a7c7-000d3addcd24">
        <field name="isocurrencycode" value="SLL" />
        <field name="currencyname" value="Leone" />
        <field name="currencyprecision" value="2" />
        <field name="currencysymbol" value="Le" />
        <field name="exchangerate" value="1.000000000000" />
        <field name="importsequencenumber" value="35" />
        <field name="statecode" value="0" />
        <field name="statuscode" value="1" />
        <field name="transactioncurrencyid" value="e4fc0a50-71d8-ed11-a7c7-000d3addcd24" />
      </record>
      <record id="e6fc0a50-71d8-ed11-a7c7-000d3addcd24">
        <field name="isocurrencycode" value="SOS" />
        <field name="currencyname" value="Shilling" />
        <field name="currencyprecision" value="2" />
        <field name="currencysymbol" value="Sh" />
        <field name="exchangerate" value="1.000000000000" />
        <field name="importsequencenumber" value="35" />
        <field name="statecode" value="0" />
        <field name="statuscode" value="1" />
        <field name="transactioncurrencyid" value="e6fc0a50-71d8-ed11-a7c7-000d3addcd24" />
      </record>
      <record id="e8fc0a50-71d8-ed11-a7c7-000d3addcd24">
        <field name="isocurrencycode" value="SRD" />
        <field name="currencyname" value="Dollar" />
        <field name="currencyprecision" value="2" />
        <field name="currencysymbol" value="$" />
        <field name="exchangerate" value="1.000000000000" />
        <field name="importsequencenumber" value="35" />
        <field name="statecode" value="0" />
        <field name="statuscode" value="1" />
        <field name="transactioncurrencyid" value="e8fc0a50-71d8-ed11-a7c7-000d3addcd24" />
      </record>
      <record id="eafc0a50-71d8-ed11-a7c7-000d3addcd24">
        <field name="isocurrencycode" value="STD" />
        <field name="currencyname" value="Dobra" />
        <field name="currencyprecision" value="2" />
        <field name="currencysymbol" value="Db" />
        <field name="exchangerate" value="1.000000000000" />
        <field name="importsequencenumber" value="35" />
        <field name="statecode" value="0" />
        <field name="statuscode" value="1" />
        <field name="transactioncurrencyid" value="eafc0a50-71d8-ed11-a7c7-000d3addcd24" />
      </record>
      <record id="ecfc0a50-71d8-ed11-a7c7-000d3addcd24">
        <field name="isocurrencycode" value="SUR" />
        <field name="currencyname" value="SUR" />
        <field name="currencyprecision" value="2" />
        <field name="currencysymbol" value="d" />
        <field name="exchangerate" value="1.000000000000" />
        <field name="importsequencenumber" value="35" />
        <field name="statecode" value="0" />
        <field name="statuscode" value="1" />
        <field name="transactioncurrencyid" value="ecfc0a50-71d8-ed11-a7c7-000d3addcd24" />
      </record>
      <record id="eefc0a50-71d8-ed11-a7c7-000d3addcd24">
        <field name="isocurrencycode" value="SVC" />
        <field name="currencyname" value="Colon" />
        <field name="currencyprecision" value="2" />
        <field name="currencysymbol" value="₡" />
        <field name="exchangerate" value="1.000000000000" />
        <field name="importsequencenumber" value="35" />
        <field name="statecode" value="0" />
        <field name="statuscode" value="1" />
        <field name="transactioncurrencyid" value="eefc0a50-71d8-ed11-a7c7-000d3addcd24" />
      </record>
      <record id="f0fc0a50-71d8-ed11-a7c7-000d3addcd24">
        <field name="isocurrencycode" value="SYP" />
        <field name="currencyname" value="Pound" />
        <field name="currencyprecision" value="2" />
        <field name="currencysymbol" value="&amp;#163;" />
        <field name="exchangerate" value="1.000000000000" />
        <field name="importsequencenumber" value="35" />
        <field name="statecode" value="0" />
        <field name="statuscode" value="1" />
        <field name="transactioncurrencyid" value="f0fc0a50-71d8-ed11-a7c7-000d3addcd24" />
      </record>
      <record id="f2fc0a50-71d8-ed11-a7c7-000d3addcd24">
        <field name="isocurrencycode" value="SZL" />
        <field name="currencyname" value="Lilangeni" />
        <field name="currencyprecision" value="2" />
        <field name="currencysymbol" value="L" />
        <field name="exchangerate" value="1.000000000000" />
        <field name="importsequencenumber" value="35" />
        <field name="statecode" value="0" />
        <field name="statuscode" value="1" />
        <field name="transactioncurrencyid" value="f2fc0a50-71d8-ed11-a7c7-000d3addcd24" />
      </record>
      <record id="f4fc0a50-71d8-ed11-a7c7-000d3addcd24">
        <field name="isocurrencycode" value="TJS" />
        <field name="currencyname" value="Somoni" />
        <field name="currencyprecision" value="2" />
        <field name="currencysymbol" value="SM" />
        <field name="exchangerate" value="1.000000000000" />
        <field name="importsequencenumber" value="35" />
        <field name="statecode" value="0" />
        <field name="statuscode" value="1" />
        <field name="transactioncurrencyid" value="f4fc0a50-71d8-ed11-a7c7-000d3addcd24" />
      </record>
      <record id="f6fc0a50-71d8-ed11-a7c7-000d3addcd24">
        <field name="isocurrencycode" value="TMT" />
        <field name="currencyname" value="Manat" />
        <field name="currencyprecision" value="2" />
        <field name="currencysymbol" value="m" />
        <field name="exchangerate" value="1.000000000000" />
        <field name="importsequencenumber" value="35" />
        <field name="statecode" value="0" />
        <field name="statuscode" value="1" />
        <field name="transactioncurrencyid" value="f6fc0a50-71d8-ed11-a7c7-000d3addcd24" />
      </record>
      <record id="f8fc0a50-71d8-ed11-a7c7-000d3addcd24">
        <field name="isocurrencycode" value="TND" />
        <field name="currencyname" value="Dinar" />
        <field name="currencyprecision" value="2" />
        <field name="currencysymbol" value="دينار‎" />
        <field name="exchangerate" value="1.000000000000" />
        <field name="importsequencenumber" value="35" />
        <field name="statecode" value="0" />
        <field name="statuscode" value="1" />
        <field name="transactioncurrencyid" value="f8fc0a50-71d8-ed11-a7c7-000d3addcd24" />
      </record>
      <record id="fafc0a50-71d8-ed11-a7c7-000d3addcd24">
        <field name="isocurrencycode" value="TOP" />
        <field name="currencyname" value="Pa&amp;#39;anga" />
        <field name="currencyprecision" value="2" />
        <field name="currencysymbol" value="T$" />
        <field name="exchangerate" value="1.000000000000" />
        <field name="importsequencenumber" value="35" />
        <field name="statecode" value="0" />
        <field name="statuscode" value="1" />
        <field name="transactioncurrencyid" value="fafc0a50-71d8-ed11-a7c7-000d3addcd24" />
      </record>
      <record id="fcfc0a50-71d8-ed11-a7c7-000d3addcd24">
        <field name="isocurrencycode" value="TTD" />
        <field name="currencyname" value="Dollar" />
        <field name="currencyprecision" value="2" />
        <field name="currencysymbol" value="TT$" />
        <field name="exchangerate" value="1.000000000000" />
        <field name="importsequencenumber" value="35" />
        <field name="statecode" value="0" />
        <field name="statuscode" value="1" />
        <field name="transactioncurrencyid" value="fcfc0a50-71d8-ed11-a7c7-000d3addcd24" />
      </record>
      <record id="fefc0a50-71d8-ed11-a7c7-000d3addcd24">
        <field name="isocurrencycode" value="TZS" />
        <field name="currencyname" value="Shilling" />
        <field name="currencyprecision" value="2" />
        <field name="currencysymbol" value="Sh" />
        <field name="exchangerate" value="1.000000000000" />
        <field name="importsequencenumber" value="35" />
        <field name="statecode" value="0" />
        <field name="statuscode" value="1" />
        <field name="transactioncurrencyid" value="fefc0a50-71d8-ed11-a7c7-000d3addcd24" />
      </record>
      <record id="00fd0a50-71d8-ed11-a7c7-000d3addcd24">
        <field name="isocurrencycode" value="UGX" />
        <field name="currencyname" value="Shilling" />
        <field name="currencyprecision" value="2" />
        <field name="currencysymbol" value="Sh" />
        <field name="exchangerate" value="1.000000000000" />
        <field name="importsequencenumber" value="35" />
        <field name="statecode" value="0" />
        <field name="statuscode" value="1" />
        <field name="transactioncurrencyid" value="00fd0a50-71d8-ed11-a7c7-000d3addcd24" />
      </record>
      <record id="02fd0a50-71d8-ed11-a7c7-000d3addcd24">
        <field name="isocurrencycode" value="UZS" />
        <field name="currencyname" value="Sum" />
        <field name="currencyprecision" value="2" />
        <field name="currencysymbol" value="лв" />
        <field name="exchangerate" value="1.000000000000" />
        <field name="importsequencenumber" value="35" />
        <field name="statecode" value="0" />
        <field name="statuscode" value="1" />
        <field name="transactioncurrencyid" value="02fd0a50-71d8-ed11-a7c7-000d3addcd24" />
      </record>
      <record id="04fd0a50-71d8-ed11-a7c7-000d3addcd24">
        <field name="isocurrencycode" value="VEF" />
        <field name="currencyname" value="Bolivar" />
        <field name="currencyprecision" value="2" />
        <field name="currencysymbol" value="Bs.F." />
        <field name="exchangerate" value="1.000000000000" />
        <field name="importsequencenumber" value="35" />
        <field name="statecode" value="0" />
        <field name="statuscode" value="1" />
        <field name="transactioncurrencyid" value="04fd0a50-71d8-ed11-a7c7-000d3addcd24" />
      </record>
      <record id="06fd0a50-71d8-ed11-a7c7-000d3addcd24">
        <field name="isocurrencycode" value="VUV" />
        <field name="currencyname" value="Vatu" />
        <field name="currencyprecision" value="2" />
        <field name="currencysymbol" value="Vt" />
        <field name="exchangerate" value="1.000000000000" />
        <field name="importsequencenumber" value="35" />
        <field name="statecode" value="0" />
        <field name="statuscode" value="1" />
        <field name="transactioncurrencyid" value="06fd0a50-71d8-ed11-a7c7-000d3addcd24" />
      </record>
      <record id="08fd0a50-71d8-ed11-a7c7-000d3addcd24">
        <field name="isocurrencycode" value="WST" />
        <field name="currencyname" value="Tala" />
        <field name="currencyprecision" value="2" />
        <field name="currencysymbol" value="T" />
        <field name="exchangerate" value="1.000000000000" />
        <field name="importsequencenumber" value="35" />
        <field name="statecode" value="0" />
        <field name="statuscode" value="1" />
        <field name="transactioncurrencyid" value="08fd0a50-71d8-ed11-a7c7-000d3addcd24" />
      </record>
      <record id="0afd0a50-71d8-ed11-a7c7-000d3addcd24">
        <field name="isocurrencycode" value="XAF" />
        <field name="currencyname" value="Franc" />
        <field name="currencyprecision" value="2" />
        <field name="currencysymbol" value="Fr" />
        <field name="exchangerate" value="1.000000000000" />
        <field name="importsequencenumber" value="35" />
        <field name="statecode" value="0" />
        <field name="statuscode" value="1" />
        <field name="transactioncurrencyid" value="0afd0a50-71d8-ed11-a7c7-000d3addcd24" />
      </record>
      <record id="0cfd0a50-71d8-ed11-a7c7-000d3addcd24">
        <field name="isocurrencycode" value="XCD" />
        <field name="currencyname" value="Dollar" />
        <field name="currencyprecision" value="2" />
        <field name="currencysymbol" value="$" />
        <field name="exchangerate" value="1.000000000000" />
        <field name="importsequencenumber" value="35" />
        <field name="statecode" value="0" />
        <field name="statuscode" value="1" />
        <field name="transactioncurrencyid" value="0cfd0a50-71d8-ed11-a7c7-000d3addcd24" />
      </record>
      <record id="0efd0a50-71d8-ed11-a7c7-000d3addcd24">
        <field name="isocurrencycode" value="XOF" />
        <field name="currencyname" value="Franc" />
        <field name="currencyprecision" value="2" />
        <field name="currencysymbol" value="Fr" />
        <field name="exchangerate" value="1.000000000000" />
        <field name="importsequencenumber" value="35" />
        <field name="statecode" value="0" />
        <field name="statuscode" value="1" />
        <field name="transactioncurrencyid" value="0efd0a50-71d8-ed11-a7c7-000d3addcd24" />
      </record>
      <record id="10fd0a50-71d8-ed11-a7c7-000d3addcd24">
        <field name="isocurrencycode" value="XPF" />
        <field name="currencyname" value="Franc" />
        <field name="currencyprecision" value="2" />
        <field name="currencysymbol" value="Fr" />
        <field name="exchangerate" value="1.000000000000" />
        <field name="importsequencenumber" value="35" />
        <field name="statecode" value="0" />
        <field name="statuscode" value="1" />
        <field name="transactioncurrencyid" value="10fd0a50-71d8-ed11-a7c7-000d3addcd24" />
      </record>
      <record id="12fd0a50-71d8-ed11-a7c7-000d3addcd24">
        <field name="isocurrencycode" value="YER" />
        <field name="currencyname" value="Rial" />
        <field name="currencyprecision" value="2" />
        <field name="currencysymbol" value="ريال" />
        <field name="exchangerate" value="1.000000000000" />
        <field name="importsequencenumber" value="35" />
        <field name="statecode" value="0" />
        <field name="statuscode" value="1" />
        <field name="transactioncurrencyid" value="12fd0a50-71d8-ed11-a7c7-000d3addcd24" />
      </record>
      <record id="14fd0a50-71d8-ed11-a7c7-000d3addcd24">
        <field name="isocurrencycode" value="ZMK" />
        <field name="currencyname" value="Kwacha" />
        <field name="currencyprecision" value="2" />
        <field name="currencysymbol" value="ZK" />
        <field name="exchangerate" value="1.000000000000" />
        <field name="importsequencenumber" value="35" />
        <field name="statecode" value="0" />
        <field name="statuscode" value="1" />
        <field name="transactioncurrencyid" value="14fd0a50-71d8-ed11-a7c7-000d3addcd24" />
      </record>
      <record id="16fd0a50-71d8-ed11-a7c7-000d3addcd24">
        <field name="isocurrencycode" value="ZWR" />
        <field name="currencyname" value="Dollar" />
        <field name="currencyprecision" value="2" />
        <field name="currencysymbol" value="Z$" />
        <field name="exchangerate" value="1.000000000000" />
        <field name="importsequencenumber" value="35" />
        <field name="statecode" value="0" />
        <field name="statuscode" value="1" />
        <field name="transactioncurrencyid" value="16fd0a50-71d8-ed11-a7c7-000d3addcd24" />
      </record>
      <record id="b80d668a-b46a-ed11-9561-0022489d0994">
        <field name="isocurrencycode" value="AUD" />
        <field name="currencyname" value="Australian Dollar" />
        <field name="currencyprecision" value="2" />
        <field name="currencysymbol" value="$" />
        <field name="exchangerate" value="1.000000000000" />
        <field name="statecode" value="0" />
        <field name="statuscode" value="1" />
        <field name="transactioncurrencyid" value="b80d668a-b46a-ed11-9561-0022489d0994" />
      </record>
      <record id="d9310c97-b46a-ed11-9561-0022489d0994">
        <field name="isocurrencycode" value="CZK" />
        <field name="currencyname" value="Czech Koruna" />
        <field name="currencyprecision" value="2" />
        <field name="currencysymbol" value="Kč" />
        <field name="exchangerate" value="1.000000000000" />
        <field name="statecode" value="0" />
        <field name="statuscode" value="1" />
        <field name="transactioncurrencyid" value="d9310c97-b46a-ed11-9561-0022489d0994" />
      </record>
      <record id="edbf8cb0-b46a-ed11-9561-0022489d0994">
        <field name="isocurrencycode" value="HUF" />
        <field name="currencyname" value="Hungarian Forint" />
        <field name="currencyprecision" value="2" />
        <field name="currencysymbol" value="Ft" />
        <field name="exchangerate" value="1.000000000000" />
        <field name="statecode" value="0" />
        <field name="statuscode" value="1" />
        <field name="transactioncurrencyid" value="edbf8cb0-b46a-ed11-9561-0022489d0994" />
      </record>
      <record id="1fc483bd-b46a-ed11-9561-0022489d0994">
        <field name="isocurrencycode" value="DKK" />
        <field name="currencyname" value="Danish Krone" />
        <field name="currencyprecision" value="2" />
        <field name="currencysymbol" value="kr." />
        <field name="exchangerate" value="1.000000000000" />
        <field name="statecode" value="0" />
        <field name="statuscode" value="1" />
        <field name="transactioncurrencyid" value="1fc483bd-b46a-ed11-9561-0022489d0994" />
      </record>
      <record id="418a075b-b56a-ed11-9561-0022489d0994">
        <field name="isocurrencycode" value="NOK" />
        <field name="currencyname" value="Norwegian Krone" />
        <field name="currencyprecision" value="2" />
        <field name="currencysymbol" value="kr" />
        <field name="exchangerate" value="1.000000000000" />
        <field name="statecode" value="0" />
        <field name="statuscode" value="1" />
        <field name="transactioncurrencyid" value="418a075b-b56a-ed11-9561-0022489d0994" />
      </record>
      <record id="21955c7e-b56a-ed11-9561-0022489d0994">
        <field name="isocurrencycode" value="SEK" />
        <field name="currencyname" value="Swedish Krona" />
        <field name="currencyprecision" value="2" />
        <field name="currencysymbol" value="kr" />
        <field name="exchangerate" value="1.000000000000" />
        <field name="statecode" value="0" />
        <field name="statuscode" value="1" />
        <field name="transactioncurrencyid" value="21955c7e-b56a-ed11-9561-0022489d0994" />
      </record>
      <record id="80b1d7a8-b56a-ed11-9561-0022489d0994">
        <field name="isocurrencycode" value="GBP" />
        <field name="currencyname" value="Pound Sterling" />
        <field name="currencyprecision" value="2" />
        <field name="currencysymbol" value="&amp;#163;" />
        <field name="exchangerate" value="1.000000000000" />
        <field name="statecode" value="0" />
        <field name="statuscode" value="1" />
        <field name="transactioncurrencyid" value="80b1d7a8-b56a-ed11-9561-0022489d0994" />
      </record>
      <record id="39386bc9-b56a-ed11-9561-0022489d0994">
        <field name="isocurrencycode" value="PLN" />
        <field name="currencyname" value="Polish Zloty" />
        <field name="currencyprecision" value="2" />
        <field name="currencysymbol" value="zł" />
        <field name="exchangerate" value="1.000000000000" />
        <field name="statecode" value="0" />
        <field name="statuscode" value="1" />
        <field name="transactioncurrencyid" value="39386bc9-b56a-ed11-9561-0022489d0994" />
      </record>
      <record id="743b32de-b56a-ed11-9561-0022489d0994">
        <field name="isocurrencycode" value="ZAR" />
        <field name="currencyname" value="South African Rand" />
        <field name="currencyprecision" value="2" />
        <field name="currencysymbol" value="R" />
        <field name="exchangerate" value="1.000000000000" />
        <field name="statecode" value="0" />
        <field name="statuscode" value="1" />
        <field name="transactioncurrencyid" value="743b32de-b56a-ed11-9561-0022489d0994" />
      </record>
      <record id="f88c26f1-b56a-ed11-9561-0022489d0994">
        <field name="isocurrencycode" value="CHF" />
        <field name="currencyname" value="Swiss Franc" />
        <field name="currencyprecision" value="2" />
        <field name="currencysymbol" value="CHF" />
        <field name="exchangerate" value="1.000000000000" />
        <field name="statecode" value="0" />
        <field name="statuscode" value="1" />
        <field name="transactioncurrencyid" value="f88c26f1-b56a-ed11-9561-0022489d0994" />
      </record>
    </records>
    <m2mrelationships />
  </entity>
</entities>