
<entities xmlns:xsd="http://www.w3.org/2001/XMLSchema" xmlns:xsi="http://www.w3.org/2001/XMLSchema-instance" timestamp="2023-01-13T08:03:42.4875544Z">
  <entity name="jarvis_region" displayname="Region">
    <records>
      <record id="04c251cb-4d76-ed11-81ab-000d3ad9bde0">
        <field name="createdby" value="154ef5e2-7e2f-ed11-9db1-0022489db736" lookupentity="systemuser" lookupentityname="Stephan Mars" />
        <field name="createdon" value="2022-12-07T16:40:02.0000000Z" />
        <field name="jarvis_description" value="Nordic Region" />
        <field name="modifiedby" value="154ef5e2-7e2f-ed11-9db1-0022489db736" lookupentity="systemuser" lookupentityname="Stephan Mars" />
        <field name="modifiedon" value="2022-12-07T16:40:02.0000000Z" />
        <field name="jarvis_name" value="Nordic" />
        <field name="ownerid" value="154ef5e2-7e2f-ed11-9db1-0022489db736" lookupentity="systemuser" lookupentityname="Stephan Mars" />
        <field name="owningbusinessunit" value="c3ed74bc-152d-ed11-9db1-000d3adb48a2" lookupentity="businessunit" lookupentityname="org449d870c" />
        <field name="owninguser" value="154ef5e2-7e2f-ed11-9db1-0022489db736" lookupentity="systemuser" />
        <field name="jarvis_regionid" value="04c251cb-4d76-ed11-81ab-000d3ad9bde0" />
        <field name="statecode" value="0" />
        <field name="statuscode" value="1" />
      </record>
    </records>
    <m2mrelationships />
  </entity>
</entities>