<entities >
  <entity name="transactioncurrency" displayname="Currency" etc="9105" primaryidfield="transactioncurrencyid" primarynamefield="currencyname" disableplugins="false">
    <fields>
      <field displayname="Currency Symbol" name="currencysymbol" type="string" />
      <field displayname="Currency Name" name="currencyname" type="string" />
      <field displayname="Currency Precision" name="currencyprecision" type="number" />
      <field displayname="Exchange Rate" name="exchangerate" type="decimal" />
      <field displayname="Status" name="statecode" type="state" />
      <field displayname="Transaction Currency" name="transactioncurrencyid" type="guid" primaryKey="true" />
    </fields>
  </entity>
</entities>