
<entities xmlns:xsd="http://www.w3.org/2001/XMLSchema" xmlns:xsi="http://www.w3.org/2001/XMLSchema-instance" timestamp="2022-11-15T11:02:49.8542220Z">
  <entity name="transactioncurrency" displayname="Currency">
    <records>
      <record id="a457f830-732d-ed11-9db1-000d3adb48a2">
        <field name="currencysymbol" value="€" />
        <field name="currencyname" value="Euro" />
        <field name="currencyprecision" value="2" />
        <field name="exchangerate" value="1.000000000000" />
        <field name="statecode" value="0" />
        <field name="transactioncurrencyid" value="a457f830-732d-ed11-9db1-000d3adb48a2" />
      </record>
    </records>
    <m2mrelationships />
  </entity>
</entities>