
<entities xmlns:xsd="http://www.w3.org/2001/XMLSchema" xmlns:xsi="http://www.w3.org/2001/XMLSchema-instance" timestamp="2023-04-13T18:20:08.8111960Z">
  <entity name="jarvis_observationcode" displayname="Customer Commitment Code">
    <records>
      <record id="10f530ac-b0ab-ed11-aad0-000d3ad9b609">
        <field name="createdby" value="293ebda2-985a-ed11-9562-000d3adf4843" lookupentity="systemuser" lookupentityname="Swathi Sathish Kumar" />
        <field name="createdon" value="2023-02-13T15:11:25.0000000Z" />
        <field name="jarvis_observationcodeid" value="10f530ac-b0ab-ed11-aad0-000d3ad9b609" />
        <field name="modifiedby" value="293ebda2-985a-ed11-9562-000d3adf4843" lookupentity="systemuser" lookupentityname="Swathi Sathish Kumar" />
        <field name="modifiedon" value="2023-02-13T15:11:25.0000000Z" />
        <field name="jarvis_name" value="Change to ETC with no reason" />
        <field name="ownerid" value="293ebda2-985a-ed11-9562-000d3adf4843" lookupentity="systemuser" lookupentityname="Swathi Sathish Kumar" />
        <field name="owningbusinessunit" value="c3ed74bc-152d-ed11-9db1-000d3adb48a2" lookupentity="businessunit" lookupentityname="org449d870c" />
        <field name="owninguser" value="293ebda2-985a-ed11-9562-000d3adf4843" lookupentity="systemuser" />
        <field name="statecode" value="0" />
        <field name="statuscode" value="1" />
        <field name="jarvis_type" value="334030001" />
      </record>
      <record id="23fe87c4-b0ab-ed11-aad0-000d3ad9b609">
        <field name="createdby" value="293ebda2-985a-ed11-9562-000d3adf4843" lookupentity="systemuser" lookupentityname="Swathi Sathish Kumar" />
        <field name="createdon" value="2023-02-13T15:12:02.0000000Z" />
        <field name="jarvis_observationcodeid" value="23fe87c4-b0ab-ed11-aad0-000d3ad9b609" />
        <field name="modifiedby" value="293ebda2-985a-ed11-9562-000d3adf4843" lookupentity="systemuser" lookupentityname="Swathi Sathish Kumar" />
        <field name="modifiedon" value="2023-03-21T14:22:35.0000000Z" />
        <field name="jarvis_name" value="Customer request not met - HD" />
        <field name="ownerid" value="293ebda2-985a-ed11-9562-000d3adf4843" lookupentity="systemuser" lookupentityname="Swathi Sathish Kumar" />
        <field name="owningbusinessunit" value="c3ed74bc-152d-ed11-9db1-000d3adb48a2" lookupentity="businessunit" lookupentityname="org449d870c" />
        <field name="owninguser" value="293ebda2-985a-ed11-9562-000d3adf4843" lookupentity="systemuser" />
        <field name="statecode" value="0" />
        <field name="statuscode" value="1" />
        <field name="jarvis_type" value="334030000" />
      </record>
      <record id="499b11cf-b0ab-ed11-aad0-000d3ad9b609">
        <field name="createdby" value="293ebda2-985a-ed11-9562-000d3adf4843" lookupentity="systemuser" lookupentityname="Swathi Sathish Kumar" />
        <field name="createdon" value="2023-02-13T15:12:23.0000000Z" />
        <field name="jarvis_observationcodeid" value="499b11cf-b0ab-ed11-aad0-000d3ad9b609" />
        <field name="modifiedby" value="293ebda2-985a-ed11-9562-000d3adf4843" lookupentity="systemuser" lookupentityname="Swathi Sathish Kumar" />
        <field name="modifiedon" value="2023-03-21T14:22:43.0000000Z" />
        <field name="jarvis_name" value="Customer request not met - RD" />
        <field name="ownerid" value="293ebda2-985a-ed11-9562-000d3adf4843" lookupentity="systemuser" lookupentityname="Swathi Sathish Kumar" />
        <field name="owningbusinessunit" value="c3ed74bc-152d-ed11-9db1-000d3adb48a2" lookupentity="businessunit" lookupentityname="org449d870c" />
        <field name="owninguser" value="293ebda2-985a-ed11-9562-000d3adf4843" lookupentity="systemuser" />
        <field name="statecode" value="0" />
        <field name="statuscode" value="1" />
        <field name="jarvis_type" value="334030001" />
      </record>
      <record id="5e3c84d7-b0ab-ed11-aad0-000d3ad9b609">
        <field name="createdby" value="293ebda2-985a-ed11-9562-000d3adf4843" lookupentity="systemuser" lookupentityname="Swathi Sathish Kumar" />
        <field name="createdon" value="2023-02-13T15:12:38.0000000Z" />
        <field name="jarvis_observationcodeid" value="5e3c84d7-b0ab-ed11-aad0-000d3ad9b609" />
        <field name="modifiedby" value="293ebda2-985a-ed11-9562-000d3adf4843" lookupentity="systemuser" lookupentityname="Swathi Sathish Kumar" />
        <field name="modifiedon" value="2023-02-13T15:12:38.0000000Z" />
        <field name="jarvis_name" value="Dealer refuses to attend" />
        <field name="ownerid" value="293ebda2-985a-ed11-9562-000d3adf4843" lookupentity="systemuser" lookupentityname="Swathi Sathish Kumar" />
        <field name="owningbusinessunit" value="c3ed74bc-152d-ed11-9db1-000d3adb48a2" lookupentity="businessunit" lookupentityname="org449d870c" />
        <field name="owninguser" value="293ebda2-985a-ed11-9562-000d3adf4843" lookupentity="systemuser" />
        <field name="statecode" value="0" />
        <field name="statuscode" value="1" />
        <field name="jarvis_type" value="334030001" />
      </record>
      <record id="63bc95e2-b0ab-ed11-aad0-000d3ad9b609">
        <field name="createdby" value="293ebda2-985a-ed11-9562-000d3adf4843" lookupentity="systemuser" lookupentityname="Swathi Sathish Kumar" />
        <field name="createdon" value="2023-02-13T15:12:53.0000000Z" />
        <field name="jarvis_observationcodeid" value="63bc95e2-b0ab-ed11-aad0-000d3ad9b609" />
        <field name="modifiedby" value="293ebda2-985a-ed11-9562-000d3adf4843" lookupentity="systemuser" lookupentityname="Swathi Sathish Kumar" />
        <field name="modifiedon" value="2023-02-13T15:12:53.0000000Z" />
        <field name="jarvis_name" value="Easily accessible" />
        <field name="ownerid" value="293ebda2-985a-ed11-9562-000d3adf4843" lookupentity="systemuser" lookupentityname="Swathi Sathish Kumar" />
        <field name="owningbusinessunit" value="c3ed74bc-152d-ed11-9db1-000d3adb48a2" lookupentity="businessunit" lookupentityname="org449d870c" />
        <field name="owninguser" value="293ebda2-985a-ed11-9562-000d3adf4843" lookupentity="systemuser" />
        <field name="statecode" value="0" />
        <field name="statuscode" value="1" />
        <field name="jarvis_type" value="334030001" />
      </record>
      <record id="3f00fae9-b0ab-ed11-aad0-000d3ad9b609">
        <field name="createdby" value="293ebda2-985a-ed11-9562-000d3adf4843" lookupentity="systemuser" lookupentityname="Swathi Sathish Kumar" />
        <field name="createdon" value="2023-02-13T15:13:05.0000000Z" />
        <field name="jarvis_observationcodeid" value="3f00fae9-b0ab-ed11-aad0-000d3ad9b609" />
        <field name="modifiedby" value="293ebda2-985a-ed11-9562-000d3adf4843" lookupentity="systemuser" lookupentityname="Swathi Sathish Kumar" />
        <field name="modifiedon" value="2023-02-13T15:13:05.0000000Z" />
        <field name="jarvis_name" value="First Class Delivery" />
        <field name="ownerid" value="293ebda2-985a-ed11-9562-000d3adf4843" lookupentity="systemuser" lookupentityname="Swathi Sathish Kumar" />
        <field name="owningbusinessunit" value="c3ed74bc-152d-ed11-9db1-000d3adb48a2" lookupentity="businessunit" lookupentityname="org449d870c" />
        <field name="owninguser" value="293ebda2-985a-ed11-9562-000d3adf4843" lookupentity="systemuser" />
        <field name="statecode" value="0" />
        <field name="statuscode" value="1" />
        <field name="jarvis_type" value="334030001" />
      </record>
      <record id="e4aacff1-b0ab-ed11-aad0-000d3ad9b609">
        <field name="createdby" value="293ebda2-985a-ed11-9562-000d3adf4843" lookupentity="systemuser" lookupentityname="Swathi Sathish Kumar" />
        <field name="createdon" value="2023-02-13T15:13:18.0000000Z" />
        <field name="jarvis_observationcodeid" value="e4aacff1-b0ab-ed11-aad0-000d3ad9b609" />
        <field name="modifiedby" value="293ebda2-985a-ed11-9562-000d3adf4843" lookupentity="systemuser" lookupentityname="Swathi Sathish Kumar" />
        <field name="modifiedon" value="2023-02-13T15:13:18.0000000Z" />
        <field name="jarvis_name" value="Repair start at WS delayed" />
        <field name="ownerid" value="293ebda2-985a-ed11-9562-000d3adf4843" lookupentity="systemuser" lookupentityname="Swathi Sathish Kumar" />
        <field name="owningbusinessunit" value="c3ed74bc-152d-ed11-9db1-000d3adb48a2" lookupentity="businessunit" lookupentityname="org449d870c" />
        <field name="owninguser" value="293ebda2-985a-ed11-9562-000d3adf4843" lookupentity="systemuser" />
        <field name="statecode" value="0" />
        <field name="statuscode" value="1" />
        <field name="jarvis_type" value="334030001" />
      </record>
      <record id="c0e101f9-b0ab-ed11-aad0-000d3ad9b609">
        <field name="createdby" value="293ebda2-985a-ed11-9562-000d3adf4843" lookupentity="systemuser" lookupentityname="Swathi Sathish Kumar" />
        <field name="createdon" value="2023-02-13T15:13:30.0000000Z" />
        <field name="jarvis_observationcodeid" value="c0e101f9-b0ab-ed11-aad0-000d3ad9b609" />
        <field name="modifiedby" value="293ebda2-985a-ed11-9562-000d3adf4843" lookupentity="systemuser" lookupentityname="Swathi Sathish Kumar" />
        <field name="modifiedon" value="2023-02-13T15:13:30.0000000Z" />
        <field name="jarvis_name" value="Right First Time" />
        <field name="ownerid" value="293ebda2-985a-ed11-9562-000d3adf4843" lookupentity="systemuser" lookupentityname="Swathi Sathish Kumar" />
        <field name="owningbusinessunit" value="c3ed74bc-152d-ed11-9db1-000d3adb48a2" lookupentity="businessunit" lookupentityname="org449d870c" />
        <field name="owninguser" value="293ebda2-985a-ed11-9562-000d3adf4843" lookupentity="systemuser" />
        <field name="statecode" value="0" />
        <field name="statuscode" value="1" />
        <field name="jarvis_type" value="334030001" />
      </record>
      <record id="2e680f37-b1ab-ed11-aad0-000d3ad9b609">
        <field name="createdby" value="293ebda2-985a-ed11-9562-000d3adf4843" lookupentity="systemuser" lookupentityname="Swathi Sathish Kumar" />
        <field name="createdon" value="2023-02-13T15:15:21.0000000Z" />
        <field name="jarvis_observationcodeid" value="2e680f37-b1ab-ed11-aad0-000d3ad9b609" />
        <field name="modifiedby" value="293ebda2-985a-ed11-9562-000d3adf4843" lookupentity="systemuser" lookupentityname="Swathi Sathish Kumar" />
        <field name="modifiedon" value="2023-02-13T15:15:21.0000000Z" />
        <field name="jarvis_name" value="Unable to attend - no BD case" />
        <field name="ownerid" value="293ebda2-985a-ed11-9562-000d3adf4843" lookupentity="systemuser" lookupentityname="Swathi Sathish Kumar" />
        <field name="owningbusinessunit" value="c3ed74bc-152d-ed11-9db1-000d3adb48a2" lookupentity="businessunit" lookupentityname="org449d870c" />
        <field name="owninguser" value="293ebda2-985a-ed11-9562-000d3adf4843" lookupentity="systemuser" />
        <field name="statecode" value="0" />
        <field name="statuscode" value="1" />
        <field name="jarvis_type" value="334030001" />
      </record>
      <record id="0dbf8b43-b1ab-ed11-aad0-000d3ad9b609">
        <field name="createdby" value="293ebda2-985a-ed11-9562-000d3adf4843" lookupentity="systemuser" lookupentityname="Swathi Sathish Kumar" />
        <field name="createdon" value="2023-02-13T15:15:35.0000000Z" />
        <field name="jarvis_observationcodeid" value="0dbf8b43-b1ab-ed11-aad0-000d3ad9b609" />
        <field name="modifiedby" value="293ebda2-985a-ed11-9562-000d3adf4843" lookupentity="systemuser" lookupentityname="Swathi Sathish Kumar" />
        <field name="modifiedon" value="2023-02-13T15:15:35.0000000Z" />
        <field name="jarvis_name" value="Unable to attend - other BD case" />
        <field name="ownerid" value="293ebda2-985a-ed11-9562-000d3adf4843" lookupentity="systemuser" lookupentityname="Swathi Sathish Kumar" />
        <field name="owningbusinessunit" value="c3ed74bc-152d-ed11-9db1-000d3adb48a2" lookupentity="businessunit" lookupentityname="org449d870c" />
        <field name="owninguser" value="293ebda2-985a-ed11-9562-000d3adf4843" lookupentity="systemuser" />
        <field name="statecode" value="0" />
        <field name="statuscode" value="1" />
        <field name="jarvis_type" value="334030001" />
      </record>
      <record id="a510754e-b1ab-ed11-aad0-000d3ad9b609">
        <field name="createdby" value="293ebda2-985a-ed11-9562-000d3adf4843" lookupentity="systemuser" lookupentityname="Swathi Sathish Kumar" />
        <field name="createdon" value="2023-02-13T15:15:54.0000000Z" />
        <field name="jarvis_observationcodeid" value="a510754e-b1ab-ed11-aad0-000d3ad9b609" />
        <field name="modifiedby" value="293ebda2-985a-ed11-9562-000d3adf4843" lookupentity="systemuser" lookupentityname="Swathi Sathish Kumar" />
        <field name="modifiedon" value="2023-02-13T15:15:54.0000000Z" />
        <field name="jarvis_name" value="Unable to contact dealer" />
        <field name="ownerid" value="293ebda2-985a-ed11-9562-000d3adf4843" lookupentity="systemuser" lookupentityname="Swathi Sathish Kumar" />
        <field name="owningbusinessunit" value="c3ed74bc-152d-ed11-9db1-000d3adb48a2" lookupentity="businessunit" lookupentityname="org449d870c" />
        <field name="owninguser" value="293ebda2-985a-ed11-9562-000d3adf4843" lookupentity="systemuser" />
        <field name="statecode" value="0" />
        <field name="statuscode" value="1" />
        <field name="jarvis_type" value="334030001" />
      </record>
      <record id="55d94858-b1ab-ed11-aad0-000d3ad9b609">
        <field name="createdby" value="293ebda2-985a-ed11-9562-000d3adf4843" lookupentity="systemuser" lookupentityname="Swathi Sathish Kumar" />
        <field name="createdon" value="2023-02-13T15:16:11.0000000Z" />
        <field name="jarvis_observationcodeid" value="55d94858-b1ab-ed11-aad0-000d3ad9b609" />
        <field name="modifiedby" value="293ebda2-985a-ed11-9562-000d3adf4843" lookupentity="systemuser" lookupentityname="Swathi Sathish Kumar" />
        <field name="modifiedon" value="2023-02-13T15:16:11.0000000Z" />
        <field name="jarvis_name" value="Unable to contact GOP person" />
        <field name="ownerid" value="293ebda2-985a-ed11-9562-000d3adf4843" lookupentity="systemuser" lookupentityname="Swathi Sathish Kumar" />
        <field name="owningbusinessunit" value="c3ed74bc-152d-ed11-9db1-000d3adb48a2" lookupentity="businessunit" lookupentityname="org449d870c" />
        <field name="owninguser" value="293ebda2-985a-ed11-9562-000d3adf4843" lookupentity="systemuser" />
        <field name="statecode" value="0" />
        <field name="statuscode" value="1" />
        <field name="jarvis_type" value="334030000" />
      </record>
      <record id="040bfa62-b1ab-ed11-aad0-000d3ad9b609">
        <field name="createdby" value="293ebda2-985a-ed11-9562-000d3adf4843" lookupentity="systemuser" lookupentityname="Swathi Sathish Kumar" />
        <field name="createdon" value="2023-02-13T15:16:28.0000000Z" />
        <field name="jarvis_observationcodeid" value="040bfa62-b1ab-ed11-aad0-000d3ad9b609" />
        <field name="modifiedby" value="293ebda2-985a-ed11-9562-000d3adf4843" lookupentity="systemuser" lookupentityname="Swathi Sathish Kumar" />
        <field name="modifiedon" value="2023-02-13T15:16:28.0000000Z" />
        <field name="jarvis_name" value="Warranty info not confirmed" />
        <field name="ownerid" value="293ebda2-985a-ed11-9562-000d3adf4843" lookupentity="systemuser" lookupentityname="Swathi Sathish Kumar" />
        <field name="owningbusinessunit" value="c3ed74bc-152d-ed11-9db1-000d3adb48a2" lookupentity="businessunit" lookupentityname="org449d870c" />
        <field name="owninguser" value="293ebda2-985a-ed11-9562-000d3adf4843" lookupentity="systemuser" />
        <field name="statecode" value="0" />
        <field name="statuscode" value="1" />
        <field name="jarvis_type" value="334030001" />
      </record>
    </records>
    <m2mrelationships />
  </entity>
</entities>