
<entities xmlns:xsd="http://www.w3.org/2001/XMLSchema" xmlns:xsi="http://www.w3.org/2001/XMLSchema-instance" timestamp="2023-05-30T04:47:14.0827729Z">
  <entity name="jarvis_incidentnature" displayname="Incident Nature">
    <records>
      <record id="403cad9e-44d9-ed11-a7c7-000d3ab1495c">
        <field name="createdby" value="d8710e27-9871-ed11-9561-000d3ad9bde0" lookupentity="systemuser" lookupentityname="Peter Thys" />
        <field name="createdon" value="2023-04-12T15:13:48.0000000Z" />
        <field name="jarvis_incidentnatureid" value="403cad9e-44d9-ed11-a7c7-000d3ab1495c" />
        <field name="jarvis_incidenttype" value="2ed836d5-bb70-ed11-9561-000d3ad9bde0" lookupentity="msdyn_incidenttype" lookupentityname="LNG" />
        <field name="modifiedby" value="d8710e27-9871-ed11-9561-000d3ad9bde0" lookupentity="systemuser" lookupentityname="Peter Thys" />
        <field name="modifiedon" value="2023-04-12T15:13:48.0000000Z" />
        <field name="jarvis_name" value="LNG" />
        <field name="ownerid" value="d8710e27-9871-ed11-9561-000d3ad9bde0" lookupentity="systemuser" lookupentityname="Peter Thys" />
        <field name="owningbusinessunit" value="c3ed74bc-152d-ed11-9db1-000d3adb48a2" lookupentity="businessunit" lookupentityname="org449d870c" />
        <field name="owninguser" value="d8710e27-9871-ed11-9561-000d3ad9bde0" lookupentity="systemuser" />
        <field name="statecode" value="0" />
        <field name="statuscode" value="1" />
        <field name="jarvis_stopgopautoapprovalcontract" value="False" />
        <field name="jarvis_stopgopautoapprovalwarranty" value="False" />
        <field name="jarvis_stopgopautoapprovalwhitelist" value="False" />
      </record>
      <record id="0a78f520-45d9-ed11-a7c7-000d3ab1495c">
        <field name="createdby" value="d8710e27-9871-ed11-9561-000d3ad9bde0" lookupentity="systemuser" lookupentityname="Peter Thys" />
        <field name="createdon" value="2023-04-12T15:17:33.0000000Z" />
        <field name="jarvis_incidentnatureid" value="0a78f520-45d9-ed11-a7c7-000d3ab1495c" />
        <field name="jarvis_incidenttype" value="a7614fe2-bb70-ed11-9561-000d3ad9bde0" lookupentity="msdyn_incidenttype" lookupentityname="Towing" />
        <field name="modifiedby" value="d8710e27-9871-ed11-9561-000d3ad9bde0" lookupentity="systemuser" lookupentityname="Peter Thys" />
        <field name="modifiedon" value="2023-04-13T07:10:11.0000000Z" />
        <field name="jarvis_name" value="Towing" />
        <field name="ownerid" value="d8710e27-9871-ed11-9561-000d3ad9bde0" lookupentity="systemuser" lookupentityname="Peter Thys" />
        <field name="owningbusinessunit" value="c3ed74bc-152d-ed11-9db1-000d3adb48a2" lookupentity="businessunit" lookupentityname="org449d870c" />
        <field name="owninguser" value="d8710e27-9871-ed11-9561-000d3ad9bde0" lookupentity="systemuser" />
        <field name="statecode" value="0" />
        <field name="statuscode" value="1" />
        <field name="jarvis_stopgopautoapprovalcontract" value="False" />
        <field name="jarvis_stopgopautoapprovalwarranty" value="False" />
        <field name="jarvis_stopgopautoapprovalwhitelist" value="False" />
      </record>
      <record id="4566ceb1-45d9-ed11-a7c7-000d3ab1495c">
        <field name="createdby" value="d8710e27-9871-ed11-9561-000d3ad9bde0" lookupentity="systemuser" lookupentityname="Peter Thys" />
        <field name="createdon" value="2023-04-12T15:21:37.0000000Z" />
        <field name="jarvis_incidentnatureid" value="4566ceb1-45d9-ed11-a7c7-000d3ab1495c" />
        <field name="modifiedby" value="d8710e27-9871-ed11-9561-000d3ad9bde0" lookupentity="systemuser" lookupentityname="Peter Thys" />
        <field name="modifiedon" value="2023-04-12T15:21:37.0000000Z" />
        <field name="jarvis_name" value="Penta" />
        <field name="ownerid" value="d8710e27-9871-ed11-9561-000d3ad9bde0" lookupentity="systemuser" lookupentityname="Peter Thys" />
        <field name="owningbusinessunit" value="c3ed74bc-152d-ed11-9db1-000d3adb48a2" lookupentity="businessunit" lookupentityname="org449d870c" />
        <field name="owninguser" value="d8710e27-9871-ed11-9561-000d3ad9bde0" lookupentity="systemuser" />
        <field name="statecode" value="0" />
        <field name="statuscode" value="1" />
        <field name="jarvis_stopgopautoapprovalcontract" value="False" />
        <field name="jarvis_stopgopautoapprovalwarranty" value="False" />
        <field name="jarvis_stopgopautoapprovalwhitelist" value="False" />
      </record>
      <record id="d68fe0bd-45d9-ed11-a7c7-000d3ab1495c">
        <field name="createdby" value="d8710e27-9871-ed11-9561-000d3ad9bde0" lookupentity="systemuser" lookupentityname="Peter Thys" />
        <field name="createdon" value="2023-04-12T15:21:53.0000000Z" />
        <field name="jarvis_incidentnatureid" value="d68fe0bd-45d9-ed11-a7c7-000d3ab1495c" />
        <field name="modifiedby" value="d8710e27-9871-ed11-9561-000d3ad9bde0" lookupentity="systemuser" lookupentityname="Peter Thys" />
        <field name="modifiedon" value="2023-04-12T15:21:53.0000000Z" />
        <field name="jarvis_name" value="Diesel" />
        <field name="ownerid" value="d8710e27-9871-ed11-9561-000d3ad9bde0" lookupentity="systemuser" lookupentityname="Peter Thys" />
        <field name="owningbusinessunit" value="c3ed74bc-152d-ed11-9db1-000d3adb48a2" lookupentity="businessunit" lookupentityname="org449d870c" />
        <field name="owninguser" value="d8710e27-9871-ed11-9561-000d3ad9bde0" lookupentity="systemuser" />
        <field name="statecode" value="0" />
        <field name="statuscode" value="1" />
        <field name="jarvis_stopgopautoapprovalcontract" value="False" />
        <field name="jarvis_stopgopautoapprovalwarranty" value="False" />
        <field name="jarvis_stopgopautoapprovalwhitelist" value="False" />
      </record>
      <record id="2634222d-d490-ed11-aad1-000d3ad9b609">
        <field name="createdby" value="293ebda2-985a-ed11-9562-000d3adf4843" lookupentity="systemuser" lookupentityname="Swathi Sathish Kumar" />
        <field name="createdon" value="2023-01-10T10:47:29.0000000Z" />
        <field name="jarvis_incidentnatureid" value="2634222d-d490-ed11-aad1-000d3ad9b609" />
        <field name="modifiedby" value="293ebda2-985a-ed11-9562-000d3adf4843" lookupentity="systemuser" lookupentityname="Swathi Sathish Kumar" />
        <field name="modifiedon" value="2023-01-10T10:47:29.0000000Z" />
        <field name="jarvis_name" value="Air Problem" />
        <field name="ownerid" value="293ebda2-985a-ed11-9562-000d3adf4843" lookupentity="systemuser" lookupentityname="Swathi Sathish Kumar" />
        <field name="owningbusinessunit" value="c3ed74bc-152d-ed11-9db1-000d3adb48a2" lookupentity="businessunit" lookupentityname="org449d870c" />
        <field name="owninguser" value="293ebda2-985a-ed11-9562-000d3adf4843" lookupentity="systemuser" />
        <field name="statecode" value="0" />
        <field name="statuscode" value="1" />
        <field name="jarvis_stopgopautoapprovalcontract" value="False" />
        <field name="jarvis_stopgopautoapprovalwarranty" value="False" />
        <field name="jarvis_stopgopautoapprovalwhitelist" value="False" />
      </record>
      <record id="82528f33-d490-ed11-aad1-000d3ad9b609">
        <field name="createdby" value="293ebda2-985a-ed11-9562-000d3adf4843" lookupentity="systemuser" lookupentityname="Swathi Sathish Kumar" />
        <field name="createdon" value="2023-01-10T10:47:40.0000000Z" />
        <field name="jarvis_incidentnatureid" value="82528f33-d490-ed11-aad1-000d3ad9b609" />
        <field name="modifiedby" value="293ebda2-985a-ed11-9562-000d3adf4843" lookupentity="systemuser" lookupentityname="Swathi Sathish Kumar" />
        <field name="modifiedon" value="2023-01-10T10:47:40.0000000Z" />
        <field name="jarvis_name" value="Brakes" />
        <field name="ownerid" value="293ebda2-985a-ed11-9562-000d3adf4843" lookupentity="systemuser" lookupentityname="Swathi Sathish Kumar" />
        <field name="owningbusinessunit" value="c3ed74bc-152d-ed11-9db1-000d3adb48a2" lookupentity="businessunit" lookupentityname="org449d870c" />
        <field name="owninguser" value="293ebda2-985a-ed11-9562-000d3adf4843" lookupentity="systemuser" />
        <field name="statecode" value="0" />
        <field name="statuscode" value="1" />
        <field name="jarvis_stopgopautoapprovalcontract" value="False" />
        <field name="jarvis_stopgopautoapprovalwarranty" value="False" />
        <field name="jarvis_stopgopautoapprovalwhitelist" value="False" />
      </record>
      <record id="2300c73d-d490-ed11-aad1-000d3ad9b609">
        <field name="createdby" value="293ebda2-985a-ed11-9562-000d3adf4843" lookupentity="systemuser" lookupentityname="Swathi Sathish Kumar" />
        <field name="createdon" value="2023-01-10T10:47:57.0000000Z" />
        <field name="jarvis_incidentnatureid" value="2300c73d-d490-ed11-aad1-000d3ad9b609" />
        <field name="modifiedby" value="293ebda2-985a-ed11-9562-000d3adf4843" lookupentity="systemuser" lookupentityname="Swathi Sathish Kumar" />
        <field name="modifiedon" value="2023-01-10T10:47:57.0000000Z" />
        <field name="jarvis_name" value="Keys / locked out" />
        <field name="ownerid" value="293ebda2-985a-ed11-9562-000d3adf4843" lookupentity="systemuser" lookupentityname="Swathi Sathish Kumar" />
        <field name="owningbusinessunit" value="c3ed74bc-152d-ed11-9db1-000d3adb48a2" lookupentity="businessunit" lookupentityname="org449d870c" />
        <field name="owninguser" value="293ebda2-985a-ed11-9562-000d3adf4843" lookupentity="systemuser" />
        <field name="statecode" value="0" />
        <field name="statuscode" value="1" />
        <field name="jarvis_stopgopautoapprovalcontract" value="False" />
        <field name="jarvis_stopgopautoapprovalwarranty" value="False" />
        <field name="jarvis_stopgopautoapprovalwhitelist" value="False" />
      </record>
      <record id="45212b49-d490-ed11-aad1-000d3ad9b609">
        <field name="createdby" value="293ebda2-985a-ed11-9562-000d3adf4843" lookupentity="systemuser" lookupentityname="Swathi Sathish Kumar" />
        <field name="createdon" value="2023-01-10T10:48:16.0000000Z" />
        <field name="jarvis_incidentnatureid" value="45212b49-d490-ed11-aad1-000d3ad9b609" />
        <field name="modifiedby" value="293ebda2-985a-ed11-9562-000d3adf4843" lookupentity="systemuser" lookupentityname="Swathi Sathish Kumar" />
        <field name="modifiedon" value="2023-01-10T10:48:16.0000000Z" />
        <field name="jarvis_name" value="Loss of drive" />
        <field name="ownerid" value="293ebda2-985a-ed11-9562-000d3adf4843" lookupentity="systemuser" lookupentityname="Swathi Sathish Kumar" />
        <field name="owningbusinessunit" value="c3ed74bc-152d-ed11-9db1-000d3adb48a2" lookupentity="businessunit" lookupentityname="org449d870c" />
        <field name="owninguser" value="293ebda2-985a-ed11-9562-000d3adf4843" lookupentity="systemuser" />
        <field name="statecode" value="0" />
        <field name="statuscode" value="1" />
        <field name="jarvis_stopgopautoapprovalcontract" value="False" />
        <field name="jarvis_stopgopautoapprovalwarranty" value="False" />
        <field name="jarvis_stopgopautoapprovalwhitelist" value="False" />
      </record>
      <record id="cb79fc52-d490-ed11-aad1-000d3ad9b609">
        <field name="jarvis_incident" value="63b10514-4b77-4464-b862-7ddba65ed178" lookupentity="incident" lookupentityname="DEV-01001-V1M8V" />
        <field name="createdby" value="293ebda2-985a-ed11-9562-000d3adf4843" lookupentity="systemuser" lookupentityname="Swathi Sathish Kumar" />
        <field name="createdon" value="2023-01-10T10:48:32.0000000Z" />
        <field name="jarvis_incidentnatureid" value="cb79fc52-d490-ed11-aad1-000d3ad9b609" />
        <field name="modifiedby" value="8636ec02-d0da-44d0-b533-ecec99b40a7e" lookupentity="systemuser" lookupentityname="SYSTEM" />
        <field name="modifiedon" value="2023-05-10T11:53:45.0000000Z" />
        <field name="jarvis_name" value="Non starter" />
        <field name="ownerid" value="293ebda2-985a-ed11-9562-000d3adf4843" lookupentity="systemuser" lookupentityname="Swathi Sathish Kumar" />
        <field name="owningbusinessunit" value="c3ed74bc-152d-ed11-9db1-000d3adb48a2" lookupentity="businessunit" lookupentityname="org449d870c" />
        <field name="owninguser" value="293ebda2-985a-ed11-9562-000d3adf4843" lookupentity="systemuser" />
        <field name="statecode" value="0" />
        <field name="statuscode" value="1" />
        <field name="jarvis_stopgopautoapprovalcontract" value="False" />
        <field name="jarvis_stopgopautoapprovalwarranty" value="True" />
        <field name="jarvis_stopgopautoapprovalwhitelist" value="False" />
      </record>
      <record id="19578d59-d490-ed11-aad1-000d3ad9b609">
        <field name="createdby" value="293ebda2-985a-ed11-9562-000d3adf4843" lookupentity="systemuser" lookupentityname="Swathi Sathish Kumar" />
        <field name="createdon" value="2023-01-10T10:48:47.0000000Z" />
        <field name="jarvis_incidentnatureid" value="19578d59-d490-ed11-aad1-000d3ad9b609" />
        <field name="modifiedby" value="293ebda2-985a-ed11-9562-000d3adf4843" lookupentity="systemuser" lookupentityname="Swathi Sathish Kumar" />
        <field name="modifiedon" value="2023-01-10T10:48:47.0000000Z" />
        <field name="jarvis_name" value="Overheating" />
        <field name="ownerid" value="293ebda2-985a-ed11-9562-000d3adf4843" lookupentity="systemuser" lookupentityname="Swathi Sathish Kumar" />
        <field name="owningbusinessunit" value="c3ed74bc-152d-ed11-9db1-000d3adb48a2" lookupentity="businessunit" lookupentityname="org449d870c" />
        <field name="owninguser" value="293ebda2-985a-ed11-9562-000d3adf4843" lookupentity="systemuser" />
        <field name="statecode" value="0" />
        <field name="statuscode" value="1" />
        <field name="jarvis_stopgopautoapprovalcontract" value="False" />
        <field name="jarvis_stopgopautoapprovalwarranty" value="False" />
        <field name="jarvis_stopgopautoapprovalwhitelist" value="False" />
      </record>
      <record id="28e91f69-d490-ed11-aad1-000d3ad9b609">
        <field name="createdby" value="293ebda2-985a-ed11-9562-000d3adf4843" lookupentity="systemuser" lookupentityname="Swathi Sathish Kumar" />
        <field name="createdon" value="2023-01-10T10:49:09.0000000Z" />
        <field name="jarvis_incidentnatureid" value="28e91f69-d490-ed11-aad1-000d3ad9b609" />
        <field name="modifiedby" value="293ebda2-985a-ed11-9562-000d3adf4843" lookupentity="systemuser" lookupentityname="Swathi Sathish Kumar" />
        <field name="modifiedon" value="2023-01-10T10:49:09.0000000Z" />
        <field name="jarvis_name" value="Power supply / electrics" />
        <field name="ownerid" value="293ebda2-985a-ed11-9562-000d3adf4843" lookupentity="systemuser" lookupentityname="Swathi Sathish Kumar" />
        <field name="owningbusinessunit" value="c3ed74bc-152d-ed11-9db1-000d3adb48a2" lookupentity="businessunit" lookupentityname="org449d870c" />
        <field name="owninguser" value="293ebda2-985a-ed11-9562-000d3adf4843" lookupentity="systemuser" />
        <field name="statecode" value="0" />
        <field name="statuscode" value="1" />
        <field name="jarvis_stopgopautoapprovalcontract" value="False" />
        <field name="jarvis_stopgopautoapprovalwarranty" value="False" />
        <field name="jarvis_stopgopautoapprovalwhitelist" value="False" />
      </record>
      <record id="29e91f69-d490-ed11-aad1-000d3ad9b609">
        <field name="createdby" value="293ebda2-985a-ed11-9562-000d3adf4843" lookupentity="systemuser" lookupentityname="Swathi Sathish Kumar" />
        <field name="createdon" value="2023-01-10T10:49:18.0000000Z" />
        <field name="jarvis_incidentnatureid" value="29e91f69-d490-ed11-aad1-000d3ad9b609" />
        <field name="modifiedby" value="293ebda2-985a-ed11-9562-000d3adf4843" lookupentity="systemuser" lookupentityname="Swathi Sathish Kumar" />
        <field name="modifiedon" value="2023-01-10T10:49:18.0000000Z" />
        <field name="jarvis_name" value="Steering" />
        <field name="ownerid" value="293ebda2-985a-ed11-9562-000d3adf4843" lookupentity="systemuser" lookupentityname="Swathi Sathish Kumar" />
        <field name="owningbusinessunit" value="c3ed74bc-152d-ed11-9db1-000d3adb48a2" lookupentity="businessunit" lookupentityname="org449d870c" />
        <field name="owninguser" value="293ebda2-985a-ed11-9562-000d3adf4843" lookupentity="systemuser" />
        <field name="statecode" value="0" />
        <field name="statuscode" value="1" />
        <field name="jarvis_stopgopautoapprovalcontract" value="False" />
        <field name="jarvis_stopgopautoapprovalwarranty" value="False" />
        <field name="jarvis_stopgopautoapprovalwhitelist" value="False" />
      </record>
      <record id="4dc8b772-d490-ed11-aad1-000d3ad9b609">
        <field name="createdby" value="293ebda2-985a-ed11-9562-000d3adf4843" lookupentity="systemuser" lookupentityname="Swathi Sathish Kumar" />
        <field name="createdon" value="2023-01-10T10:49:28.0000000Z" />
        <field name="jarvis_incidentnatureid" value="4dc8b772-d490-ed11-aad1-000d3ad9b609" />
        <field name="modifiedby" value="293ebda2-985a-ed11-9562-000d3adf4843" lookupentity="systemuser" lookupentityname="Swathi Sathish Kumar" />
        <field name="modifiedon" value="2023-01-10T10:49:28.0000000Z" />
        <field name="jarvis_name" value="Suspension" />
        <field name="ownerid" value="293ebda2-985a-ed11-9562-000d3adf4843" lookupentity="systemuser" lookupentityname="Swathi Sathish Kumar" />
        <field name="owningbusinessunit" value="c3ed74bc-152d-ed11-9db1-000d3adb48a2" lookupentity="businessunit" lookupentityname="org449d870c" />
        <field name="owninguser" value="293ebda2-985a-ed11-9562-000d3adf4843" lookupentity="systemuser" />
        <field name="statecode" value="0" />
        <field name="statuscode" value="1" />
        <field name="jarvis_stopgopautoapprovalcontract" value="False" />
        <field name="jarvis_stopgopautoapprovalwarranty" value="False" />
        <field name="jarvis_stopgopautoapprovalwhitelist" value="False" />
      </record>
      <record id="01b02981-d490-ed11-aad1-000d3ad9b609">
        <field name="createdby" value="293ebda2-985a-ed11-9562-000d3adf4843" lookupentity="systemuser" lookupentityname="Swathi Sathish Kumar" />
        <field name="createdon" value="2023-01-10T10:49:50.0000000Z" />
        <field name="jarvis_incidentnatureid" value="01b02981-d490-ed11-aad1-000d3ad9b609" />
        <field name="modifiedby" value="293ebda2-985a-ed11-9562-000d3adf4843" lookupentity="systemuser" lookupentityname="Swathi Sathish Kumar" />
        <field name="modifiedon" value="2023-01-10T10:49:50.0000000Z" />
        <field name="jarvis_name" value="Transmission / gearbox" />
        <field name="ownerid" value="293ebda2-985a-ed11-9562-000d3adf4843" lookupentity="systemuser" lookupentityname="Swathi Sathish Kumar" />
        <field name="owningbusinessunit" value="c3ed74bc-152d-ed11-9db1-000d3adb48a2" lookupentity="businessunit" lookupentityname="org449d870c" />
        <field name="owninguser" value="293ebda2-985a-ed11-9562-000d3adf4843" lookupentity="systemuser" />
        <field name="statecode" value="0" />
        <field name="statuscode" value="1" />
        <field name="jarvis_stopgopautoapprovalcontract" value="False" />
        <field name="jarvis_stopgopautoapprovalwarranty" value="False" />
        <field name="jarvis_stopgopautoapprovalwhitelist" value="False" />
      </record>
      <record id="02b02981-d490-ed11-aad1-000d3ad9b609">
        <field name="createdby" value="293ebda2-985a-ed11-9562-000d3adf4843" lookupentity="systemuser" lookupentityname="Swathi Sathish Kumar" />
        <field name="createdon" value="2023-01-10T10:49:58.0000000Z" />
        <field name="jarvis_incidentnatureid" value="02b02981-d490-ed11-aad1-000d3ad9b609" />
        <field name="modifiedby" value="d8710e27-9871-ed11-9561-000d3ad9bde0" lookupentity="systemuser" lookupentityname="Peter Thys" />
        <field name="modifiedon" value="2023-04-13T07:17:47.0000000Z" />
        <field name="jarvis_name" value="Tyre" />
        <field name="ownerid" value="293ebda2-985a-ed11-9562-000d3adf4843" lookupentity="systemuser" lookupentityname="Swathi Sathish Kumar" />
        <field name="owningbusinessunit" value="c3ed74bc-152d-ed11-9db1-000d3adb48a2" lookupentity="businessunit" lookupentityname="org449d870c" />
        <field name="owninguser" value="293ebda2-985a-ed11-9562-000d3adf4843" lookupentity="systemuser" />
        <field name="statecode" value="0" />
        <field name="statuscode" value="1" />
        <field name="jarvis_stopgopautoapprovalcontract" value="False" />
        <field name="jarvis_stopgopautoapprovalwarranty" value="True" />
        <field name="jarvis_stopgopautoapprovalwhitelist" value="False" />
      </record>
      <record id="f06db691-d490-ed11-aad1-000d3ad9b609">
        <field name="createdby" value="293ebda2-985a-ed11-9562-000d3adf4843" lookupentity="systemuser" lookupentityname="Swathi Sathish Kumar" />
        <field name="createdon" value="2023-01-10T10:50:18.0000000Z" />
        <field name="jarvis_incidentnatureid" value="f06db691-d490-ed11-aad1-000d3ad9b609" />
        <field name="modifiedby" value="293ebda2-985a-ed11-9562-000d3adf4843" lookupentity="systemuser" lookupentityname="Swathi Sathish Kumar" />
        <field name="modifiedon" value="2023-01-10T10:50:18.0000000Z" />
        <field name="jarvis_name" value="Wheel hub / bearing" />
        <field name="ownerid" value="293ebda2-985a-ed11-9562-000d3adf4843" lookupentity="systemuser" lookupentityname="Swathi Sathish Kumar" />
        <field name="owningbusinessunit" value="c3ed74bc-152d-ed11-9db1-000d3adb48a2" lookupentity="businessunit" lookupentityname="org449d870c" />
        <field name="owninguser" value="293ebda2-985a-ed11-9562-000d3adf4843" lookupentity="systemuser" />
        <field name="statecode" value="0" />
        <field name="statuscode" value="1" />
        <field name="jarvis_stopgopautoapprovalcontract" value="False" />
        <field name="jarvis_stopgopautoapprovalwarranty" value="False" />
        <field name="jarvis_stopgopautoapprovalwhitelist" value="False" />
      </record>
      <record id="f16db691-d490-ed11-aad1-000d3ad9b609">
        <field name="createdby" value="293ebda2-985a-ed11-9562-000d3adf4843" lookupentity="systemuser" lookupentityname="Swathi Sathish Kumar" />
        <field name="createdon" value="2023-01-10T10:50:27.0000000Z" />
        <field name="jarvis_incidentnatureid" value="f16db691-d490-ed11-aad1-000d3ad9b609" />
        <field name="modifiedby" value="293ebda2-985a-ed11-9562-000d3adf4843" lookupentity="systemuser" lookupentityname="Swathi Sathish Kumar" />
        <field name="modifiedon" value="2023-01-10T10:50:27.0000000Z" />
        <field name="jarvis_name" value="Other" />
        <field name="ownerid" value="293ebda2-985a-ed11-9562-000d3adf4843" lookupentity="systemuser" lookupentityname="Swathi Sathish Kumar" />
        <field name="owningbusinessunit" value="c3ed74bc-152d-ed11-9db1-000d3adb48a2" lookupentity="businessunit" lookupentityname="org449d870c" />
        <field name="owninguser" value="293ebda2-985a-ed11-9562-000d3adf4843" lookupentity="systemuser" />
        <field name="statecode" value="0" />
        <field name="statuscode" value="1" />
        <field name="jarvis_stopgopautoapprovalcontract" value="False" />
        <field name="jarvis_stopgopautoapprovalwarranty" value="False" />
        <field name="jarvis_stopgopautoapprovalwhitelist" value="False" />
      </record>
      <record id="e441d9f0-c4d9-ed11-a7c7-000d3ad9bde0">
        <field name="createdby" value="d8710e27-9871-ed11-9561-000d3ad9bde0" lookupentity="systemuser" lookupentityname="Peter Thys" />
        <field name="createdon" value="2023-04-13T06:32:24.0000000Z" />
        <field name="jarvis_incidentnatureid" value="e441d9f0-c4d9-ed11-a7c7-000d3ad9bde0" />
        <field name="modifiedby" value="d8710e27-9871-ed11-9561-000d3ad9bde0" lookupentity="systemuser" lookupentityname="Peter Thys" />
        <field name="modifiedon" value="2023-04-13T06:32:24.0000000Z" />
        <field name="jarvis_name" value="CNG" />
        <field name="ownerid" value="d8710e27-9871-ed11-9561-000d3ad9bde0" lookupentity="systemuser" lookupentityname="Peter Thys" />
        <field name="owningbusinessunit" value="c3ed74bc-152d-ed11-9db1-000d3adb48a2" lookupentity="businessunit" lookupentityname="org449d870c" />
        <field name="owninguser" value="d8710e27-9871-ed11-9561-000d3ad9bde0" lookupentity="systemuser" />
        <field name="statecode" value="0" />
        <field name="statuscode" value="1" />
        <field name="jarvis_stopgopautoapprovalcontract" value="False" />
        <field name="jarvis_stopgopautoapprovalwarranty" value="False" />
        <field name="jarvis_stopgopautoapprovalwhitelist" value="False" />
      </record>
      <record id="c0a3594f-cad9-ed11-a7c7-000d3adf4820">
        <field name="createdby" value="d8710e27-9871-ed11-9561-000d3ad9bde0" lookupentity="systemuser" lookupentityname="Peter Thys" />
        <field name="createdon" value="2023-04-13T07:10:48.0000000Z" />
        <field name="jarvis_incidentnatureid" value="c0a3594f-cad9-ed11-a7c7-000d3adf4820" />
        <field name="modifiedby" value="d8710e27-9871-ed11-9561-000d3ad9bde0" lookupentity="systemuser" lookupentityname="Peter Thys" />
        <field name="modifiedon" value="2023-04-13T07:13:49.0000000Z" />
        <field name="jarvis_name" value="Van" />
        <field name="ownerid" value="d8710e27-9871-ed11-9561-000d3ad9bde0" lookupentity="systemuser" lookupentityname="Peter Thys" />
        <field name="owningbusinessunit" value="c3ed74bc-152d-ed11-9db1-000d3adb48a2" lookupentity="businessunit" lookupentityname="org449d870c" />
        <field name="owninguser" value="d8710e27-9871-ed11-9561-000d3ad9bde0" lookupentity="systemuser" />
        <field name="statecode" value="0" />
        <field name="statuscode" value="1" />
        <field name="jarvis_stopgopautoapprovalcontract" value="False" />
        <field name="jarvis_stopgopautoapprovalwarranty" value="True" />
        <field name="jarvis_stopgopautoapprovalwhitelist" value="False" />
      </record>
      <record id="9294ccd7-cad9-ed11-a7c7-000d3adf4820">
        <field name="createdby" value="d8710e27-9871-ed11-9561-000d3ad9bde0" lookupentity="systemuser" lookupentityname="Peter Thys" />
        <field name="createdon" value="2023-04-13T07:14:41.0000000Z" />
        <field name="jarvis_incidentnatureid" value="9294ccd7-cad9-ed11-a7c7-000d3adf4820" />
        <field name="modifiedby" value="d8710e27-9871-ed11-9561-000d3ad9bde0" lookupentity="systemuser" lookupentityname="Peter Thys" />
        <field name="modifiedon" value="2023-04-13T07:14:41.0000000Z" />
        <field name="jarvis_name" value="External damage" />
        <field name="ownerid" value="d8710e27-9871-ed11-9561-000d3ad9bde0" lookupentity="systemuser" lookupentityname="Peter Thys" />
        <field name="owningbusinessunit" value="c3ed74bc-152d-ed11-9db1-000d3adb48a2" lookupentity="businessunit" lookupentityname="org449d870c" />
        <field name="owninguser" value="d8710e27-9871-ed11-9561-000d3ad9bde0" lookupentity="systemuser" />
        <field name="statecode" value="0" />
        <field name="statuscode" value="1" />
        <field name="jarvis_stopgopautoapprovalcontract" value="False" />
        <field name="jarvis_stopgopautoapprovalwarranty" value="True" />
        <field name="jarvis_stopgopautoapprovalwhitelist" value="False" />
      </record>
      <record id="57532e03-cbd9-ed11-a7c7-000d3adf4820">
        <field name="createdby" value="d8710e27-9871-ed11-9561-000d3ad9bde0" lookupentity="systemuser" lookupentityname="Peter Thys" />
        <field name="createdon" value="2023-04-13T07:15:50.0000000Z" />
        <field name="jarvis_incidentnatureid" value="57532e03-cbd9-ed11-a7c7-000d3adf4820" />
        <field name="modifiedby" value="d8710e27-9871-ed11-9561-000d3ad9bde0" lookupentity="systemuser" lookupentityname="Peter Thys" />
        <field name="modifiedon" value="2023-04-13T07:16:08.0000000Z" />
        <field name="jarvis_name" value="Driver&amp;#39;s fault" />
        <field name="ownerid" value="d8710e27-9871-ed11-9561-000d3ad9bde0" lookupentity="systemuser" lookupentityname="Peter Thys" />
        <field name="owningbusinessunit" value="c3ed74bc-152d-ed11-9db1-000d3adb48a2" lookupentity="businessunit" lookupentityname="org449d870c" />
        <field name="owninguser" value="d8710e27-9871-ed11-9561-000d3ad9bde0" lookupentity="systemuser" />
        <field name="statecode" value="0" />
        <field name="statuscode" value="1" />
        <field name="jarvis_stopgopautoapprovalcontract" value="False" />
        <field name="jarvis_stopgopautoapprovalwarranty" value="True" />
        <field name="jarvis_stopgopautoapprovalwhitelist" value="False" />
      </record>
      <record id="74afc21b-cbd9-ed11-a7c7-000d3adf4820">
        <field name="createdby" value="d8710e27-9871-ed11-9561-000d3ad9bde0" lookupentity="systemuser" lookupentityname="Peter Thys" />
        <field name="createdon" value="2023-04-13T07:16:29.0000000Z" />
        <field name="jarvis_incidentnatureid" value="74afc21b-cbd9-ed11-a7c7-000d3adf4820" />
        <field name="modifiedby" value="d8710e27-9871-ed11-9561-000d3ad9bde0" lookupentity="systemuser" lookupentityname="Peter Thys" />
        <field name="modifiedon" value="2023-04-13T07:16:29.0000000Z" />
        <field name="jarvis_name" value="Empty batteries" />
        <field name="ownerid" value="d8710e27-9871-ed11-9561-000d3ad9bde0" lookupentity="systemuser" lookupentityname="Peter Thys" />
        <field name="owningbusinessunit" value="c3ed74bc-152d-ed11-9db1-000d3adb48a2" lookupentity="businessunit" lookupentityname="org449d870c" />
        <field name="owninguser" value="d8710e27-9871-ed11-9561-000d3ad9bde0" lookupentity="systemuser" />
        <field name="statecode" value="0" />
        <field name="statuscode" value="1" />
        <field name="jarvis_stopgopautoapprovalcontract" value="False" />
        <field name="jarvis_stopgopautoapprovalwarranty" value="True" />
        <field name="jarvis_stopgopautoapprovalwhitelist" value="False" />
      </record>
      <record id="5d391d9c-ccd9-ed11-a7c7-000d3adf4820">
        <field name="createdby" value="d8710e27-9871-ed11-9561-000d3ad9bde0" lookupentity="systemuser" lookupentityname="Peter Thys" />
        <field name="createdon" value="2023-04-13T07:27:14.0000000Z" />
        <field name="jarvis_incidentnatureid" value="5d391d9c-ccd9-ed11-a7c7-000d3adf4820" />
        <field name="modifiedby" value="d8710e27-9871-ed11-9561-000d3ad9bde0" lookupentity="systemuser" lookupentityname="Peter Thys" />
        <field name="modifiedon" value="2023-04-13T07:27:14.0000000Z" />
        <field name="jarvis_name" value="Superstructure" />
        <field name="ownerid" value="d8710e27-9871-ed11-9561-000d3ad9bde0" lookupentity="systemuser" lookupentityname="Peter Thys" />
        <field name="owningbusinessunit" value="c3ed74bc-152d-ed11-9db1-000d3adb48a2" lookupentity="businessunit" lookupentityname="org449d870c" />
        <field name="owninguser" value="d8710e27-9871-ed11-9561-000d3ad9bde0" lookupentity="systemuser" />
        <field name="statecode" value="0" />
        <field name="statuscode" value="1" />
        <field name="jarvis_stopgopautoapprovalcontract" value="False" />
        <field name="jarvis_stopgopautoapprovalwarranty" value="True" />
        <field name="jarvis_stopgopautoapprovalwhitelist" value="False" />
      </record>
      <record id="2738986c-d3d9-ed11-a7c7-000d3adf4820">
        <field name="createdby" value="d8710e27-9871-ed11-9561-000d3ad9bde0" lookupentity="systemuser" lookupentityname="Peter Thys" />
        <field name="createdon" value="2023-04-13T08:16:08.0000000Z" />
        <field name="jarvis_incidentnatureid" value="2738986c-d3d9-ed11-a7c7-000d3adf4820" />
        <field name="modifiedby" value="d8710e27-9871-ed11-9561-000d3ad9bde0" lookupentity="systemuser" lookupentityname="Peter Thys" />
        <field name="modifiedon" value="2023-04-13T08:16:08.0000000Z" />
        <field name="jarvis_name" value="Fine" />
        <field name="ownerid" value="d8710e27-9871-ed11-9561-000d3ad9bde0" lookupentity="systemuser" lookupentityname="Peter Thys" />
        <field name="owningbusinessunit" value="c3ed74bc-152d-ed11-9db1-000d3adb48a2" lookupentity="businessunit" lookupentityname="org449d870c" />
        <field name="owninguser" value="d8710e27-9871-ed11-9561-000d3ad9bde0" lookupentity="systemuser" />
        <field name="statecode" value="0" />
        <field name="statuscode" value="1" />
        <field name="jarvis_stopgopautoapprovalcontract" value="False" />
        <field name="jarvis_stopgopautoapprovalwarranty" value="True" />
        <field name="jarvis_stopgopautoapprovalwhitelist" value="False" />
      </record>
      <record id="5c3697ae-d3d9-ed11-a7c7-000d3adf4820">
        <field name="createdby" value="d8710e27-9871-ed11-9561-000d3ad9bde0" lookupentity="systemuser" lookupentityname="Peter Thys" />
        <field name="createdon" value="2023-04-13T08:17:54.0000000Z" />
        <field name="jarvis_incidentnatureid" value="5c3697ae-d3d9-ed11-a7c7-000d3adf4820" />
        <field name="modifiedby" value="d8710e27-9871-ed11-9561-000d3ad9bde0" lookupentity="systemuser" lookupentityname="Peter Thys" />
        <field name="modifiedon" value="2023-04-13T08:17:54.0000000Z" />
        <field name="jarvis_name" value="Maintenance" />
        <field name="ownerid" value="d8710e27-9871-ed11-9561-000d3ad9bde0" lookupentity="systemuser" lookupentityname="Peter Thys" />
        <field name="owningbusinessunit" value="c3ed74bc-152d-ed11-9db1-000d3adb48a2" lookupentity="businessunit" lookupentityname="org449d870c" />
        <field name="owninguser" value="d8710e27-9871-ed11-9561-000d3ad9bde0" lookupentity="systemuser" />
        <field name="statecode" value="0" />
        <field name="statuscode" value="1" />
        <field name="jarvis_stopgopautoapprovalcontract" value="False" />
        <field name="jarvis_stopgopautoapprovalwarranty" value="True" />
        <field name="jarvis_stopgopautoapprovalwhitelist" value="False" />
      </record>
      <record id="4894e1de-d3d9-ed11-a7c7-000d3adf4820">
        <field name="createdby" value="d8710e27-9871-ed11-9561-000d3ad9bde0" lookupentity="systemuser" lookupentityname="Peter Thys" />
        <field name="createdon" value="2023-04-13T08:19:14.0000000Z" />
        <field name="jarvis_incidentnatureid" value="4894e1de-d3d9-ed11-a7c7-000d3adf4820" />
        <field name="modifiedby" value="d8710e27-9871-ed11-9561-000d3ad9bde0" lookupentity="systemuser" lookupentityname="Peter Thys" />
        <field name="modifiedon" value="2023-04-13T08:19:14.0000000Z" />
        <field name="jarvis_name" value="Transit vehicle" />
        <field name="ownerid" value="d8710e27-9871-ed11-9561-000d3ad9bde0" lookupentity="systemuser" lookupentityname="Peter Thys" />
        <field name="owningbusinessunit" value="c3ed74bc-152d-ed11-9db1-000d3adb48a2" lookupentity="businessunit" lookupentityname="org449d870c" />
        <field name="owninguser" value="d8710e27-9871-ed11-9561-000d3ad9bde0" lookupentity="systemuser" />
        <field name="statecode" value="0" />
        <field name="statuscode" value="1" />
        <field name="jarvis_stopgopautoapprovalcontract" value="False" />
        <field name="jarvis_stopgopautoapprovalwarranty" value="True" />
        <field name="jarvis_stopgopautoapprovalwhitelist" value="False" />
      </record>
      <record id="99886e1a-d4d9-ed11-a7c7-000d3adf4820">
        <field name="createdby" value="d8710e27-9871-ed11-9561-000d3ad9bde0" lookupentity="systemuser" lookupentityname="Peter Thys" />
        <field name="createdon" value="2023-04-13T08:20:56.0000000Z" />
        <field name="jarvis_incidentnatureid" value="99886e1a-d4d9-ed11-a7c7-000d3adf4820" />
        <field name="modifiedby" value="d8710e27-9871-ed11-9561-000d3ad9bde0" lookupentity="systemuser" lookupentityname="Peter Thys" />
        <field name="modifiedon" value="2023-04-13T08:20:56.0000000Z" />
        <field name="jarvis_name" value="Tacho" />
        <field name="ownerid" value="d8710e27-9871-ed11-9561-000d3ad9bde0" lookupentity="systemuser" lookupentityname="Peter Thys" />
        <field name="owningbusinessunit" value="c3ed74bc-152d-ed11-9db1-000d3adb48a2" lookupentity="businessunit" lookupentityname="org449d870c" />
        <field name="owninguser" value="d8710e27-9871-ed11-9561-000d3ad9bde0" lookupentity="systemuser" />
        <field name="statecode" value="0" />
        <field name="statuscode" value="1" />
        <field name="jarvis_stopgopautoapprovalcontract" value="False" />
        <field name="jarvis_stopgopautoapprovalwarranty" value="False" />
        <field name="jarvis_stopgopautoapprovalwhitelist" value="False" />
      </record>
      <record id="b2e9f820-d4d9-ed11-a7c7-000d3adf4820">
        <field name="createdby" value="d8710e27-9871-ed11-9561-000d3ad9bde0" lookupentity="systemuser" lookupentityname="Peter Thys" />
        <field name="createdon" value="2023-04-13T08:21:06.0000000Z" />
        <field name="jarvis_incidentnatureid" value="b2e9f820-d4d9-ed11-a7c7-000d3adf4820" />
        <field name="modifiedby" value="d8710e27-9871-ed11-9561-000d3ad9bde0" lookupentity="systemuser" lookupentityname="Peter Thys" />
        <field name="modifiedon" value="2023-04-13T08:21:06.0000000Z" />
        <field name="jarvis_name" value="Hybrid" />
        <field name="ownerid" value="d8710e27-9871-ed11-9561-000d3ad9bde0" lookupentity="systemuser" lookupentityname="Peter Thys" />
        <field name="owningbusinessunit" value="c3ed74bc-152d-ed11-9db1-000d3adb48a2" lookupentity="businessunit" lookupentityname="org449d870c" />
        <field name="owninguser" value="d8710e27-9871-ed11-9561-000d3ad9bde0" lookupentity="systemuser" />
        <field name="statecode" value="0" />
        <field name="statuscode" value="1" />
        <field name="jarvis_stopgopautoapprovalcontract" value="False" />
        <field name="jarvis_stopgopautoapprovalwarranty" value="False" />
        <field name="jarvis_stopgopautoapprovalwhitelist" value="False" />
      </record>
      <record id="20748739-b7d3-ed11-a7c7-0022489d0994">
        <field name="jarvis_incident" value="63b10514-4b77-4464-b862-7ddba65ed178" lookupentity="incident" lookupentityname="DEV-01001-V1M8V" />
        <field name="createdby" value="d8710e27-9871-ed11-9561-000d3ad9bde0" lookupentity="systemuser" lookupentityname="Peter Thys" />
        <field name="createdon" value="2023-04-05T13:39:12.0000000Z" />
        <field name="jarvis_incidentnatureid" value="20748739-b7d3-ed11-a7c7-0022489d0994" />
        <field name="modifiedby" value="8636ec02-d0da-44d0-b533-ecec99b40a7e" lookupentity="systemuser" lookupentityname="SYSTEM" />
        <field name="modifiedon" value="2023-05-10T11:53:46.0000000Z" />
        <field name="jarvis_name" value="Accident" />
        <field name="ownerid" value="d8710e27-9871-ed11-9561-000d3ad9bde0" lookupentity="systemuser" lookupentityname="Peter Thys" />
        <field name="owningbusinessunit" value="c3ed74bc-152d-ed11-9db1-000d3adb48a2" lookupentity="businessunit" lookupentityname="org449d870c" />
        <field name="owninguser" value="d8710e27-9871-ed11-9561-000d3ad9bde0" lookupentity="systemuser" />
        <field name="statecode" value="0" />
        <field name="statuscode" value="1" />
        <field name="jarvis_stopgopautoapprovalcontract" value="False" />
        <field name="jarvis_stopgopautoapprovalwarranty" value="True" />
        <field name="jarvis_stopgopautoapprovalwhitelist" value="False" />
      </record>
      <record id="b2db3364-b8d3-ed11-a7c7-0022489d0994">
        <field name="createdby" value="d8710e27-9871-ed11-9561-000d3ad9bde0" lookupentity="systemuser" lookupentityname="Peter Thys" />
        <field name="createdon" value="2023-04-05T13:47:30.0000000Z" />
        <field name="jarvis_incidentnatureid" value="b2db3364-b8d3-ed11-a7c7-0022489d0994" />
        <field name="modifiedby" value="d8710e27-9871-ed11-9561-000d3ad9bde0" lookupentity="systemuser" lookupentityname="Peter Thys" />
        <field name="modifiedon" value="2023-04-05T13:47:30.0000000Z" />
        <field name="jarvis_name" value="Biodiesel" />
        <field name="ownerid" value="d8710e27-9871-ed11-9561-000d3ad9bde0" lookupentity="systemuser" lookupentityname="Peter Thys" />
        <field name="owningbusinessunit" value="c3ed74bc-152d-ed11-9db1-000d3adb48a2" lookupentity="businessunit" lookupentityname="org449d870c" />
        <field name="owninguser" value="d8710e27-9871-ed11-9561-000d3ad9bde0" lookupentity="systemuser" />
        <field name="statecode" value="0" />
        <field name="statuscode" value="1" />
        <field name="jarvis_stopgopautoapprovalcontract" value="False" />
        <field name="jarvis_stopgopautoapprovalwarranty" value="False" />
        <field name="jarvis_stopgopautoapprovalwhitelist" value="False" />
      </record>
      <record id="3ab23ec9-3ed9-ed11-a7c7-0022489d0994">
        <field name="createdby" value="d8710e27-9871-ed11-9561-000d3ad9bde0" lookupentity="systemuser" lookupentityname="Peter Thys" />
        <field name="createdon" value="2023-04-12T14:32:02.0000000Z" />
        <field name="jarvis_incidentnatureid" value="3ab23ec9-3ed9-ed11-a7c7-0022489d0994" />
        <field name="jarvis_incidenttype" value="8cb9b9db-bb70-ed11-9561-000d3ad9bde0" lookupentity="msdyn_incidenttype" lookupentityname="Electric" />
        <field name="modifiedby" value="d8710e27-9871-ed11-9561-000d3ad9bde0" lookupentity="systemuser" lookupentityname="Peter Thys" />
        <field name="modifiedon" value="2023-04-12T14:32:02.0000000Z" />
        <field name="jarvis_name" value="Electric" />
        <field name="ownerid" value="d8710e27-9871-ed11-9561-000d3ad9bde0" lookupentity="systemuser" lookupentityname="Peter Thys" />
        <field name="owningbusinessunit" value="c3ed74bc-152d-ed11-9db1-000d3adb48a2" lookupentity="businessunit" lookupentityname="org449d870c" />
        <field name="owninguser" value="d8710e27-9871-ed11-9561-000d3ad9bde0" lookupentity="systemuser" />
        <field name="statecode" value="0" />
        <field name="statuscode" value="1" />
        <field name="jarvis_stopgopautoapprovalcontract" value="False" />
        <field name="jarvis_stopgopautoapprovalwarranty" value="False" />
        <field name="jarvis_stopgopautoapprovalwhitelist" value="False" />
      </record>
      <record id="208670ce-c8d9-ed11-a7c7-0022489d0994">
        <field name="createdby" value="d8710e27-9871-ed11-9561-000d3ad9bde0" lookupentity="systemuser" lookupentityname="Peter Thys" />
        <field name="createdon" value="2023-04-13T07:00:00.0000000Z" />
        <field name="jarvis_incidentnatureid" value="208670ce-c8d9-ed11-a7c7-0022489d0994" />
        <field name="jarvis_incidenttype" value="312bc22f-bc70-ed11-9561-000d3ad9bde0" lookupentity="msdyn_incidenttype" lookupentityname="Trailer Service and Repair" />
        <field name="modifiedby" value="d8710e27-9871-ed11-9561-000d3ad9bde0" lookupentity="systemuser" lookupentityname="Peter Thys" />
        <field name="modifiedon" value="2023-04-13T07:00:00.0000000Z" />
        <field name="jarvis_name" value="Trailer" />
        <field name="ownerid" value="d8710e27-9871-ed11-9561-000d3ad9bde0" lookupentity="systemuser" lookupentityname="Peter Thys" />
        <field name="owningbusinessunit" value="c3ed74bc-152d-ed11-9db1-000d3adb48a2" lookupentity="businessunit" lookupentityname="org449d870c" />
        <field name="owninguser" value="d8710e27-9871-ed11-9561-000d3ad9bde0" lookupentity="systemuser" />
        <field name="statecode" value="0" />
        <field name="statuscode" value="1" />
        <field name="jarvis_stopgopautoapprovalcontract" value="False" />
        <field name="jarvis_stopgopautoapprovalwarranty" value="True" />
        <field name="jarvis_stopgopautoapprovalwhitelist" value="False" />
      </record>
      <record id="8dd16353-c9d9-ed11-a7c7-0022489d0994">
        <field name="createdby" value="d8710e27-9871-ed11-9561-000d3ad9bde0" lookupentity="systemuser" lookupentityname="Peter Thys" />
        <field name="createdon" value="2023-04-13T07:03:43.0000000Z" />
        <field name="jarvis_incidentnatureid" value="8dd16353-c9d9-ed11-a7c7-0022489d0994" />
        <field name="modifiedby" value="d8710e27-9871-ed11-9561-000d3ad9bde0" lookupentity="systemuser" lookupentityname="Peter Thys" />
        <field name="modifiedon" value="2023-04-13T07:08:59.0000000Z" />
        <field name="jarvis_name" value="Truck" />
        <field name="ownerid" value="d8710e27-9871-ed11-9561-000d3ad9bde0" lookupentity="systemuser" lookupentityname="Peter Thys" />
        <field name="owningbusinessunit" value="c3ed74bc-152d-ed11-9db1-000d3adb48a2" lookupentity="businessunit" lookupentityname="org449d870c" />
        <field name="owninguser" value="d8710e27-9871-ed11-9561-000d3ad9bde0" lookupentity="systemuser" />
        <field name="statecode" value="0" />
        <field name="statuscode" value="1" />
        <field name="jarvis_stopgopautoapprovalcontract" value="False" />
        <field name="jarvis_stopgopautoapprovalwarranty" value="False" />
        <field name="jarvis_stopgopautoapprovalwhitelist" value="False" />
      </record>
      <record id="33d0d960-c9d9-ed11-a7c7-0022489d0994">
        <field name="createdby" value="d8710e27-9871-ed11-9561-000d3ad9bde0" lookupentity="systemuser" lookupentityname="Peter Thys" />
        <field name="createdon" value="2023-04-13T07:04:06.0000000Z" />
        <field name="jarvis_incidentnatureid" value="33d0d960-c9d9-ed11-a7c7-0022489d0994" />
        <field name="jarvis_incidenttype" value="508e7dc5-bb70-ed11-9561-000d3ad9bde0" lookupentity="msdyn_incidenttype" lookupentityname="Volvo Bus" />
        <field name="modifiedby" value="d8710e27-9871-ed11-9561-000d3ad9bde0" lookupentity="systemuser" lookupentityname="Peter Thys" />
        <field name="modifiedon" value="2023-04-13T07:04:26.0000000Z" />
        <field name="jarvis_name" value="Bus" />
        <field name="ownerid" value="d8710e27-9871-ed11-9561-000d3ad9bde0" lookupentity="systemuser" lookupentityname="Peter Thys" />
        <field name="owningbusinessunit" value="c3ed74bc-152d-ed11-9db1-000d3adb48a2" lookupentity="businessunit" lookupentityname="org449d870c" />
        <field name="owninguser" value="d8710e27-9871-ed11-9561-000d3ad9bde0" lookupentity="systemuser" />
        <field name="statecode" value="0" />
        <field name="statuscode" value="1" />
        <field name="jarvis_stopgopautoapprovalcontract" value="False" />
        <field name="jarvis_stopgopautoapprovalwarranty" value="False" />
        <field name="jarvis_stopgopautoapprovalwhitelist" value="False" />
      </record>
    </records>
    <m2mrelationships>
      <m2mrelationship sourceid="cb79fc52-d490-ed11-aad1-000d3ad9b609" targetentityname="incident" targetentitynameidfield="incidentid" m2mrelationshipname="jarvis_incident_jarvis_incidentnature">
        <targetids>
          <targetid>14bade1d-b266-41ce-abef-d3193929ebb0</targetid>
        </targetids>
      </m2mrelationship>
    </m2mrelationships>
  </entity>
</entities>