<entities >
  <entity name="jarvis_incidentnature" displayname="Incident Nature" etc="10989" primaryidfield="jarvis_incidentnatureid" primarynamefield="jarvis_name" disableplugins="false">
    <fields>
      <field displayname="Case" name="jarvis_incident" type="entityreference" lookupType="incident" customfield="true" />
      <field displayname="Created By" name="createdby" type="entityreference" lookupType="systemuser" />
      <field displayname="Created By (Delegate)" name="createdonbehalfby" type="entityreference" lookupType="systemuser" />
      <field displayname="Created On" name="createdon" type="datetime" />
      <field displayname="Description" name="jarvis_description" type="string" customfield="true" />
      <field displayname="Import Sequence Number" name="importsequencenumber" type="number" />
      <field displayname="Incident Nature" name="jarvis_incidentnatureid" type="guid" primaryKey="true" />
      <field displayname="Incident Type" name="jarvis_incidenttype" type="entityreference" lookupType="msdyn_incidenttype" customfield="true" />
      <field displayname="Modified By" name="modifiedby" type="entityreference" lookupType="systemuser" />
      <field displayname="Modified By (Delegate)" name="modifiedonbehalfby" type="entityreference" lookupType="systemuser" />
      <field displayname="Modified On" name="modifiedon" type="datetime" />
      <field displayname="Name" name="jarvis_name" type="string" customfield="true" />
      <field displayname="Owner" name="ownerid" type="owner" />
      <field displayname="Owning Business Unit" name="owningbusinessunit" type="entityreference" lookupType="businessunit" />
      <field displayname="Owning Team" name="owningteam" type="entityreference" lookupType="team" />
      <field displayname="Owning User" name="owninguser" type="entityreference" lookupType="systemuser" />
      <field displayname="Record Created On" name="overriddencreatedon" type="datetime" />
      <field displayname="Status" name="statecode" type="state" />
      <field displayname="Status Reason" name="statuscode" type="status" />
      <field displayname="STOP GOP Auto-Approval Contract" name="jarvis_stopgopautoapprovalcontract" type="bool" customfield="true" />
      <field displayname="STOP GOP Auto-Approval Warranty" name="jarvis_stopgopautoapprovalwarranty" type="bool" customfield="true" />
      <field displayname="STOP GOP Auto-Approval Whitelist" name="jarvis_stopgopautoapprovalwhitelist" type="bool" customfield="true" />
      <field displayname="Time Zone Rule Version Number" name="timezoneruleversionnumber" type="number" />
      <field displayname="UTC Conversion Time Zone Code" name="utcconversiontimezonecode" type="number" />
      <field displayname="Vehicle - Fuel/Power Type" name="jarvis_vehiclefuelpowertype" type="entityreference" lookupType="jarvis_vehiclefuelpowertype" customfield="true" />
      <field displayname="Version Number" name="versionnumber" type="bigint" />
    </fields>
    <relationships>
      <relationship name="jarvis_incident_jarvis_incidentnature" manyToMany="true" isreflexive="false" relatedEntityName="jarvis_incident_jarvis_incidentnature" m2mTargetEntity="incident" m2mTargetEntityPrimaryKey="incidentid" />
    </relationships>
  </entity>
</entities>