
<entities xmlns:xsd="http://www.w3.org/2001/XMLSchema" xmlns:xsi="http://www.w3.org/2001/XMLSchema-instance" timestamp="2023-03-31T12:49:18.9985110Z">
  <entity name="site" displayname="Site">
    <records>
      <record id="c0cf62a5-ddce-ed11-b597-0022489d0546">
        <field name="address1_addresstypecode" value="1" />
        <field name="address1_addressid" value="2e84b22e-c5b3-4d27-a3e9-dbfc75995363" />
        <field name="address1_shippingmethodcode" value="1" />
        <field name="address2_addresstypecode" value="1" />
        <field name="address2_addressid" value="d8c2cb9f-381e-440a-b88a-2f7c24ff864f" />
        <field name="address2_shippingmethodcode" value="1" />
        <field name="name" value="Gent" />
        <field name="siteid" value="c0cf62a5-ddce-ed11-b597-0022489d0546" />
        <field name="timezonecode" value="95" />
      </record>
      <record id="2f8a99ab-ddce-ed11-b597-0022489d0546">
        <field name="address1_addresstypecode" value="1" />
        <field name="address1_addressid" value="dd4e5294-40ec-45bf-adae-3120eadf91e0" />
        <field name="address1_shippingmethodcode" value="1" />
        <field name="address2_addresstypecode" value="1" />
        <field name="address2_addressid" value="f890940d-1368-4035-bf7f-3c366143c916" />
        <field name="address2_shippingmethodcode" value="1" />
        <field name="name" value="Johannesburg" />
        <field name="siteid" value="2f8a99ab-ddce-ed11-b597-0022489d0546" />
        <field name="timezonecode" value="95" />
      </record>
      <record id="1972aeb1-ddce-ed11-b597-0022489d0546">
        <field name="address1_addresstypecode" value="1" />
        <field name="address1_addressid" value="3993f4ab-7266-49f8-a65d-eaf8c23f97fe" />
        <field name="address1_shippingmethodcode" value="1" />
        <field name="address2_addresstypecode" value="1" />
        <field name="address2_addressid" value="52bfb3e8-75e2-4209-b8ec-5bcaf5dca2eb" />
        <field name="address2_shippingmethodcode" value="1" />
        <field name="name" value="Rugby UK" />
        <field name="siteid" value="1972aeb1-ddce-ed11-b597-0022489d0546" />
        <field name="timezonecode" value="95" />
      </record>
    </records>
    <m2mrelationships />
  </entity>
</entities>