
<entities xmlns:xsd="http://www.w3.org/2001/XMLSchema" xmlns:xsi="http://www.w3.org/2001/XMLSchema-instance" timestamp="2022-11-18T08:59:25.7949375Z">
  <entity name="account" displayname="Account">
    <records>
      <record id="2d655101-0367-ed11-9561-000d3adf4843">
        <field name="name" value="Test Account" />
        <field name="accountid" value="2d655101-0367-ed11-9561-000d3adf4843" />
      </record>
      <record id="597e1d0e-0367-ed11-9561-000d3adf4843">
        <field name="name" value="Test Account 2" />
        <field name="accountid" value="597e1d0e-0367-ed11-9561-000d3adf4843" />
      </record>
    </records>
    <m2mrelationships />
  </entity>
</entities>