
<entities xmlns:xsd="http://www.w3.org/2001/XMLSchema" xmlns:xsi="http://www.w3.org/2001/XMLSchema-instance" timestamp="2023-04-17T08:48:05.8771051Z">
  <entity name="jarvis_warranty" displayname="GOP - Warranty">
    <records>
      <record id="8d43ac01-4ad9-ed11-a7c7-000d3addc90f">
        <field name="jarvis_brand" value="4a59b47e-176b-ed11-9561-0022489d0994" lookupentity="jarvis_brand" lookupentityname="Volvo Trucks" />
        <field name="jarvis_caselocation" value="334030001" />
        <field name="jarvis_country" value="b59f7664-536b-ed11-9562-000d3addc3f9" lookupentity="jarvis_country" lookupentityname="Germany" />
        <field name="createdby" value="154ef5e2-7e2f-ed11-9db1-0022489db736" lookupentity="systemuser" lookupentityname="Stephan Mars" />
        <field name="createdon" value="2023-04-12T15:52:42.0000000Z" />
        <field name="transactioncurrencyid" value="a457f830-732d-ed11-9db1-000d3adb48a2" lookupentity="transactioncurrency" lookupentityname="Euro" />
        <field name="exchangerate" value="1.000000000000" />
        <field name="jarvis_gopamount" value="1200.0000000000" />
        <field name="jarvis_gopamount_base" value="1200.0000000000" />
        <field name="jarvis_gopautoapproved" value="False" />
        <field name="importsequencenumber" value="43" />
        <field name="jarvis_mileagelimit" value="300000.0000000000" />
        <field name="jarvis_mileageunit" value="841697d6-176b-ed11-9561-0022489d0994" lookupentity="jarvis_mileage" lookupentityname="km" />
        <field name="modifiedby" value="154ef5e2-7e2f-ed11-9db1-0022489db736" lookupentity="systemuser" lookupentityname="Stephan Mars" />
        <field name="modifiedon" value="2023-04-12T15:52:42.0000000Z" />
        <field name="jarvis_name" value="2nd Year - Warranty for DACH" />
        <field name="ownerid" value="154ef5e2-7e2f-ed11-9db1-0022489db736" lookupentity="systemuser" lookupentityname="Stephan Mars" />
        <field name="owningbusinessunit" value="c3ed74bc-152d-ed11-9db1-000d3adb48a2" lookupentity="businessunit" lookupentityname="org449d870c" />
        <field name="owninguser" value="154ef5e2-7e2f-ed11-9db1-0022489db736" lookupentity="systemuser" />
        <field name="statecode" value="0" />
        <field name="statuscode" value="1" />
        <field name="jarvis_warrantyid" value="8d43ac01-4ad9-ed11-a7c7-000d3addc90f" />
        <field name="jarvis_warrantyyear" value="2" />
      </record>
      <record id="8f43ac01-4ad9-ed11-a7c7-000d3addc90f">
        <field name="jarvis_brand" value="4a59b47e-176b-ed11-9561-0022489d0994" lookupentity="jarvis_brand" lookupentityname="Volvo Trucks" />
        <field name="jarvis_caselocation" value="334030001" />
        <field name="jarvis_country" value="77a07664-536b-ed11-9562-000d3addc3f9" lookupentity="jarvis_country" lookupentityname="Netherlands" />
        <field name="createdby" value="154ef5e2-7e2f-ed11-9db1-0022489db736" lookupentity="systemuser" lookupentityname="Stephan Mars" />
        <field name="createdon" value="2023-04-12T15:52:42.0000000Z" />
        <field name="transactioncurrencyid" value="a457f830-732d-ed11-9db1-000d3adb48a2" lookupentity="transactioncurrency" lookupentityname="Euro" />
        <field name="exchangerate" value="1.000000000000" />
        <field name="jarvis_gopamount" value="600.0000000000" />
        <field name="jarvis_gopamount_base" value="600.0000000000" />
        <field name="jarvis_gopautoapproved" value="False" />
        <field name="importsequencenumber" value="43" />
        <field name="jarvis_mileagelimit" value="100000000000.0000000000" />
        <field name="jarvis_mileageunit" value="841697d6-176b-ed11-9561-0022489d0994" lookupentity="jarvis_mileage" lookupentityname="km" />
        <field name="modifiedby" value="154ef5e2-7e2f-ed11-9db1-0022489db736" lookupentity="systemuser" lookupentityname="Stephan Mars" />
        <field name="modifiedon" value="2023-04-12T15:52:42.0000000Z" />
        <field name="jarvis_name" value="1st Year - Warranty for Netherlands" />
        <field name="ownerid" value="154ef5e2-7e2f-ed11-9db1-0022489db736" lookupentity="systemuser" lookupentityname="Stephan Mars" />
        <field name="owningbusinessunit" value="c3ed74bc-152d-ed11-9db1-000d3adb48a2" lookupentity="businessunit" lookupentityname="org449d870c" />
        <field name="owninguser" value="154ef5e2-7e2f-ed11-9db1-0022489db736" lookupentity="systemuser" />
        <field name="statecode" value="0" />
        <field name="statuscode" value="1" />
        <field name="jarvis_warrantyid" value="8f43ac01-4ad9-ed11-a7c7-000d3addc90f" />
        <field name="jarvis_warrantyyear" value="1" />
      </record>
      <record id="9143ac01-4ad9-ed11-a7c7-000d3addc90f">
        <field name="jarvis_brand" value="4a59b47e-176b-ed11-9561-0022489d0994" lookupentity="jarvis_brand" lookupentityname="Volvo Trucks" />
        <field name="jarvis_caselocation" value="334030001" />
        <field name="jarvis_country" value="77a07664-536b-ed11-9562-000d3addc3f9" lookupentity="jarvis_country" lookupentityname="Netherlands" />
        <field name="createdby" value="154ef5e2-7e2f-ed11-9db1-0022489db736" lookupentity="systemuser" lookupentityname="Stephan Mars" />
        <field name="createdon" value="2023-04-12T15:52:42.0000000Z" />
        <field name="transactioncurrencyid" value="a457f830-732d-ed11-9db1-000d3adb48a2" lookupentity="transactioncurrency" lookupentityname="Euro" />
        <field name="exchangerate" value="1.000000000000" />
        <field name="jarvis_gopamount" value="1200.0000000000" />
        <field name="jarvis_gopamount_base" value="1200.0000000000" />
        <field name="jarvis_gopautoapproved" value="False" />
        <field name="importsequencenumber" value="43" />
        <field name="jarvis_mileagelimit" value="300000.0000000000" />
        <field name="jarvis_mileageunit" value="841697d6-176b-ed11-9561-0022489d0994" lookupentity="jarvis_mileage" lookupentityname="km" />
        <field name="modifiedby" value="154ef5e2-7e2f-ed11-9db1-0022489db736" lookupentity="systemuser" lookupentityname="Stephan Mars" />
        <field name="modifiedon" value="2023-04-12T15:52:42.0000000Z" />
        <field name="jarvis_name" value="2nd Year Warranty for Netherlands" />
        <field name="ownerid" value="154ef5e2-7e2f-ed11-9db1-0022489db736" lookupentity="systemuser" lookupentityname="Stephan Mars" />
        <field name="owningbusinessunit" value="c3ed74bc-152d-ed11-9db1-000d3adb48a2" lookupentity="businessunit" lookupentityname="org449d870c" />
        <field name="owninguser" value="154ef5e2-7e2f-ed11-9db1-0022489db736" lookupentity="systemuser" />
        <field name="statecode" value="0" />
        <field name="statuscode" value="1" />
        <field name="jarvis_warrantyid" value="9143ac01-4ad9-ed11-a7c7-000d3addc90f" />
        <field name="jarvis_warrantyyear" value="2" />
      </record>
      <record id="9343ac01-4ad9-ed11-a7c7-000d3addc90f">
        <field name="jarvis_brand" value="4a59b47e-176b-ed11-9561-0022489d0994" lookupentity="jarvis_brand" lookupentityname="Volvo Trucks" />
        <field name="jarvis_caselocation" value="334030000" />
        <field name="jarvis_country" value="77a07664-536b-ed11-9562-000d3addc3f9" lookupentity="jarvis_country" lookupentityname="Netherlands" />
        <field name="createdby" value="154ef5e2-7e2f-ed11-9db1-0022489db736" lookupentity="systemuser" lookupentityname="Stephan Mars" />
        <field name="createdon" value="2023-04-12T15:52:42.0000000Z" />
        <field name="transactioncurrencyid" value="a457f830-732d-ed11-9db1-000d3adb48a2" lookupentity="transactioncurrency" lookupentityname="Euro" />
        <field name="exchangerate" value="1.000000000000" />
        <field name="jarvis_gopamount" value="600.0000000000" />
        <field name="jarvis_gopamount_base" value="600.0000000000" />
        <field name="jarvis_gopautoapproved" value="False" />
        <field name="importsequencenumber" value="43" />
        <field name="jarvis_mileagelimit" value="100000000000.0000000000" />
        <field name="jarvis_mileageunit" value="841697d6-176b-ed11-9561-0022489d0994" lookupentity="jarvis_mileage" lookupentityname="km" />
        <field name="modifiedby" value="154ef5e2-7e2f-ed11-9db1-0022489db736" lookupentity="systemuser" lookupentityname="Stephan Mars" />
        <field name="modifiedon" value="2023-04-12T15:52:42.0000000Z" />
        <field name="jarvis_name" value="1st Year - Warranty for Netherlands" />
        <field name="ownerid" value="154ef5e2-7e2f-ed11-9db1-0022489db736" lookupentity="systemuser" lookupentityname="Stephan Mars" />
        <field name="owningbusinessunit" value="c3ed74bc-152d-ed11-9db1-000d3adb48a2" lookupentity="businessunit" lookupentityname="org449d870c" />
        <field name="owninguser" value="154ef5e2-7e2f-ed11-9db1-0022489db736" lookupentity="systemuser" />
        <field name="statecode" value="0" />
        <field name="statuscode" value="1" />
        <field name="jarvis_warrantyid" value="9343ac01-4ad9-ed11-a7c7-000d3addc90f" />
        <field name="jarvis_warrantyyear" value="1" />
      </record>
      <record id="9543ac01-4ad9-ed11-a7c7-000d3addc90f">
        <field name="jarvis_brand" value="4a59b47e-176b-ed11-9561-0022489d0994" lookupentity="jarvis_brand" lookupentityname="Volvo Trucks" />
        <field name="jarvis_caselocation" value="334030000" />
        <field name="jarvis_country" value="77a07664-536b-ed11-9562-000d3addc3f9" lookupentity="jarvis_country" lookupentityname="Netherlands" />
        <field name="createdby" value="154ef5e2-7e2f-ed11-9db1-0022489db736" lookupentity="systemuser" lookupentityname="Stephan Mars" />
        <field name="createdon" value="2023-04-12T15:52:42.0000000Z" />
        <field name="transactioncurrencyid" value="a457f830-732d-ed11-9db1-000d3adb48a2" lookupentity="transactioncurrency" lookupentityname="Euro" />
        <field name="exchangerate" value="1.000000000000" />
        <field name="jarvis_gopamount" value="1200.0000000000" />
        <field name="jarvis_gopamount_base" value="1200.0000000000" />
        <field name="jarvis_gopautoapproved" value="False" />
        <field name="importsequencenumber" value="43" />
        <field name="jarvis_mileagelimit" value="300000.0000000000" />
        <field name="jarvis_mileageunit" value="841697d6-176b-ed11-9561-0022489d0994" lookupentity="jarvis_mileage" lookupentityname="km" />
        <field name="modifiedby" value="154ef5e2-7e2f-ed11-9db1-0022489db736" lookupentity="systemuser" lookupentityname="Stephan Mars" />
        <field name="modifiedon" value="2023-04-12T15:52:42.0000000Z" />
        <field name="jarvis_name" value="2nd Year Warranty for Netherlands" />
        <field name="ownerid" value="154ef5e2-7e2f-ed11-9db1-0022489db736" lookupentity="systemuser" lookupentityname="Stephan Mars" />
        <field name="owningbusinessunit" value="c3ed74bc-152d-ed11-9db1-000d3adb48a2" lookupentity="businessunit" lookupentityname="org449d870c" />
        <field name="owninguser" value="154ef5e2-7e2f-ed11-9db1-0022489db736" lookupentity="systemuser" />
        <field name="statecode" value="0" />
        <field name="statuscode" value="1" />
        <field name="jarvis_warrantyid" value="9543ac01-4ad9-ed11-a7c7-000d3addc90f" />
        <field name="jarvis_warrantyyear" value="2" />
      </record>
      <record id="9743ac01-4ad9-ed11-a7c7-000d3addc90f">
        <field name="jarvis_brand" value="4a59b47e-176b-ed11-9561-0022489d0994" lookupentity="jarvis_brand" lookupentityname="Volvo Trucks" />
        <field name="jarvis_caselocation" value="334030001" />
        <field name="jarvis_country" value="b39f7664-536b-ed11-9562-000d3addc3f9" lookupentity="jarvis_country" lookupentityname="Belgium" />
        <field name="createdby" value="154ef5e2-7e2f-ed11-9db1-0022489db736" lookupentity="systemuser" lookupentityname="Stephan Mars" />
        <field name="createdon" value="2023-04-12T15:52:42.0000000Z" />
        <field name="transactioncurrencyid" value="a457f830-732d-ed11-9db1-000d3adb48a2" lookupentity="transactioncurrency" lookupentityname="Euro" />
        <field name="exchangerate" value="1.000000000000" />
        <field name="jarvis_gopamount" value="600.0000000000" />
        <field name="jarvis_gopamount_base" value="600.0000000000" />
        <field name="jarvis_gopautoapproved" value="False" />
        <field name="importsequencenumber" value="43" />
        <field name="jarvis_mileagelimit" value="100000000000.0000000000" />
        <field name="jarvis_mileageunit" value="841697d6-176b-ed11-9561-0022489d0994" lookupentity="jarvis_mileage" lookupentityname="km" />
        <field name="modifiedby" value="154ef5e2-7e2f-ed11-9db1-0022489db736" lookupentity="systemuser" lookupentityname="Stephan Mars" />
        <field name="modifiedon" value="2023-04-12T15:52:42.0000000Z" />
        <field name="jarvis_name" value="1st Year - Warranty for Belgium" />
        <field name="ownerid" value="154ef5e2-7e2f-ed11-9db1-0022489db736" lookupentity="systemuser" lookupentityname="Stephan Mars" />
        <field name="owningbusinessunit" value="c3ed74bc-152d-ed11-9db1-000d3adb48a2" lookupentity="businessunit" lookupentityname="org449d870c" />
        <field name="owninguser" value="154ef5e2-7e2f-ed11-9db1-0022489db736" lookupentity="systemuser" />
        <field name="statecode" value="0" />
        <field name="statuscode" value="1" />
        <field name="jarvis_warrantyid" value="9743ac01-4ad9-ed11-a7c7-000d3addc90f" />
        <field name="jarvis_warrantyyear" value="1" />
      </record>
      <record id="9943ac01-4ad9-ed11-a7c7-000d3addc90f">
        <field name="jarvis_brand" value="4a59b47e-176b-ed11-9561-0022489d0994" lookupentity="jarvis_brand" lookupentityname="Volvo Trucks" />
        <field name="jarvis_caselocation" value="334030001" />
        <field name="jarvis_country" value="b39f7664-536b-ed11-9562-000d3addc3f9" lookupentity="jarvis_country" lookupentityname="Belgium" />
        <field name="createdby" value="154ef5e2-7e2f-ed11-9db1-0022489db736" lookupentity="systemuser" lookupentityname="Stephan Mars" />
        <field name="createdon" value="2023-04-12T15:52:42.0000000Z" />
        <field name="transactioncurrencyid" value="a457f830-732d-ed11-9db1-000d3adb48a2" lookupentity="transactioncurrency" lookupentityname="Euro" />
        <field name="exchangerate" value="1.000000000000" />
        <field name="jarvis_gopamount" value="1200.0000000000" />
        <field name="jarvis_gopamount_base" value="1200.0000000000" />
        <field name="jarvis_gopautoapproved" value="False" />
        <field name="importsequencenumber" value="43" />
        <field name="jarvis_mileagelimit" value="300000.0000000000" />
        <field name="jarvis_mileageunit" value="841697d6-176b-ed11-9561-0022489d0994" lookupentity="jarvis_mileage" lookupentityname="km" />
        <field name="modifiedby" value="154ef5e2-7e2f-ed11-9db1-0022489db736" lookupentity="systemuser" lookupentityname="Stephan Mars" />
        <field name="modifiedon" value="2023-04-12T15:52:42.0000000Z" />
        <field name="jarvis_name" value="2nd Year Warranty for Belgium" />
        <field name="ownerid" value="154ef5e2-7e2f-ed11-9db1-0022489db736" lookupentity="systemuser" lookupentityname="Stephan Mars" />
        <field name="owningbusinessunit" value="c3ed74bc-152d-ed11-9db1-000d3adb48a2" lookupentity="businessunit" lookupentityname="org449d870c" />
        <field name="owninguser" value="154ef5e2-7e2f-ed11-9db1-0022489db736" lookupentity="systemuser" />
        <field name="statecode" value="0" />
        <field name="statuscode" value="1" />
        <field name="jarvis_warrantyid" value="9943ac01-4ad9-ed11-a7c7-000d3addc90f" />
        <field name="jarvis_warrantyyear" value="2" />
      </record>
      <record id="9b43ac01-4ad9-ed11-a7c7-000d3addc90f">
        <field name="jarvis_brand" value="4a59b47e-176b-ed11-9561-0022489d0994" lookupentity="jarvis_brand" lookupentityname="Volvo Trucks" />
        <field name="jarvis_caselocation" value="334030000" />
        <field name="jarvis_country" value="b39f7664-536b-ed11-9562-000d3addc3f9" lookupentity="jarvis_country" lookupentityname="Belgium" />
        <field name="createdby" value="154ef5e2-7e2f-ed11-9db1-0022489db736" lookupentity="systemuser" lookupentityname="Stephan Mars" />
        <field name="createdon" value="2023-04-12T15:52:42.0000000Z" />
        <field name="transactioncurrencyid" value="a457f830-732d-ed11-9db1-000d3adb48a2" lookupentity="transactioncurrency" lookupentityname="Euro" />
        <field name="exchangerate" value="1.000000000000" />
        <field name="jarvis_gopamount" value="600.0000000000" />
        <field name="jarvis_gopamount_base" value="600.0000000000" />
        <field name="jarvis_gopautoapproved" value="False" />
        <field name="importsequencenumber" value="43" />
        <field name="jarvis_mileagelimit" value="100000000000.0000000000" />
        <field name="jarvis_mileageunit" value="841697d6-176b-ed11-9561-0022489d0994" lookupentity="jarvis_mileage" lookupentityname="km" />
        <field name="modifiedby" value="154ef5e2-7e2f-ed11-9db1-0022489db736" lookupentity="systemuser" lookupentityname="Stephan Mars" />
        <field name="modifiedon" value="2023-04-12T15:52:42.0000000Z" />
        <field name="jarvis_name" value="1st Year - Warranty for Belgium" />
        <field name="ownerid" value="154ef5e2-7e2f-ed11-9db1-0022489db736" lookupentity="systemuser" lookupentityname="Stephan Mars" />
        <field name="owningbusinessunit" value="c3ed74bc-152d-ed11-9db1-000d3adb48a2" lookupentity="businessunit" lookupentityname="org449d870c" />
        <field name="owninguser" value="154ef5e2-7e2f-ed11-9db1-0022489db736" lookupentity="systemuser" />
        <field name="statecode" value="0" />
        <field name="statuscode" value="1" />
        <field name="jarvis_warrantyid" value="9b43ac01-4ad9-ed11-a7c7-000d3addc90f" />
        <field name="jarvis_warrantyyear" value="1" />
      </record>
      <record id="9d43ac01-4ad9-ed11-a7c7-000d3addc90f">
        <field name="jarvis_brand" value="4a59b47e-176b-ed11-9561-0022489d0994" lookupentity="jarvis_brand" lookupentityname="Volvo Trucks" />
        <field name="jarvis_caselocation" value="334030000" />
        <field name="jarvis_country" value="b39f7664-536b-ed11-9562-000d3addc3f9" lookupentity="jarvis_country" lookupentityname="Belgium" />
        <field name="createdby" value="154ef5e2-7e2f-ed11-9db1-0022489db736" lookupentity="systemuser" lookupentityname="Stephan Mars" />
        <field name="createdon" value="2023-04-12T15:52:42.0000000Z" />
        <field name="transactioncurrencyid" value="a457f830-732d-ed11-9db1-000d3adb48a2" lookupentity="transactioncurrency" lookupentityname="Euro" />
        <field name="exchangerate" value="1.000000000000" />
        <field name="jarvis_gopamount" value="1200.0000000000" />
        <field name="jarvis_gopamount_base" value="1200.0000000000" />
        <field name="jarvis_gopautoapproved" value="False" />
        <field name="importsequencenumber" value="43" />
        <field name="jarvis_mileagelimit" value="300000.0000000000" />
        <field name="jarvis_mileageunit" value="841697d6-176b-ed11-9561-0022489d0994" lookupentity="jarvis_mileage" lookupentityname="km" />
        <field name="modifiedby" value="154ef5e2-7e2f-ed11-9db1-0022489db736" lookupentity="systemuser" lookupentityname="Stephan Mars" />
        <field name="modifiedon" value="2023-04-12T15:52:42.0000000Z" />
        <field name="jarvis_name" value="2nd Year Warranty for Belgium" />
        <field name="ownerid" value="154ef5e2-7e2f-ed11-9db1-0022489db736" lookupentity="systemuser" lookupentityname="Stephan Mars" />
        <field name="owningbusinessunit" value="c3ed74bc-152d-ed11-9db1-000d3adb48a2" lookupentity="businessunit" lookupentityname="org449d870c" />
        <field name="owninguser" value="154ef5e2-7e2f-ed11-9db1-0022489db736" lookupentity="systemuser" />
        <field name="statecode" value="0" />
        <field name="statuscode" value="1" />
        <field name="jarvis_warrantyid" value="9d43ac01-4ad9-ed11-a7c7-000d3addc90f" />
        <field name="jarvis_warrantyyear" value="2" />
      </record>
    </records>
    <m2mrelationships />
  </entity>
</entities>