
<entities xmlns:xsd="http://www.w3.org/2001/XMLSchema" xmlns:xsi="http://www.w3.org/2001/XMLSchema-instance" timestamp="2023-04-13T18:17:34.2696728Z">
  <entity name="jarvis_decisioncategory" displayname="Query Decision Category">
    <records>
      <record id="a69efada-40b8-ed11-83fe-000d3ab1495c">
        <field name="jarvis_autoclose" value="True" />
        <field name="createdby" value="293ebda2-985a-ed11-9562-000d3adf4843" lookupentity="systemuser" lookupentityname="Swathi Sathish Kumar" />
        <field name="createdon" value="2023-03-01T14:53:42.0000000Z" />
        <field name="jarvis_decisioncategoryid" value="a69efada-40b8-ed11-83fe-000d3ab1495c" />
        <field name="modifiedby" value="293ebda2-985a-ed11-9562-000d3adf4843" lookupentity="systemuser" lookupentityname="Swathi Sathish Kumar" />
        <field name="modifiedon" value="2023-03-01T14:53:42.0000000Z" />
        <field name="jarvis_name" value="HD/Customer pays all" />
        <field name="ownerid" value="293ebda2-985a-ed11-9562-000d3adf4843" lookupentity="systemuser" lookupentityname="Swathi Sathish Kumar" />
        <field name="owningbusinessunit" value="c3ed74bc-152d-ed11-9db1-000d3adb48a2" lookupentity="businessunit" lookupentityname="org449d870c" />
        <field name="owninguser" value="293ebda2-985a-ed11-9562-000d3adf4843" lookupentity="systemuser" />
        <field name="statecode" value="0" />
        <field name="statuscode" value="1" />
      </record>
      <record id="12f092e4-40b8-ed11-83fe-000d3ab1495c">
        <field name="jarvis_autoclose" value="True" />
        <field name="createdby" value="293ebda2-985a-ed11-9562-000d3adf4843" lookupentity="systemuser" lookupentityname="Swathi Sathish Kumar" />
        <field name="createdon" value="2023-03-01T14:53:58.0000000Z" />
        <field name="jarvis_decisioncategoryid" value="12f092e4-40b8-ed11-83fe-000d3ab1495c" />
        <field name="modifiedby" value="293ebda2-985a-ed11-9562-000d3adf4843" lookupentity="systemuser" lookupentityname="Swathi Sathish Kumar" />
        <field name="modifiedon" value="2023-03-01T14:53:58.0000000Z" />
        <field name="jarvis_name" value="Fault Corrected" />
        <field name="ownerid" value="293ebda2-985a-ed11-9562-000d3adf4843" lookupentity="systemuser" lookupentityname="Swathi Sathish Kumar" />
        <field name="owningbusinessunit" value="c3ed74bc-152d-ed11-9db1-000d3adb48a2" lookupentity="businessunit" lookupentityname="org449d870c" />
        <field name="owninguser" value="293ebda2-985a-ed11-9562-000d3adf4843" lookupentity="systemuser" />
        <field name="statecode" value="0" />
        <field name="statuscode" value="1" />
      </record>
      <record id="f5fc0fec-40b8-ed11-83fe-000d3ab1495c">
        <field name="jarvis_autoclose" value="False" />
        <field name="createdby" value="293ebda2-985a-ed11-9562-000d3adf4843" lookupentity="systemuser" lookupentityname="Swathi Sathish Kumar" />
        <field name="createdon" value="2023-03-01T14:54:10.0000000Z" />
        <field name="jarvis_decisioncategoryid" value="f5fc0fec-40b8-ed11-83fe-000d3ab1495c" />
        <field name="modifiedby" value="293ebda2-985a-ed11-9562-000d3adf4843" lookupentity="systemuser" lookupentityname="Swathi Sathish Kumar" />
        <field name="modifiedon" value="2023-03-01T14:54:10.0000000Z" />
        <field name="jarvis_name" value="Warranty" />
        <field name="ownerid" value="293ebda2-985a-ed11-9562-000d3adf4843" lookupentity="systemuser" lookupentityname="Swathi Sathish Kumar" />
        <field name="owningbusinessunit" value="c3ed74bc-152d-ed11-9db1-000d3adb48a2" lookupentity="businessunit" lookupentityname="org449d870c" />
        <field name="owninguser" value="293ebda2-985a-ed11-9562-000d3adf4843" lookupentity="systemuser" />
        <field name="statecode" value="0" />
        <field name="statuscode" value="1" />
      </record>
      <record id="bb43a4f4-40b8-ed11-83fe-000d3ab1495c">
        <field name="jarvis_autoclose" value="False" />
        <field name="createdby" value="293ebda2-985a-ed11-9562-000d3adf4843" lookupentity="systemuser" lookupentityname="Swathi Sathish Kumar" />
        <field name="createdon" value="2023-03-01T14:54:25.0000000Z" />
        <field name="jarvis_decisioncategoryid" value="bb43a4f4-40b8-ed11-83fe-000d3ab1495c" />
        <field name="modifiedby" value="293ebda2-985a-ed11-9562-000d3adf4843" lookupentity="systemuser" lookupentityname="Swathi Sathish Kumar" />
        <field name="modifiedon" value="2023-03-01T14:54:25.0000000Z" />
        <field name="jarvis_name" value="Compensation from RD" />
        <field name="ownerid" value="293ebda2-985a-ed11-9562-000d3adf4843" lookupentity="systemuser" lookupentityname="Swathi Sathish Kumar" />
        <field name="owningbusinessunit" value="c3ed74bc-152d-ed11-9db1-000d3adb48a2" lookupentity="businessunit" lookupentityname="org449d870c" />
        <field name="owninguser" value="293ebda2-985a-ed11-9562-000d3adf4843" lookupentity="systemuser" />
        <field name="statecode" value="0" />
        <field name="statuscode" value="1" />
      </record>
      <record id="839d2705-41b8-ed11-83fe-000d3ab1495c">
        <field name="jarvis_autoclose" value="False" />
        <field name="createdby" value="293ebda2-985a-ed11-9562-000d3adf4843" lookupentity="systemuser" lookupentityname="Swathi Sathish Kumar" />
        <field name="createdon" value="2023-03-01T14:54:52.0000000Z" />
        <field name="jarvis_decisioncategoryid" value="839d2705-41b8-ed11-83fe-000d3ab1495c" />
        <field name="modifiedby" value="293ebda2-985a-ed11-9562-000d3adf4843" lookupentity="systemuser" lookupentityname="Swathi Sathish Kumar" />
        <field name="modifiedon" value="2023-03-01T14:54:52.0000000Z" />
        <field name="jarvis_name" value="Compensation from VAS/RT 24/7" />
        <field name="ownerid" value="293ebda2-985a-ed11-9562-000d3adf4843" lookupentity="systemuser" lookupentityname="Swathi Sathish Kumar" />
        <field name="owningbusinessunit" value="c3ed74bc-152d-ed11-9db1-000d3adb48a2" lookupentity="businessunit" lookupentityname="org449d870c" />
        <field name="owninguser" value="293ebda2-985a-ed11-9562-000d3adf4843" lookupentity="systemuser" />
        <field name="statecode" value="0" />
        <field name="statuscode" value="1" />
      </record>
      <record id="609db20f-41b8-ed11-83fe-000d3ab1495c">
        <field name="jarvis_autoclose" value="False" />
        <field name="createdby" value="293ebda2-985a-ed11-9562-000d3adf4843" lookupentity="systemuser" lookupentityname="Swathi Sathish Kumar" />
        <field name="createdon" value="2023-03-01T14:55:10.0000000Z" />
        <field name="jarvis_decisioncategoryid" value="609db20f-41b8-ed11-83fe-000d3ab1495c" />
        <field name="modifiedby" value="293ebda2-985a-ed11-9562-000d3adf4843" lookupentity="systemuser" lookupentityname="Swathi Sathish Kumar" />
        <field name="modifiedon" value="2023-03-01T14:55:10.0000000Z" />
        <field name="jarvis_name" value="Cost Split" />
        <field name="ownerid" value="293ebda2-985a-ed11-9562-000d3adf4843" lookupentity="systemuser" lookupentityname="Swathi Sathish Kumar" />
        <field name="owningbusinessunit" value="c3ed74bc-152d-ed11-9db1-000d3adb48a2" lookupentity="businessunit" lookupentityname="org449d870c" />
        <field name="owninguser" value="293ebda2-985a-ed11-9562-000d3adf4843" lookupentity="systemuser" />
        <field name="statecode" value="0" />
        <field name="statuscode" value="1" />
      </record>
      <record id="f47a1616-41b8-ed11-83fe-000d3ab1495c">
        <field name="jarvis_autoclose" value="True" />
        <field name="createdby" value="293ebda2-985a-ed11-9562-000d3adf4843" lookupentity="systemuser" lookupentityname="Swathi Sathish Kumar" />
        <field name="createdon" value="2023-03-01T14:55:27.0000000Z" />
        <field name="jarvis_decisioncategoryid" value="f47a1616-41b8-ed11-83fe-000d3ab1495c" />
        <field name="modifiedby" value="293ebda2-985a-ed11-9562-000d3adf4843" lookupentity="systemuser" lookupentityname="Swathi Sathish Kumar" />
        <field name="modifiedon" value="2023-03-01T14:55:27.0000000Z" />
        <field name="jarvis_name" value="Rejected" />
        <field name="ownerid" value="293ebda2-985a-ed11-9562-000d3adf4843" lookupentity="systemuser" lookupentityname="Swathi Sathish Kumar" />
        <field name="owningbusinessunit" value="c3ed74bc-152d-ed11-9db1-000d3adb48a2" lookupentity="businessunit" lookupentityname="org449d870c" />
        <field name="owninguser" value="293ebda2-985a-ed11-9562-000d3adf4843" lookupentity="systemuser" />
        <field name="statecode" value="0" />
        <field name="statuscode" value="1" />
      </record>
    </records>
    <m2mrelationships />
  </entity>
</entities>