<entities >
  <entity name="jarvis_integrationconfiguration" displayname="Integration Configuration " etc="10997" primaryidfield="jarvis_integrationconfigurationid" primarynamefield="jarvis_integrationname" disableplugins="false">
    <fields>
      <field displayname="Created By" name="createdby" type="entityreference" lookupType="systemuser" />
      <field displayname="Created By (Delegate)" name="createdonbehalfby" type="entityreference" lookupType="systemuser" />
      <field displayname="Created On" name="createdon" type="datetime" />
      <field displayname="Description" name="jarvis_description" type="string" customfield="true" />
      <field displayname="Direction" name="jarvis_direction" type="string" customfield="true" />
      <field displayname="Import Sequence Number" name="importsequencenumber" type="number" />
      <field displayname="Integration Code" name="jarvis_integrationcode" type="string" customfield="true" />
      <field displayname="Integration Configuration " name="jarvis_integrationconfigurationid" type="guid" primaryKey="true" />
      <field displayname="Integration Mapping" name="jarvis_integrationmapping" type="string" customfield="true" />
      <field displayname="Integration Name" name="jarvis_integrationname" type="string" customfield="true" />
      <field displayname="Modified By" name="modifiedby" type="entityreference" lookupType="systemuser" />
      <field displayname="Modified By (Delegate)" name="modifiedonbehalfby" type="entityreference" lookupType="systemuser" />
      <field displayname="Modified On" name="modifiedon" type="datetime" />
      <field displayname="Organization Id" name="organizationid" type="entityreference" lookupType="organization" />
      <field displayname="Record Created On" name="overriddencreatedon" type="datetime" />
      <field displayname="Status" name="statecode" type="state" />
      <field displayname="Status Reason" name="statuscode" type="status" />
      <field displayname="Time Zone Rule Version Number" name="timezoneruleversionnumber" type="number" />
      <field displayname="UTC Conversion Time Zone Code" name="utcconversiontimezonecode" type="number" />
      <field displayname="Version Number" name="versionnumber" type="bigint" />
    </fields>
    <relationships />
  </entity>
</entities>