
<entities xmlns:xsd="http://www.w3.org/2001/XMLSchema" xmlns:xsi="http://www.w3.org/2001/XMLSchema-instance" timestamp="2023-01-13T10:48:48.9730004Z">
  <entity name="characteristic" displayname="Characteristic">
    <records>
      <record id="75c65454-1872-ed11-9561-000d3ad9bde0">
        <field name="createdby" value="154ef5e2-7e2f-ed11-9db1-0022489db736" lookupentity="systemuser" lookupentityname="Stephan Mars" />
        <field name="createdon" value="2022-12-02T08:07:14.0000000Z" />
        <field name="description" value="Indicates that Towing Service is available" />
        <field name="modifiedby" value="154ef5e2-7e2f-ed11-9db1-0022489db736" lookupentity="systemuser" lookupentityname="Stephan Mars" />
        <field name="modifiedon" value="2022-12-02T08:07:14.0000000Z" />
        <field name="name" value="Towing" />
        <field name="ownerid" value="154ef5e2-7e2f-ed11-9db1-0022489db736" lookupentity="systemuser" lookupentityname="Stephan Mars" />
        <field name="owningbusinessunit" value="c3ed74bc-152d-ed11-9db1-000d3adb48a2" lookupentity="businessunit" lookupentityname="org449d870c" />
        <field name="owninguser" value="154ef5e2-7e2f-ed11-9db1-0022489db736" lookupentity="systemuser" />
        <field name="characteristicid" value="75c65454-1872-ed11-9561-000d3ad9bde0" />
        <field name="characteristictype" value="1" />
        <field name="statecode" value="0" />
        <field name="statuscode" value="1" />
      </record>
      <record id="70ad5bab-b58a-ed11-81ad-0022489d0994">
        <field name="createdby" value="154ef5e2-7e2f-ed11-9db1-0022489db736" lookupentity="systemuser" lookupentityname="Stephan Mars" />
        <field name="createdon" value="2023-01-02T15:53:59.0000000Z" />
        <field name="jarvis_ctdiskill" value="1300" />
        <field name="description" value="Vehicle recovery" />
        <field name="modifiedby" value="154ef5e2-7e2f-ed11-9db1-0022489db736" lookupentity="systemuser" lookupentityname="Stephan Mars" />
        <field name="modifiedon" value="2023-01-02T15:53:59.0000000Z" />
        <field name="name" value="Vehicle recovery" />
        <field name="ownerid" value="154ef5e2-7e2f-ed11-9db1-0022489db736" lookupentity="systemuser" lookupentityname="Stephan Mars" />
        <field name="owningbusinessunit" value="c3ed74bc-152d-ed11-9db1-000d3adb48a2" lookupentity="businessunit" lookupentityname="org449d870c" />
        <field name="owninguser" value="154ef5e2-7e2f-ed11-9db1-0022489db736" lookupentity="systemuser" />
        <field name="characteristicid" value="70ad5bab-b58a-ed11-81ad-0022489d0994" />
        <field name="characteristictype" value="1" />
        <field name="statecode" value="0" />
        <field name="statuscode" value="1" />
      </record>
      <record id="8d5dc8b7-b58a-ed11-81ad-0022489d0994">
        <field name="createdby" value="154ef5e2-7e2f-ed11-9db1-0022489db736" lookupentity="systemuser" lookupentityname="Stephan Mars" />
        <field name="createdon" value="2023-01-02T15:54:20.0000000Z" />
        <field name="jarvis_ctdiskill" value="1400" />
        <field name="description" value="24 Hour breakdown" />
        <field name="modifiedby" value="154ef5e2-7e2f-ed11-9db1-0022489db736" lookupentity="systemuser" lookupentityname="Stephan Mars" />
        <field name="modifiedon" value="2023-01-02T15:54:20.0000000Z" />
        <field name="name" value="24 Hour breakdown" />
        <field name="ownerid" value="154ef5e2-7e2f-ed11-9db1-0022489db736" lookupentity="systemuser" lookupentityname="Stephan Mars" />
        <field name="owningbusinessunit" value="c3ed74bc-152d-ed11-9db1-000d3adb48a2" lookupentity="businessunit" lookupentityname="org449d870c" />
        <field name="owninguser" value="154ef5e2-7e2f-ed11-9db1-0022489db736" lookupentity="systemuser" />
        <field name="characteristicid" value="8d5dc8b7-b58a-ed11-81ad-0022489d0994" />
        <field name="characteristictype" value="1" />
        <field name="statecode" value="0" />
        <field name="statuscode" value="1" />
      </record>
      <record id="e8f11469-556b-ed11-9561-0022489d0994">
        <field name="createdby" value="293ebda2-985a-ed11-9562-000d3adf4843" lookupentity="systemuser" lookupentityname="Swathi Sathish Kumar" />
        <field name="createdon" value="2022-11-23T17:36:55.0000000Z" />
        <field name="jarvis_ctdiskill" value="1000" />
        <field name="description" value="Coach rental" />
        <field name="modifiedby" value="154ef5e2-7e2f-ed11-9db1-0022489db736" lookupentity="systemuser" lookupentityname="Stephan Mars" />
        <field name="modifiedon" value="2023-01-02T15:53:31.0000000Z" />
        <field name="name" value="Coach rental" />
        <field name="ownerid" value="293ebda2-985a-ed11-9562-000d3adf4843" lookupentity="systemuser" lookupentityname="Swathi Sathish Kumar" />
        <field name="owningbusinessunit" value="c3ed74bc-152d-ed11-9db1-000d3adb48a2" lookupentity="businessunit" lookupentityname="org449d870c" />
        <field name="owninguser" value="293ebda2-985a-ed11-9562-000d3adf4843" lookupentity="systemuser" />
        <field name="characteristicid" value="e8f11469-556b-ed11-9561-0022489d0994" />
        <field name="characteristictype" value="1" />
        <field name="statecode" value="0" />
        <field name="statuscode" value="1" />
      </record>
      <record id="ef35647c-556b-ed11-9561-0022489d0994">
        <field name="createdby" value="293ebda2-985a-ed11-9562-000d3adf4843" lookupentity="systemuser" lookupentityname="Swathi Sathish Kumar" />
        <field name="createdon" value="2022-11-23T17:37:33.0000000Z" />
        <field name="jarvis_ctdiskill" value="7410" />
        <field name="description" value="Electric Vehicle Certified" />
        <field name="modifiedby" value="154ef5e2-7e2f-ed11-9db1-0022489db736" lookupentity="systemuser" lookupentityname="Stephan Mars" />
        <field name="modifiedon" value="2023-01-02T15:55:18.0000000Z" />
        <field name="name" value="Electric Vehicle Certified" />
        <field name="ownerid" value="293ebda2-985a-ed11-9562-000d3adf4843" lookupentity="systemuser" lookupentityname="Swathi Sathish Kumar" />
        <field name="owningbusinessunit" value="c3ed74bc-152d-ed11-9db1-000d3adb48a2" lookupentity="businessunit" lookupentityname="org449d870c" />
        <field name="owninguser" value="293ebda2-985a-ed11-9562-000d3adf4843" lookupentity="systemuser" />
        <field name="characteristicid" value="ef35647c-556b-ed11-9561-0022489d0994" />
        <field name="characteristictype" value="1" />
        <field name="statecode" value="0" />
        <field name="statuscode" value="1" />
      </record>
      <record id="6fe8e583-556b-ed11-9561-0022489d0994">
        <field name="createdby" value="293ebda2-985a-ed11-9562-000d3adf4843" lookupentity="systemuser" lookupentityname="Swathi Sathish Kumar" />
        <field name="createdon" value="2022-11-23T17:37:43.0000000Z" />
        <field name="jarvis_ctdiskill" value="7408" />
        <field name="description" value="LNG" />
        <field name="modifiedby" value="154ef5e2-7e2f-ed11-9db1-0022489db736" lookupentity="systemuser" lookupentityname="Stephan Mars" />
        <field name="modifiedon" value="2023-01-02T15:55:02.0000000Z" />
        <field name="name" value="LNG Vehicle Certified" />
        <field name="ownerid" value="293ebda2-985a-ed11-9562-000d3adf4843" lookupentity="systemuser" lookupentityname="Swathi Sathish Kumar" />
        <field name="owningbusinessunit" value="c3ed74bc-152d-ed11-9db1-000d3adb48a2" lookupentity="businessunit" lookupentityname="org449d870c" />
        <field name="owninguser" value="293ebda2-985a-ed11-9562-000d3adf4843" lookupentity="systemuser" />
        <field name="characteristicid" value="6fe8e583-556b-ed11-9561-0022489d0994" />
        <field name="characteristictype" value="1" />
        <field name="statecode" value="0" />
        <field name="statuscode" value="1" />
      </record>
      <record id="d91c1592-556b-ed11-9561-0022489d0994">
        <field name="createdby" value="293ebda2-985a-ed11-9562-000d3adf4843" lookupentity="systemuser" lookupentityname="Swathi Sathish Kumar" />
        <field name="createdon" value="2022-11-23T17:38:00.0000000Z" />
        <field name="jarvis_ctdiskill" value="RENAULT" />
        <field name="description" value="Renault Trucks" />
        <field name="modifiedby" value="154ef5e2-7e2f-ed11-9db1-0022489db736" lookupentity="systemuser" lookupentityname="Stephan Mars" />
        <field name="modifiedon" value="2023-01-02T15:55:39.0000000Z" />
        <field name="name" value="Renault Trucks" />
        <field name="ownerid" value="293ebda2-985a-ed11-9562-000d3adf4843" lookupentity="systemuser" lookupentityname="Swathi Sathish Kumar" />
        <field name="owningbusinessunit" value="c3ed74bc-152d-ed11-9db1-000d3adb48a2" lookupentity="businessunit" lookupentityname="org449d870c" />
        <field name="owninguser" value="293ebda2-985a-ed11-9562-000d3adf4843" lookupentity="systemuser" />
        <field name="characteristicid" value="d91c1592-556b-ed11-9561-0022489d0994" />
        <field name="characteristictype" value="1" />
        <field name="statecode" value="0" />
        <field name="statuscode" value="1" />
      </record>
      <record id="b6690d98-556b-ed11-9561-0022489d0994">
        <field name="createdby" value="293ebda2-985a-ed11-9562-000d3adf4843" lookupentity="systemuser" lookupentityname="Swathi Sathish Kumar" />
        <field name="createdon" value="2022-11-23T17:38:12.0000000Z" />
        <field name="description" value="only Partners/Dealers who signed the VAS Towing SLA" />
        <field name="modifiedby" value="154ef5e2-7e2f-ed11-9db1-0022489db736" lookupentity="systemuser" lookupentityname="Stephan Mars" />
        <field name="modifiedon" value="2022-12-02T08:06:39.0000000Z" />
        <field name="name" value="VAS towing contract" />
        <field name="ownerid" value="293ebda2-985a-ed11-9562-000d3adf4843" lookupentity="systemuser" lookupentityname="Swathi Sathish Kumar" />
        <field name="owningbusinessunit" value="c3ed74bc-152d-ed11-9db1-000d3adb48a2" lookupentity="businessunit" lookupentityname="org449d870c" />
        <field name="owninguser" value="293ebda2-985a-ed11-9562-000d3adf4843" lookupentity="systemuser" />
        <field name="characteristicid" value="b6690d98-556b-ed11-9561-0022489d0994" />
        <field name="characteristictype" value="1" />
        <field name="statecode" value="0" />
        <field name="statuscode" value="1" />
      </record>
      <record id="3de6369f-556b-ed11-9561-0022489d0994">
        <field name="createdby" value="293ebda2-985a-ed11-9562-000d3adf4843" lookupentity="systemuser" lookupentityname="Swathi Sathish Kumar" />
        <field name="createdon" value="2022-11-23T17:38:27.0000000Z" />
        <field name="jarvis_ctdiskill" value="1100" />
        <field name="description" value="Trailer rental" />
        <field name="modifiedby" value="154ef5e2-7e2f-ed11-9db1-0022489db736" lookupentity="systemuser" lookupentityname="Stephan Mars" />
        <field name="modifiedon" value="2023-01-02T15:53:42.0000000Z" />
        <field name="name" value="Trailer rental" />
        <field name="ownerid" value="293ebda2-985a-ed11-9562-000d3adf4843" lookupentity="systemuser" lookupentityname="Swathi Sathish Kumar" />
        <field name="owningbusinessunit" value="c3ed74bc-152d-ed11-9db1-000d3adb48a2" lookupentity="businessunit" lookupentityname="org449d870c" />
        <field name="owninguser" value="293ebda2-985a-ed11-9562-000d3adf4843" lookupentity="systemuser" />
        <field name="characteristicid" value="3de6369f-556b-ed11-9561-0022489d0994" />
        <field name="characteristictype" value="1" />
        <field name="statecode" value="0" />
        <field name="statuscode" value="1" />
      </record>
      <record id="7da46cab-556b-ed11-9561-0022489d0994">
        <field name="createdby" value="293ebda2-985a-ed11-9562-000d3adf4843" lookupentity="systemuser" lookupentityname="Swathi Sathish Kumar" />
        <field name="createdon" value="2022-11-23T17:38:45.0000000Z" />
        <field name="jarvis_ctdiskill" value="2600" />
        <field name="description" value="Trailer service and repairs" />
        <field name="modifiedby" value="154ef5e2-7e2f-ed11-9db1-0022489db736" lookupentity="systemuser" lookupentityname="Stephan Mars" />
        <field name="modifiedon" value="2023-01-02T15:54:36.0000000Z" />
        <field name="name" value="Trailer service and repairs" />
        <field name="ownerid" value="293ebda2-985a-ed11-9562-000d3adf4843" lookupentity="systemuser" lookupentityname="Swathi Sathish Kumar" />
        <field name="owningbusinessunit" value="c3ed74bc-152d-ed11-9db1-000d3adb48a2" lookupentity="businessunit" lookupentityname="org449d870c" />
        <field name="owninguser" value="293ebda2-985a-ed11-9562-000d3adf4843" lookupentity="systemuser" />
        <field name="characteristicid" value="7da46cab-556b-ed11-9561-0022489d0994" />
        <field name="characteristictype" value="1" />
        <field name="statecode" value="0" />
        <field name="statuscode" value="1" />
      </record>
      <record id="126dc3b2-556b-ed11-9561-0022489d0994">
        <field name="createdby" value="293ebda2-985a-ed11-9562-000d3adf4843" lookupentity="systemuser" lookupentityname="Swathi Sathish Kumar" />
        <field name="createdon" value="2022-11-23T17:38:57.0000000Z" />
        <field name="jarvis_ctdiskill" value="800" />
        <field name="description" value="Truck rental" />
        <field name="modifiedby" value="154ef5e2-7e2f-ed11-9db1-0022489db736" lookupentity="systemuser" lookupentityname="Stephan Mars" />
        <field name="modifiedon" value="2023-01-02T15:53:16.0000000Z" />
        <field name="name" value="Truck rental" />
        <field name="ownerid" value="293ebda2-985a-ed11-9562-000d3adf4843" lookupentity="systemuser" lookupentityname="Swathi Sathish Kumar" />
        <field name="owningbusinessunit" value="c3ed74bc-152d-ed11-9db1-000d3adb48a2" lookupentity="businessunit" lookupentityname="org449d870c" />
        <field name="owninguser" value="293ebda2-985a-ed11-9562-000d3adf4843" lookupentity="systemuser" />
        <field name="characteristicid" value="126dc3b2-556b-ed11-9561-0022489d0994" />
        <field name="characteristictype" value="1" />
        <field name="statecode" value="0" />
        <field name="statuscode" value="1" />
      </record>
      <record id="2808cab8-556b-ed11-9561-0022489d0994">
        <field name="createdby" value="293ebda2-985a-ed11-9562-000d3adf4843" lookupentity="systemuser" lookupentityname="Swathi Sathish Kumar" />
        <field name="createdon" value="2022-11-23T17:39:13.0000000Z" />
        <field name="jarvis_ctdiskill" value="4600" />
        <field name="description" value="Tyre service" />
        <field name="modifiedby" value="154ef5e2-7e2f-ed11-9db1-0022489db736" lookupentity="systemuser" lookupentityname="Stephan Mars" />
        <field name="modifiedon" value="2023-01-02T15:54:45.0000000Z" />
        <field name="name" value="Tyre service" />
        <field name="ownerid" value="293ebda2-985a-ed11-9562-000d3adf4843" lookupentity="systemuser" lookupentityname="Swathi Sathish Kumar" />
        <field name="owningbusinessunit" value="c3ed74bc-152d-ed11-9db1-000d3adb48a2" lookupentity="businessunit" lookupentityname="org449d870c" />
        <field name="owninguser" value="293ebda2-985a-ed11-9562-000d3adf4843" lookupentity="systemuser" />
        <field name="characteristicid" value="2808cab8-556b-ed11-9561-0022489d0994" />
        <field name="characteristictype" value="1" />
        <field name="statecode" value="0" />
        <field name="statuscode" value="1" />
      </record>
      <record id="d456c2c4-556b-ed11-9561-0022489d0994">
        <field name="createdby" value="293ebda2-985a-ed11-9562-000d3adf4843" lookupentity="systemuser" lookupentityname="Swathi Sathish Kumar" />
        <field name="createdon" value="2022-11-23T17:39:26.0000000Z" />
        <field name="jarvis_ctdiskill" value="VOLVO BUS" />
        <field name="description" value="Volvo Bus" />
        <field name="modifiedby" value="154ef5e2-7e2f-ed11-9db1-0022489db736" lookupentity="systemuser" lookupentityname="Stephan Mars" />
        <field name="modifiedon" value="2023-01-02T15:56:01.0000000Z" />
        <field name="name" value="Volvo Bus" />
        <field name="ownerid" value="293ebda2-985a-ed11-9562-000d3adf4843" lookupentity="systemuser" lookupentityname="Swathi Sathish Kumar" />
        <field name="owningbusinessunit" value="c3ed74bc-152d-ed11-9db1-000d3adb48a2" lookupentity="businessunit" lookupentityname="org449d870c" />
        <field name="owninguser" value="293ebda2-985a-ed11-9562-000d3adf4843" lookupentity="systemuser" />
        <field name="characteristicid" value="d456c2c4-556b-ed11-9561-0022489d0994" />
        <field name="characteristictype" value="1" />
        <field name="statecode" value="0" />
        <field name="statuscode" value="1" />
      </record>
      <record id="6ad9dbd0-556b-ed11-9561-0022489d0994">
        <field name="createdby" value="293ebda2-985a-ed11-9562-000d3adf4843" lookupentity="systemuser" lookupentityname="Swathi Sathish Kumar" />
        <field name="createdon" value="2022-11-23T17:39:44.0000000Z" />
        <field name="jarvis_ctdiskill" value="PENTA" />
        <field name="description" value="Volvo Penta" />
        <field name="modifiedby" value="154ef5e2-7e2f-ed11-9db1-0022489db736" lookupentity="systemuser" lookupentityname="Stephan Mars" />
        <field name="modifiedon" value="2023-01-02T15:56:07.0000000Z" />
        <field name="name" value="Volvo Penta" />
        <field name="ownerid" value="293ebda2-985a-ed11-9562-000d3adf4843" lookupentity="systemuser" lookupentityname="Swathi Sathish Kumar" />
        <field name="owningbusinessunit" value="c3ed74bc-152d-ed11-9db1-000d3adb48a2" lookupentity="businessunit" lookupentityname="org449d870c" />
        <field name="owninguser" value="293ebda2-985a-ed11-9562-000d3adf4843" lookupentity="systemuser" />
        <field name="characteristicid" value="6ad9dbd0-556b-ed11-9561-0022489d0994" />
        <field name="characteristictype" value="1" />
        <field name="statecode" value="0" />
        <field name="statuscode" value="1" />
      </record>
      <record id="148614d7-556b-ed11-9561-0022489d0994">
        <field name="createdby" value="293ebda2-985a-ed11-9562-000d3adf4843" lookupentity="systemuser" lookupentityname="Swathi Sathish Kumar" />
        <field name="createdon" value="2022-11-23T17:39:59.0000000Z" />
        <field name="jarvis_ctdiskill" value="VOLVO TRUCKS" />
        <field name="description" value="Volvo Trucks" />
        <field name="modifiedby" value="154ef5e2-7e2f-ed11-9db1-0022489db736" lookupentity="systemuser" lookupentityname="Stephan Mars" />
        <field name="modifiedon" value="2023-01-02T15:56:13.0000000Z" />
        <field name="name" value="Volvo Trucks" />
        <field name="ownerid" value="293ebda2-985a-ed11-9562-000d3adf4843" lookupentity="systemuser" lookupentityname="Swathi Sathish Kumar" />
        <field name="owningbusinessunit" value="c3ed74bc-152d-ed11-9db1-000d3adb48a2" lookupentity="businessunit" lookupentityname="org449d870c" />
        <field name="owninguser" value="293ebda2-985a-ed11-9562-000d3adf4843" lookupentity="systemuser" />
        <field name="characteristicid" value="148614d7-556b-ed11-9561-0022489d0994" />
        <field name="characteristictype" value="1" />
        <field name="statecode" value="0" />
        <field name="statuscode" value="1" />
      </record>
    </records>
    <m2mrelationships />
  </entity>
</entities>