
<entities xmlns:xsd="http://www.w3.org/2001/XMLSchema" xmlns:xsi="http://www.w3.org/2001/XMLSchema-instance" timestamp="2023-06-01T16:03:31.8229665Z">
  <entity name="jarvis_querycategory" displayname="Main Query Category">
    <records>
      <record id="e192ebc3-1db8-ed11-83fe-000d3ab1495c">
        <field name="createdby" value="293ebda2-985a-ed11-9562-000d3adf4843" lookupentity="systemuser" lookupentityname="Swathi Sathish Kumar" />
        <field name="createdon" value="2023-03-01T10:42:37.0000000Z" />
        <field name="modifiedby" value="293ebda2-985a-ed11-9562-000d3adf4843" lookupentity="systemuser" lookupentityname="Swathi Sathish Kumar" />
        <field name="modifiedon" value="2023-03-01T10:42:37.0000000Z" />
        <field name="jarvis_name" value="Quality of Repair" />
        <field name="ownerid" value="293ebda2-985a-ed11-9562-000d3adf4843" lookupentity="systemuser" lookupentityname="Swathi Sathish Kumar" />
        <field name="owningbusinessunit" value="c3ed74bc-152d-ed11-9db1-000d3adb48a2" lookupentity="businessunit" lookupentityname="org449d870c" />
        <field name="owninguser" value="293ebda2-985a-ed11-9562-000d3adf4843" lookupentity="systemuser" />
        <field name="jarvis_querycategoryid" value="e192ebc3-1db8-ed11-83fe-000d3ab1495c" />
        <field name="statecode" value="0" />
        <field name="statuscode" value="1" />
      </record>
      <record id="3981a6d9-1db8-ed11-83fe-000d3ab1495c">
        <field name="createdby" value="293ebda2-985a-ed11-9562-000d3adf4843" lookupentity="systemuser" lookupentityname="Swathi Sathish Kumar" />
        <field name="createdon" value="2023-03-01T10:43:07.0000000Z" />
        <field name="modifiedby" value="293ebda2-985a-ed11-9562-000d3adf4843" lookupentity="systemuser" lookupentityname="Swathi Sathish Kumar" />
        <field name="modifiedon" value="2023-03-01T10:43:07.0000000Z" />
        <field name="jarvis_name" value="VAS/RT 24/7 Quality of Service" />
        <field name="ownerid" value="293ebda2-985a-ed11-9562-000d3adf4843" lookupentity="systemuser" lookupentityname="Swathi Sathish Kumar" />
        <field name="owningbusinessunit" value="c3ed74bc-152d-ed11-9db1-000d3adb48a2" lookupentity="businessunit" lookupentityname="org449d870c" />
        <field name="owninguser" value="293ebda2-985a-ed11-9562-000d3adf4843" lookupentity="systemuser" />
        <field name="jarvis_querycategoryid" value="3981a6d9-1db8-ed11-83fe-000d3ab1495c" />
        <field name="statecode" value="0" />
        <field name="statuscode" value="1" />
      </record>
      <record id="832196ea-1db8-ed11-83fe-000d3ab1495c">
        <field name="createdby" value="293ebda2-985a-ed11-9562-000d3adf4843" lookupentity="systemuser" lookupentityname="Swathi Sathish Kumar" />
        <field name="createdon" value="2023-03-01T10:43:35.0000000Z" />
        <field name="modifiedby" value="293ebda2-985a-ed11-9562-000d3adf4843" lookupentity="systemuser" lookupentityname="Swathi Sathish Kumar" />
        <field name="modifiedon" value="2023-03-01T10:43:35.0000000Z" />
        <field name="jarvis_name" value="Towing (incl. Towing Assistance)" />
        <field name="ownerid" value="293ebda2-985a-ed11-9562-000d3adf4843" lookupentity="systemuser" lookupentityname="Swathi Sathish Kumar" />
        <field name="owningbusinessunit" value="c3ed74bc-152d-ed11-9db1-000d3adb48a2" lookupentity="businessunit" lookupentityname="org449d870c" />
        <field name="owninguser" value="293ebda2-985a-ed11-9562-000d3adf4843" lookupentity="systemuser" />
        <field name="jarvis_querycategoryid" value="832196ea-1db8-ed11-83fe-000d3ab1495c" />
        <field name="statecode" value="0" />
        <field name="statuscode" value="1" />
      </record>
      <record id="5a4e3ff1-1db8-ed11-83fe-000d3ab1495c">
        <field name="createdby" value="293ebda2-985a-ed11-9562-000d3adf4843" lookupentity="systemuser" lookupentityname="Swathi Sathish Kumar" />
        <field name="createdon" value="2023-03-01T10:43:46.0000000Z" />
        <field name="modifiedby" value="293ebda2-985a-ed11-9562-000d3adf4843" lookupentity="systemuser" lookupentityname="Swathi Sathish Kumar" />
        <field name="modifiedon" value="2023-03-01T10:43:46.0000000Z" />
        <field name="jarvis_name" value="Parts Issue" />
        <field name="ownerid" value="293ebda2-985a-ed11-9562-000d3adf4843" lookupentity="systemuser" lookupentityname="Swathi Sathish Kumar" />
        <field name="owningbusinessunit" value="c3ed74bc-152d-ed11-9db1-000d3adb48a2" lookupentity="businessunit" lookupentityname="org449d870c" />
        <field name="owninguser" value="293ebda2-985a-ed11-9562-000d3adf4843" lookupentity="systemuser" />
        <field name="jarvis_querycategoryid" value="5a4e3ff1-1db8-ed11-83fe-000d3ab1495c" />
        <field name="statecode" value="0" />
        <field name="statuscode" value="1" />
      </record>
      <record id="94e1a3fb-1db8-ed11-83fe-000d3ab1495c">
        <field name="createdby" value="293ebda2-985a-ed11-9562-000d3adf4843" lookupentity="systemuser" lookupentityname="Swathi Sathish Kumar" />
        <field name="createdon" value="2023-03-01T10:44:04.0000000Z" />
        <field name="modifiedby" value="293ebda2-985a-ed11-9562-000d3adf4843" lookupentity="systemuser" lookupentityname="Swathi Sathish Kumar" />
        <field name="modifiedon" value="2023-03-01T10:44:04.0000000Z" />
        <field name="jarvis_name" value="Consequential Damage" />
        <field name="ownerid" value="293ebda2-985a-ed11-9562-000d3adf4843" lookupentity="systemuser" lookupentityname="Swathi Sathish Kumar" />
        <field name="owningbusinessunit" value="c3ed74bc-152d-ed11-9db1-000d3adb48a2" lookupentity="businessunit" lookupentityname="org449d870c" />
        <field name="owninguser" value="293ebda2-985a-ed11-9562-000d3adf4843" lookupentity="systemuser" />
        <field name="jarvis_querycategoryid" value="94e1a3fb-1db8-ed11-83fe-000d3ab1495c" />
        <field name="statecode" value="0" />
        <field name="statuscode" value="1" />
      </record>
      <record id="7467d803-1eb8-ed11-83fe-000d3ab1495c">
        <field name="createdby" value="293ebda2-985a-ed11-9562-000d3adf4843" lookupentity="systemuser" lookupentityname="Swathi Sathish Kumar" />
        <field name="createdon" value="2023-03-01T10:44:18.0000000Z" />
        <field name="modifiedby" value="293ebda2-985a-ed11-9562-000d3adf4843" lookupentity="systemuser" lookupentityname="Swathi Sathish Kumar" />
        <field name="modifiedon" value="2023-03-01T10:44:18.0000000Z" />
        <field name="jarvis_name" value="Multiple Breakdown" />
        <field name="ownerid" value="293ebda2-985a-ed11-9562-000d3adf4843" lookupentity="systemuser" lookupentityname="Swathi Sathish Kumar" />
        <field name="owningbusinessunit" value="c3ed74bc-152d-ed11-9db1-000d3adb48a2" lookupentity="businessunit" lookupentityname="org449d870c" />
        <field name="owninguser" value="293ebda2-985a-ed11-9562-000d3adf4843" lookupentity="systemuser" />
        <field name="jarvis_querycategoryid" value="7467d803-1eb8-ed11-83fe-000d3ab1495c" />
        <field name="statecode" value="0" />
        <field name="statuscode" value="1" />
      </record>
      <record id="fa1c940b-1eb8-ed11-83fe-000d3ab1495c">
        <field name="createdby" value="293ebda2-985a-ed11-9562-000d3adf4843" lookupentity="systemuser" lookupentityname="Swathi Sathish Kumar" />
        <field name="createdon" value="2023-03-01T10:44:31.0000000Z" />
        <field name="modifiedby" value="293ebda2-985a-ed11-9562-000d3adf4843" lookupentity="systemuser" lookupentityname="Swathi Sathish Kumar" />
        <field name="modifiedon" value="2023-03-01T10:44:31.0000000Z" />
        <field name="jarvis_name" value="Financial Query" />
        <field name="ownerid" value="293ebda2-985a-ed11-9562-000d3adf4843" lookupentity="systemuser" lookupentityname="Swathi Sathish Kumar" />
        <field name="owningbusinessunit" value="c3ed74bc-152d-ed11-9db1-000d3adb48a2" lookupentity="businessunit" lookupentityname="org449d870c" />
        <field name="owninguser" value="293ebda2-985a-ed11-9562-000d3adf4843" lookupentity="systemuser" />
        <field name="jarvis_querycategoryid" value="fa1c940b-1eb8-ed11-83fe-000d3ab1495c" />
        <field name="statecode" value="0" />
        <field name="statuscode" value="1" />
      </record>
      <record id="129ac915-1eb8-ed11-83fe-000d3ab1495c">
        <field name="createdby" value="293ebda2-985a-ed11-9562-000d3adf4843" lookupentity="systemuser" lookupentityname="Swathi Sathish Kumar" />
        <field name="createdon" value="2023-03-01T10:44:48.0000000Z" />
        <field name="modifiedby" value="293ebda2-985a-ed11-9562-000d3adf4843" lookupentity="systemuser" lookupentityname="Swathi Sathish Kumar" />
        <field name="modifiedon" value="2023-03-01T10:44:48.0000000Z" />
        <field name="jarvis_name" value="Warranty or Campaign" />
        <field name="ownerid" value="293ebda2-985a-ed11-9562-000d3adf4843" lookupentity="systemuser" lookupentityname="Swathi Sathish Kumar" />
        <field name="owningbusinessunit" value="c3ed74bc-152d-ed11-9db1-000d3adb48a2" lookupentity="businessunit" lookupentityname="org449d870c" />
        <field name="owninguser" value="293ebda2-985a-ed11-9562-000d3adf4843" lookupentity="systemuser" />
        <field name="jarvis_querycategoryid" value="129ac915-1eb8-ed11-83fe-000d3ab1495c" />
        <field name="statecode" value="0" />
        <field name="statuscode" value="1" />
      </record>
      <record id="f03eb720-1eb8-ed11-83fe-000d3ab1495c">
        <field name="createdby" value="293ebda2-985a-ed11-9562-000d3adf4843" lookupentity="systemuser" lookupentityname="Swathi Sathish Kumar" />
        <field name="createdon" value="2023-03-01T10:45:15.0000000Z" />
        <field name="modifiedby" value="293ebda2-985a-ed11-9562-000d3adf4843" lookupentity="systemuser" lookupentityname="Swathi Sathish Kumar" />
        <field name="modifiedon" value="2023-03-01T10:45:15.0000000Z" />
        <field name="jarvis_name" value="Maintenance Contract" />
        <field name="ownerid" value="293ebda2-985a-ed11-9562-000d3adf4843" lookupentity="systemuser" lookupentityname="Swathi Sathish Kumar" />
        <field name="owningbusinessunit" value="c3ed74bc-152d-ed11-9db1-000d3adb48a2" lookupentity="businessunit" lookupentityname="org449d870c" />
        <field name="owninguser" value="293ebda2-985a-ed11-9562-000d3adf4843" lookupentity="systemuser" />
        <field name="jarvis_querycategoryid" value="f03eb720-1eb8-ed11-83fe-000d3ab1495c" />
        <field name="statecode" value="0" />
        <field name="statuscode" value="1" />
      </record>
    </records>
    <m2mrelationships />
  </entity>
</entities>