<entities >
  <entity name="jarvis_teamprofile" displayname="Team Profile" etc="11043" primaryidfield="jarvis_teamprofileid" primarynamefield="jarvis_name" disableplugins="false">
    <fields>
      <field displayname="Import Sequence Number" name="importsequencenumber" type="number" />
      <field displayname="Name" name="jarvis_name" type="string" customfield="true" />
      <field displayname="Owner" name="ownerid" type="owner" />
      <field displayname="Owning Business Unit" name="owningbusinessunit" type="entityreference" lookupType="businessunit" />
      <field displayname="Owning Team" name="owningteam" type="entityreference" lookupType="team" />
      <field displayname="Owning User" name="owninguser" type="entityreference" lookupType="systemuser" />
      <field displayname="Status" name="statecode" type="state" />
      <field displayname="Status Reason" name="statuscode" type="status" />
      <field displayname="Team Profile" name="jarvis_teamprofileid" type="guid" primaryKey="true" />
      <field displayname="Time Zone Rule Version Number" name="timezoneruleversionnumber" type="number" />
      <field displayname="UTC Conversion Time Zone Code" name="utcconversiontimezonecode" type="number" />
      <field displayname="Version Number" name="versionnumber" type="bigint" />
    </fields>
  </entity>
</entities>