
<entities xmlns:xsd="http://www.w3.org/2001/XMLSchema" xmlns:xsi="http://www.w3.org/2001/XMLSchema-instance" timestamp="2023-05-24T10:03:10.6546685Z">
  <entity name="jarvis_teamprofile" displayname="Team Profile">
    <records>
      <record id="bcc636a4-17fa-ed11-8849-000d3ab1495c">
        <field name="jarvis_name" value="Gent Central East GER" />
        <field name="ownerid" value="726ae61c-2734-ed11-9db1-000d3ab28ad2" lookupentity="systemuser" lookupentityname="Huaume Thibaut" />
        <field name="owningbusinessunit" value="c3ed74bc-152d-ed11-9db1-000d3adb48a2" lookupentity="businessunit" lookupentityname="org449d870c" />
        <field name="owninguser" value="726ae61c-2734-ed11-9db1-000d3ab28ad2" lookupentity="systemuser" />
        <field name="statecode" value="0" />
        <field name="statuscode" value="1" />
        <field name="jarvis_teamprofileid" value="bcc636a4-17fa-ed11-8849-000d3ab1495c" />
      </record>
      <record id="a4617baa-17fa-ed11-8849-000d3ab1495c">
        <field name="jarvis_name" value="Gent Central East Night" />
        <field name="ownerid" value="726ae61c-2734-ed11-9db1-000d3ab28ad2" lookupentity="systemuser" lookupentityname="Huaume Thibaut" />
        <field name="owningbusinessunit" value="c3ed74bc-152d-ed11-9db1-000d3adb48a2" lookupentity="businessunit" lookupentityname="org449d870c" />
        <field name="owninguser" value="726ae61c-2734-ed11-9db1-000d3ab28ad2" lookupentity="systemuser" />
        <field name="statecode" value="0" />
        <field name="statuscode" value="1" />
        <field name="jarvis_teamprofileid" value="a4617baa-17fa-ed11-8849-000d3ab1495c" />
      </record>
      <record id="c22860be-17fa-ed11-8849-000d3ab1495c">
        <field name="jarvis_name" value="Gent Central NAT" />
        <field name="ownerid" value="726ae61c-2734-ed11-9db1-000d3ab28ad2" lookupentity="systemuser" lookupentityname="Huaume Thibaut" />
        <field name="owningbusinessunit" value="c3ed74bc-152d-ed11-9db1-000d3adb48a2" lookupentity="businessunit" lookupentityname="org449d870c" />
        <field name="owninguser" value="726ae61c-2734-ed11-9db1-000d3ab28ad2" lookupentity="systemuser" />
        <field name="statecode" value="0" />
        <field name="statuscode" value="1" />
        <field name="jarvis_teamprofileid" value="c22860be-17fa-ed11-8849-000d3ab1495c" />
      </record>
      <record id="1a483f68-27bc-ed11-9886-000d3addcd24">
        <field name="importsequencenumber" value="24" />
        <field name="jarvis_name" value="Gent Benelux INT" />
        <field name="ownerid" value="154ef5e2-7e2f-ed11-9db1-0022489db736" lookupentity="systemuser" lookupentityname="Stephan Mars" />
        <field name="owningbusinessunit" value="c3ed74bc-152d-ed11-9db1-000d3adb48a2" lookupentity="businessunit" lookupentityname="org449d870c" />
        <field name="owninguser" value="154ef5e2-7e2f-ed11-9db1-0022489db736" lookupentity="systemuser" />
        <field name="statecode" value="0" />
        <field name="statuscode" value="1" />
        <field name="jarvis_teamprofileid" value="1a483f68-27bc-ed11-9886-000d3addcd24" />
      </record>
      <record id="1c483f68-27bc-ed11-9886-000d3addcd24">
        <field name="importsequencenumber" value="24" />
        <field name="jarvis_name" value="Gent Benelux NAT" />
        <field name="ownerid" value="154ef5e2-7e2f-ed11-9db1-0022489db736" lookupentity="systemuser" lookupentityname="Stephan Mars" />
        <field name="owningbusinessunit" value="c3ed74bc-152d-ed11-9db1-000d3adb48a2" lookupentity="businessunit" lookupentityname="org449d870c" />
        <field name="owninguser" value="154ef5e2-7e2f-ed11-9db1-0022489db736" lookupentity="systemuser" />
        <field name="statecode" value="0" />
        <field name="statuscode" value="1" />
        <field name="jarvis_teamprofileid" value="1c483f68-27bc-ed11-9886-000d3addcd24" />
      </record>
      <record id="1e483f68-27bc-ed11-9886-000d3addcd24">
        <field name="importsequencenumber" value="24" />
        <field name="jarvis_name" value="Gent Central-East Day" />
        <field name="ownerid" value="154ef5e2-7e2f-ed11-9db1-0022489db736" lookupentity="systemuser" lookupentityname="Stephan Mars" />
        <field name="owningbusinessunit" value="c3ed74bc-152d-ed11-9db1-000d3adb48a2" lookupentity="businessunit" lookupentityname="org449d870c" />
        <field name="owninguser" value="154ef5e2-7e2f-ed11-9db1-0022489db736" lookupentity="systemuser" />
        <field name="statecode" value="0" />
        <field name="statuscode" value="1" />
        <field name="jarvis_teamprofileid" value="1e483f68-27bc-ed11-9886-000d3addcd24" />
      </record>
      <record id="20483f68-27bc-ed11-9886-000d3addcd24">
        <field name="importsequencenumber" value="24" />
        <field name="jarvis_name" value="Gent Central-East GER" />
        <field name="ownerid" value="154ef5e2-7e2f-ed11-9db1-0022489db736" lookupentity="systemuser" lookupentityname="Stephan Mars" />
        <field name="owningbusinessunit" value="c3ed74bc-152d-ed11-9db1-000d3adb48a2" lookupentity="businessunit" lookupentityname="org449d870c" />
        <field name="owninguser" value="154ef5e2-7e2f-ed11-9db1-0022489db736" lookupentity="systemuser" />
        <field name="statecode" value="0" />
        <field name="statuscode" value="1" />
        <field name="jarvis_teamprofileid" value="20483f68-27bc-ed11-9886-000d3addcd24" />
      </record>
      <record id="22483f68-27bc-ed11-9886-000d3addcd24">
        <field name="importsequencenumber" value="24" />
        <field name="jarvis_name" value="Gent Central-East Night" />
        <field name="ownerid" value="154ef5e2-7e2f-ed11-9db1-0022489db736" lookupentity="systemuser" lookupentityname="Stephan Mars" />
        <field name="owningbusinessunit" value="c3ed74bc-152d-ed11-9db1-000d3adb48a2" lookupentity="businessunit" lookupentityname="org449d870c" />
        <field name="owninguser" value="154ef5e2-7e2f-ed11-9db1-0022489db736" lookupentity="systemuser" />
        <field name="statecode" value="0" />
        <field name="statuscode" value="1" />
        <field name="jarvis_teamprofileid" value="22483f68-27bc-ed11-9886-000d3addcd24" />
      </record>
      <record id="24483f68-27bc-ed11-9886-000d3addcd24">
        <field name="importsequencenumber" value="24" />
        <field name="jarvis_name" value="Gent-East-1" />
        <field name="ownerid" value="154ef5e2-7e2f-ed11-9db1-0022489db736" lookupentity="systemuser" lookupentityname="Stephan Mars" />
        <field name="owningbusinessunit" value="c3ed74bc-152d-ed11-9db1-000d3adb48a2" lookupentity="businessunit" lookupentityname="org449d870c" />
        <field name="owninguser" value="154ef5e2-7e2f-ed11-9db1-0022489db736" lookupentity="systemuser" />
        <field name="statecode" value="0" />
        <field name="statuscode" value="1" />
        <field name="jarvis_teamprofileid" value="24483f68-27bc-ed11-9886-000d3addcd24" />
      </record>
      <record id="26483f68-27bc-ed11-9886-000d3addcd24">
        <field name="importsequencenumber" value="24" />
        <field name="jarvis_name" value="Gent-Nordic" />
        <field name="ownerid" value="154ef5e2-7e2f-ed11-9db1-0022489db736" lookupentity="systemuser" lookupentityname="Stephan Mars" />
        <field name="owningbusinessunit" value="c3ed74bc-152d-ed11-9db1-000d3adb48a2" lookupentity="businessunit" lookupentityname="org449d870c" />
        <field name="owninguser" value="154ef5e2-7e2f-ed11-9db1-0022489db736" lookupentity="systemuser" />
        <field name="statecode" value="0" />
        <field name="statuscode" value="1" />
        <field name="jarvis_teamprofileid" value="26483f68-27bc-ed11-9886-000d3addcd24" />
      </record>
      <record id="28483f68-27bc-ed11-9886-000d3addcd24">
        <field name="importsequencenumber" value="24" />
        <field name="jarvis_name" value="Gent-South-Frit" />
        <field name="ownerid" value="154ef5e2-7e2f-ed11-9db1-0022489db736" lookupentity="systemuser" lookupentityname="Stephan Mars" />
        <field name="owningbusinessunit" value="c3ed74bc-152d-ed11-9db1-000d3adb48a2" lookupentity="businessunit" lookupentityname="org449d870c" />
        <field name="owninguser" value="154ef5e2-7e2f-ed11-9db1-0022489db736" lookupentity="systemuser" />
        <field name="statecode" value="0" />
        <field name="statuscode" value="1" />
        <field name="jarvis_teamprofileid" value="28483f68-27bc-ed11-9886-000d3addcd24" />
      </record>
      <record id="2a483f68-27bc-ed11-9886-000d3addcd24">
        <field name="importsequencenumber" value="24" />
        <field name="jarvis_name" value="Gent-South-Iberian" />
        <field name="ownerid" value="154ef5e2-7e2f-ed11-9db1-0022489db736" lookupentity="systemuser" lookupentityname="Stephan Mars" />
        <field name="owningbusinessunit" value="c3ed74bc-152d-ed11-9db1-000d3adb48a2" lookupentity="businessunit" lookupentityname="org449d870c" />
        <field name="owninguser" value="154ef5e2-7e2f-ed11-9db1-0022489db736" lookupentity="systemuser" />
        <field name="statecode" value="0" />
        <field name="statuscode" value="1" />
        <field name="jarvis_teamprofileid" value="2a483f68-27bc-ed11-9886-000d3addcd24" />
      </record>
      <record id="2c483f68-27bc-ed11-9886-000d3addcd24">
        <field name="importsequencenumber" value="24" />
        <field name="jarvis_name" value="Gent-South-RBU" />
        <field name="ownerid" value="154ef5e2-7e2f-ed11-9db1-0022489db736" lookupentity="systemuser" lookupentityname="Stephan Mars" />
        <field name="owningbusinessunit" value="c3ed74bc-152d-ed11-9db1-000d3adb48a2" lookupentity="businessunit" lookupentityname="org449d870c" />
        <field name="owninguser" value="154ef5e2-7e2f-ed11-9db1-0022489db736" lookupentity="systemuser" />
        <field name="statecode" value="0" />
        <field name="statuscode" value="1" />
        <field name="jarvis_teamprofileid" value="2c483f68-27bc-ed11-9886-000d3addcd24" />
      </record>
      <record id="2e483f68-27bc-ed11-9886-000d3addcd24">
        <field name="importsequencenumber" value="24" />
        <field name="jarvis_name" value="Johannesburg" />
        <field name="ownerid" value="154ef5e2-7e2f-ed11-9db1-0022489db736" lookupentity="systemuser" lookupentityname="Stephan Mars" />
        <field name="owningbusinessunit" value="c3ed74bc-152d-ed11-9db1-000d3adb48a2" lookupentity="businessunit" lookupentityname="org449d870c" />
        <field name="owninguser" value="154ef5e2-7e2f-ed11-9db1-0022489db736" lookupentity="systemuser" />
        <field name="statecode" value="0" />
        <field name="statuscode" value="1" />
        <field name="jarvis_teamprofileid" value="2e483f68-27bc-ed11-9886-000d3addcd24" />
      </record>
      <record id="30483f68-27bc-ed11-9886-000d3addcd24">
        <field name="importsequencenumber" value="24" />
        <field name="jarvis_name" value="Rugby-South-FRIT" />
        <field name="ownerid" value="154ef5e2-7e2f-ed11-9db1-0022489db736" lookupentity="systemuser" lookupentityname="Stephan Mars" />
        <field name="owningbusinessunit" value="c3ed74bc-152d-ed11-9db1-000d3adb48a2" lookupentity="businessunit" lookupentityname="org449d870c" />
        <field name="owninguser" value="154ef5e2-7e2f-ed11-9db1-0022489db736" lookupentity="systemuser" />
        <field name="statecode" value="0" />
        <field name="statuscode" value="1" />
        <field name="jarvis_teamprofileid" value="30483f68-27bc-ed11-9886-000d3addcd24" />
      </record>
      <record id="32483f68-27bc-ed11-9886-000d3addcd24">
        <field name="importsequencenumber" value="24" />
        <field name="jarvis_name" value="Rugby-South-FRESP" />
        <field name="ownerid" value="154ef5e2-7e2f-ed11-9db1-0022489db736" lookupentity="systemuser" lookupentityname="Stephan Mars" />
        <field name="owningbusinessunit" value="c3ed74bc-152d-ed11-9db1-000d3adb48a2" lookupentity="businessunit" lookupentityname="org449d870c" />
        <field name="owninguser" value="154ef5e2-7e2f-ed11-9db1-0022489db736" lookupentity="systemuser" />
        <field name="statecode" value="0" />
        <field name="statuscode" value="1" />
        <field name="jarvis_teamprofileid" value="32483f68-27bc-ed11-9886-000d3addcd24" />
      </record>
      <record id="34483f68-27bc-ed11-9886-000d3addcd24">
        <field name="importsequencenumber" value="24" />
        <field name="jarvis_name" value="Rugby-South-SPIT" />
        <field name="ownerid" value="154ef5e2-7e2f-ed11-9db1-0022489db736" lookupentity="systemuser" lookupentityname="Stephan Mars" />
        <field name="owningbusinessunit" value="c3ed74bc-152d-ed11-9db1-000d3adb48a2" lookupentity="businessunit" lookupentityname="org449d870c" />
        <field name="owninguser" value="154ef5e2-7e2f-ed11-9db1-0022489db736" lookupentity="systemuser" />
        <field name="statecode" value="0" />
        <field name="statuscode" value="1" />
        <field name="jarvis_teamprofileid" value="34483f68-27bc-ed11-9886-000d3addcd24" />
      </record>
      <record id="36483f68-27bc-ed11-9886-000d3addcd24">
        <field name="importsequencenumber" value="24" />
        <field name="jarvis_name" value="Rugby-South-ALL" />
        <field name="ownerid" value="154ef5e2-7e2f-ed11-9db1-0022489db736" lookupentity="systemuser" lookupentityname="Stephan Mars" />
        <field name="owningbusinessunit" value="c3ed74bc-152d-ed11-9db1-000d3adb48a2" lookupentity="businessunit" lookupentityname="org449d870c" />
        <field name="owninguser" value="154ef5e2-7e2f-ed11-9db1-0022489db736" lookupentity="systemuser" />
        <field name="statecode" value="0" />
        <field name="statuscode" value="1" />
        <field name="jarvis_teamprofileid" value="36483f68-27bc-ed11-9886-000d3addcd24" />
      </record>
      <record id="38483f68-27bc-ed11-9886-000d3addcd24">
        <field name="importsequencenumber" value="24" />
        <field name="jarvis_name" value="Rugby-UK" />
        <field name="ownerid" value="154ef5e2-7e2f-ed11-9db1-0022489db736" lookupentity="systemuser" lookupentityname="Stephan Mars" />
        <field name="owningbusinessunit" value="c3ed74bc-152d-ed11-9db1-000d3adb48a2" lookupentity="businessunit" lookupentityname="org449d870c" />
        <field name="owninguser" value="154ef5e2-7e2f-ed11-9db1-0022489db736" lookupentity="systemuser" />
        <field name="statecode" value="0" />
        <field name="statuscode" value="1" />
        <field name="jarvis_teamprofileid" value="38483f68-27bc-ed11-9886-000d3addcd24" />
      </record>
    </records>
    <m2mrelationships />
  </entity>
</entities>