
<entities xmlns:xsd="http://www.w3.org/2001/XMLSchema" xmlns:xsi="http://www.w3.org/2001/XMLSchema-instance" timestamp="2023-03-27T13:54:33.8697098Z">
  <entity name="jarvis_casestatus" displayname="Case Force Close Status">
    <records>
      <record id="e35f4659-47ca-ed11-b597-000d3addcd24">
        <field name="jarvis_casestatusid" value="e35f4659-47ca-ed11-b597-000d3addcd24" />
        <field name="createdby" value="726ae61c-2734-ed11-9db1-000d3ab28ad2" lookupentity="systemuser" lookupentityname="Huaume Thibaut" />
        <field name="createdon" value="2023-03-24T13:26:19.0000000Z" />
        <field name="importsequencenumber" value="27" />
        <field name="modifiedby" value="726ae61c-2734-ed11-9db1-000d3ab28ad2" lookupentity="systemuser" lookupentityname="Huaume Thibaut" />
        <field name="modifiedon" value="2023-03-24T13:41:00.0000000Z" />
        <field name="jarvis_name" value="Case Reopened" />
        <field name="ownerid" value="726ae61c-2734-ed11-9db1-000d3ab28ad2" lookupentity="systemuser" lookupentityname="Huaume Thibaut" />
        <field name="owningbusinessunit" value="c3ed74bc-152d-ed11-9db1-000d3adb48a2" lookupentity="businessunit" lookupentityname="org449d870c" />
        <field name="owninguser" value="726ae61c-2734-ed11-9db1-000d3ab28ad2" lookupentity="systemuser" />
        <field name="jarvis_serviceline" value="7bfa98b6-816a-ed11-9561-0022489d0994" lookupentity="jarvis_serviceline" lookupentityname="Renault 24/7" />
        <field name="statecode" value="0" />
        <field name="statuscode" value="1" />
      </record>
      <record id="e55f4659-47ca-ed11-b597-000d3addcd24">
        <field name="jarvis_casestatusid" value="e55f4659-47ca-ed11-b597-000d3addcd24" />
        <field name="createdby" value="726ae61c-2734-ed11-9db1-000d3ab28ad2" lookupentity="systemuser" lookupentityname="Huaume Thibaut" />
        <field name="createdon" value="2023-03-24T13:26:19.0000000Z" />
        <field name="importsequencenumber" value="27" />
        <field name="modifiedby" value="726ae61c-2734-ed11-9db1-000d3ab28ad2" lookupentity="systemuser" lookupentityname="Huaume Thibaut" />
        <field name="modifiedon" value="2023-03-24T13:41:00.0000000Z" />
        <field name="jarvis_name" value="Case Resolved" />
        <field name="ownerid" value="726ae61c-2734-ed11-9db1-000d3ab28ad2" lookupentity="systemuser" lookupentityname="Huaume Thibaut" />
        <field name="owningbusinessunit" value="c3ed74bc-152d-ed11-9db1-000d3adb48a2" lookupentity="businessunit" lookupentityname="org449d870c" />
        <field name="owninguser" value="726ae61c-2734-ed11-9db1-000d3ab28ad2" lookupentity="systemuser" />
        <field name="jarvis_serviceline" value="7bfa98b6-816a-ed11-9561-0022489d0994" lookupentity="jarvis_serviceline" lookupentityname="Renault 24/7" />
        <field name="statecode" value="0" />
        <field name="statuscode" value="1" />
      </record>
      <record id="e75f4659-47ca-ed11-b597-000d3addcd24">
        <field name="jarvis_casestatusid" value="e75f4659-47ca-ed11-b597-000d3addcd24" />
        <field name="createdby" value="726ae61c-2734-ed11-9db1-000d3ab28ad2" lookupentity="systemuser" lookupentityname="Huaume Thibaut" />
        <field name="createdon" value="2023-03-24T13:26:19.0000000Z" />
        <field name="importsequencenumber" value="27" />
        <field name="modifiedby" value="726ae61c-2734-ed11-9db1-000d3ab28ad2" lookupentity="systemuser" lookupentityname="Huaume Thibaut" />
        <field name="modifiedon" value="2023-03-24T13:41:00.0000000Z" />
        <field name="jarvis_name" value="ETA Technician" />
        <field name="ownerid" value="726ae61c-2734-ed11-9db1-000d3ab28ad2" lookupentity="systemuser" lookupentityname="Huaume Thibaut" />
        <field name="owningbusinessunit" value="c3ed74bc-152d-ed11-9db1-000d3adb48a2" lookupentity="businessunit" lookupentityname="org449d870c" />
        <field name="owninguser" value="726ae61c-2734-ed11-9db1-000d3ab28ad2" lookupentity="systemuser" />
        <field name="jarvis_serviceline" value="7bfa98b6-816a-ed11-9561-0022489d0994" lookupentity="jarvis_serviceline" lookupentityname="Renault 24/7" />
        <field name="statecode" value="0" />
        <field name="statuscode" value="1" />
      </record>
      <record id="e95f4659-47ca-ed11-b597-000d3addcd24">
        <field name="jarvis_casestatusid" value="e95f4659-47ca-ed11-b597-000d3addcd24" />
        <field name="createdby" value="726ae61c-2734-ed11-9db1-000d3ab28ad2" lookupentity="systemuser" lookupentityname="Huaume Thibaut" />
        <field name="createdon" value="2023-03-24T13:26:19.0000000Z" />
        <field name="importsequencenumber" value="27" />
        <field name="modifiedby" value="726ae61c-2734-ed11-9db1-000d3ab28ad2" lookupentity="systemuser" lookupentityname="Huaume Thibaut" />
        <field name="modifiedon" value="2023-03-24T13:41:01.0000000Z" />
        <field name="jarvis_name" value="Waiting For Repair Start" />
        <field name="ownerid" value="726ae61c-2734-ed11-9db1-000d3ab28ad2" lookupentity="systemuser" lookupentityname="Huaume Thibaut" />
        <field name="owningbusinessunit" value="c3ed74bc-152d-ed11-9db1-000d3adb48a2" lookupentity="businessunit" lookupentityname="org449d870c" />
        <field name="owninguser" value="726ae61c-2734-ed11-9db1-000d3ab28ad2" lookupentity="systemuser" />
        <field name="jarvis_serviceline" value="7bfa98b6-816a-ed11-9561-0022489d0994" lookupentity="jarvis_serviceline" lookupentityname="Renault 24/7" />
        <field name="statecode" value="0" />
        <field name="statuscode" value="1" />
      </record>
      <record id="eb5f4659-47ca-ed11-b597-000d3addcd24">
        <field name="jarvis_casestatusid" value="eb5f4659-47ca-ed11-b597-000d3addcd24" />
        <field name="createdby" value="726ae61c-2734-ed11-9db1-000d3ab28ad2" lookupentity="systemuser" lookupentityname="Huaume Thibaut" />
        <field name="createdon" value="2023-03-24T13:26:19.0000000Z" />
        <field name="importsequencenumber" value="27" />
        <field name="modifiedby" value="726ae61c-2734-ed11-9db1-000d3ab28ad2" lookupentity="systemuser" lookupentityname="Huaume Thibaut" />
        <field name="modifiedon" value="2023-03-24T13:41:01.0000000Z" />
        <field name="jarvis_name" value="Repair Ongoing" />
        <field name="ownerid" value="726ae61c-2734-ed11-9db1-000d3ab28ad2" lookupentity="systemuser" lookupentityname="Huaume Thibaut" />
        <field name="owningbusinessunit" value="c3ed74bc-152d-ed11-9db1-000d3adb48a2" lookupentity="businessunit" lookupentityname="org449d870c" />
        <field name="owninguser" value="726ae61c-2734-ed11-9db1-000d3ab28ad2" lookupentity="systemuser" />
        <field name="jarvis_serviceline" value="7bfa98b6-816a-ed11-9561-0022489d0994" lookupentity="jarvis_serviceline" lookupentityname="Renault 24/7" />
        <field name="statecode" value="0" />
        <field name="statuscode" value="1" />
      </record>
      <record id="ed5f4659-47ca-ed11-b597-000d3addcd24">
        <field name="jarvis_casestatusid" value="ed5f4659-47ca-ed11-b597-000d3addcd24" />
        <field name="createdby" value="726ae61c-2734-ed11-9db1-000d3ab28ad2" lookupentity="systemuser" lookupentityname="Huaume Thibaut" />
        <field name="createdon" value="2023-03-24T13:26:19.0000000Z" />
        <field name="importsequencenumber" value="27" />
        <field name="modifiedby" value="726ae61c-2734-ed11-9db1-000d3ab28ad2" lookupentity="systemuser" lookupentityname="Huaume Thibaut" />
        <field name="modifiedon" value="2023-03-24T13:41:01.0000000Z" />
        <field name="jarvis_name" value="Repair Finished" />
        <field name="ownerid" value="726ae61c-2734-ed11-9db1-000d3ab28ad2" lookupentity="systemuser" lookupentityname="Huaume Thibaut" />
        <field name="owningbusinessunit" value="c3ed74bc-152d-ed11-9db1-000d3adb48a2" lookupentity="businessunit" lookupentityname="org449d870c" />
        <field name="owninguser" value="726ae61c-2734-ed11-9db1-000d3ab28ad2" lookupentity="systemuser" />
        <field name="jarvis_serviceline" value="7bfa98b6-816a-ed11-9561-0022489d0994" lookupentity="jarvis_serviceline" lookupentityname="Renault 24/7" />
        <field name="statecode" value="0" />
        <field name="statuscode" value="1" />
      </record>
      <record id="ef5f4659-47ca-ed11-b597-000d3addcd24">
        <field name="jarvis_casestatusid" value="ef5f4659-47ca-ed11-b597-000d3addcd24" />
        <field name="createdby" value="726ae61c-2734-ed11-9db1-000d3ab28ad2" lookupentity="systemuser" lookupentityname="Huaume Thibaut" />
        <field name="createdon" value="2023-03-24T13:26:19.0000000Z" />
        <field name="importsequencenumber" value="27" />
        <field name="modifiedby" value="726ae61c-2734-ed11-9db1-000d3ab28ad2" lookupentity="systemuser" lookupentityname="Huaume Thibaut" />
        <field name="modifiedon" value="2023-03-24T13:41:01.0000000Z" />
        <field name="jarvis_name" value="Repair Summary" />
        <field name="ownerid" value="726ae61c-2734-ed11-9db1-000d3ab28ad2" lookupentity="systemuser" lookupentityname="Huaume Thibaut" />
        <field name="owningbusinessunit" value="c3ed74bc-152d-ed11-9db1-000d3adb48a2" lookupentity="businessunit" lookupentityname="org449d870c" />
        <field name="owninguser" value="726ae61c-2734-ed11-9db1-000d3ab28ad2" lookupentity="systemuser" />
        <field name="jarvis_serviceline" value="7bfa98b6-816a-ed11-9561-0022489d0994" lookupentity="jarvis_serviceline" lookupentityname="Renault 24/7" />
        <field name="statecode" value="0" />
        <field name="statuscode" value="1" />
      </record>
      <record id="f15f4659-47ca-ed11-b597-000d3addcd24">
        <field name="jarvis_casestatusid" value="f15f4659-47ca-ed11-b597-000d3addcd24" />
        <field name="createdby" value="726ae61c-2734-ed11-9db1-000d3ab28ad2" lookupentity="systemuser" lookupentityname="Huaume Thibaut" />
        <field name="createdon" value="2023-03-24T13:26:19.0000000Z" />
        <field name="importsequencenumber" value="27" />
        <field name="modifiedby" value="726ae61c-2734-ed11-9db1-000d3ab28ad2" lookupentity="systemuser" lookupentityname="Huaume Thibaut" />
        <field name="modifiedon" value="2023-03-24T13:41:00.0000000Z" />
        <field name="jarvis_name" value="Case Closure" />
        <field name="ownerid" value="726ae61c-2734-ed11-9db1-000d3ab28ad2" lookupentity="systemuser" lookupentityname="Huaume Thibaut" />
        <field name="owningbusinessunit" value="c3ed74bc-152d-ed11-9db1-000d3adb48a2" lookupentity="businessunit" lookupentityname="org449d870c" />
        <field name="owninguser" value="726ae61c-2734-ed11-9db1-000d3ab28ad2" lookupentity="systemuser" />
        <field name="jarvis_serviceline" value="7bfa98b6-816a-ed11-9561-0022489d0994" lookupentity="jarvis_serviceline" lookupentityname="Renault 24/7" />
        <field name="statecode" value="0" />
        <field name="statuscode" value="1" />
      </record>
      <record id="f35f4659-47ca-ed11-b597-000d3addcd24">
        <field name="jarvis_casestatusid" value="f35f4659-47ca-ed11-b597-000d3addcd24" />
        <field name="createdby" value="726ae61c-2734-ed11-9db1-000d3ab28ad2" lookupentity="systemuser" lookupentityname="Huaume Thibaut" />
        <field name="createdon" value="2023-03-24T13:26:19.0000000Z" />
        <field name="importsequencenumber" value="27" />
        <field name="modifiedby" value="726ae61c-2734-ed11-9db1-000d3ab28ad2" lookupentity="systemuser" lookupentityname="Huaume Thibaut" />
        <field name="modifiedon" value="2023-03-24T13:41:00.0000000Z" />
        <field name="jarvis_name" value="Case Opening" />
        <field name="ownerid" value="726ae61c-2734-ed11-9db1-000d3ab28ad2" lookupentity="systemuser" lookupentityname="Huaume Thibaut" />
        <field name="owningbusinessunit" value="c3ed74bc-152d-ed11-9db1-000d3adb48a2" lookupentity="businessunit" lookupentityname="org449d870c" />
        <field name="owninguser" value="726ae61c-2734-ed11-9db1-000d3ab28ad2" lookupentity="systemuser" />
        <field name="jarvis_serviceline" value="7bfa98b6-816a-ed11-9561-0022489d0994" lookupentity="jarvis_serviceline" lookupentityname="Renault 24/7" />
        <field name="statecode" value="0" />
        <field name="statuscode" value="1" />
      </record>
      <record id="f55f4659-47ca-ed11-b597-000d3addcd24">
        <field name="jarvis_casestatusid" value="f55f4659-47ca-ed11-b597-000d3addcd24" />
        <field name="createdby" value="726ae61c-2734-ed11-9db1-000d3ab28ad2" lookupentity="systemuser" lookupentityname="Huaume Thibaut" />
        <field name="createdon" value="2023-03-24T13:26:19.0000000Z" />
        <field name="importsequencenumber" value="27" />
        <field name="modifiedby" value="726ae61c-2734-ed11-9db1-000d3ab28ad2" lookupentity="systemuser" lookupentityname="Huaume Thibaut" />
        <field name="modifiedon" value="2023-03-24T13:41:00.0000000Z" />
        <field name="jarvis_name" value="Guarantee of Payment" />
        <field name="ownerid" value="726ae61c-2734-ed11-9db1-000d3ab28ad2" lookupentity="systemuser" lookupentityname="Huaume Thibaut" />
        <field name="owningbusinessunit" value="c3ed74bc-152d-ed11-9db1-000d3adb48a2" lookupentity="businessunit" lookupentityname="org449d870c" />
        <field name="owninguser" value="726ae61c-2734-ed11-9db1-000d3ab28ad2" lookupentity="systemuser" />
        <field name="jarvis_serviceline" value="7bfa98b6-816a-ed11-9561-0022489d0994" lookupentity="jarvis_serviceline" lookupentityname="Renault 24/7" />
        <field name="statecode" value="0" />
        <field name="statuscode" value="1" />
      </record>
      <record id="f75f4659-47ca-ed11-b597-000d3addcd24">
        <field name="jarvis_casestatusid" value="f75f4659-47ca-ed11-b597-000d3addcd24" />
        <field name="createdby" value="726ae61c-2734-ed11-9db1-000d3ab28ad2" lookupentity="systemuser" lookupentityname="Huaume Thibaut" />
        <field name="createdon" value="2023-03-24T13:26:19.0000000Z" />
        <field name="importsequencenumber" value="27" />
        <field name="modifiedby" value="726ae61c-2734-ed11-9db1-000d3ab28ad2" lookupentity="systemuser" lookupentityname="Huaume Thibaut" />
        <field name="modifiedon" value="2023-03-24T13:41:00.0000000Z" />
        <field name="jarvis_name" value="Pass Out" />
        <field name="ownerid" value="726ae61c-2734-ed11-9db1-000d3ab28ad2" lookupentity="systemuser" lookupentityname="Huaume Thibaut" />
        <field name="owningbusinessunit" value="c3ed74bc-152d-ed11-9db1-000d3adb48a2" lookupentity="businessunit" lookupentityname="org449d870c" />
        <field name="owninguser" value="726ae61c-2734-ed11-9db1-000d3ab28ad2" lookupentity="systemuser" />
        <field name="jarvis_serviceline" value="7bfa98b6-816a-ed11-9561-0022489d0994" lookupentity="jarvis_serviceline" lookupentityname="Renault 24/7" />
        <field name="statecode" value="0" />
        <field name="statuscode" value="1" />
      </record>
      <record id="f95f4659-47ca-ed11-b597-000d3addcd24">
        <field name="jarvis_casestatusid" value="f95f4659-47ca-ed11-b597-000d3addcd24" />
        <field name="createdby" value="726ae61c-2734-ed11-9db1-000d3ab28ad2" lookupentity="systemuser" lookupentityname="Huaume Thibaut" />
        <field name="createdon" value="2023-03-24T13:26:19.0000000Z" />
        <field name="importsequencenumber" value="27" />
        <field name="modifiedby" value="726ae61c-2734-ed11-9db1-000d3ab28ad2" lookupentity="systemuser" lookupentityname="Huaume Thibaut" />
        <field name="modifiedon" value="2023-03-24T13:41:01.0000000Z" />
        <field name="jarvis_name" value="Case Reopened" />
        <field name="ownerid" value="726ae61c-2734-ed11-9db1-000d3ab28ad2" lookupentity="systemuser" lookupentityname="Huaume Thibaut" />
        <field name="owningbusinessunit" value="c3ed74bc-152d-ed11-9db1-000d3adb48a2" lookupentity="businessunit" lookupentityname="org449d870c" />
        <field name="owninguser" value="726ae61c-2734-ed11-9db1-000d3ab28ad2" lookupentity="systemuser" />
        <field name="jarvis_serviceline" value="de2a57bd-816a-ed11-9561-0022489d0994" lookupentity="jarvis_serviceline" lookupentityname="Volvo Action Service" />
        <field name="statecode" value="0" />
        <field name="statuscode" value="1" />
      </record>
      <record id="fb5f4659-47ca-ed11-b597-000d3addcd24">
        <field name="jarvis_casestatusid" value="fb5f4659-47ca-ed11-b597-000d3addcd24" />
        <field name="createdby" value="726ae61c-2734-ed11-9db1-000d3ab28ad2" lookupentity="systemuser" lookupentityname="Huaume Thibaut" />
        <field name="createdon" value="2023-03-24T13:26:20.0000000Z" />
        <field name="importsequencenumber" value="27" />
        <field name="modifiedby" value="726ae61c-2734-ed11-9db1-000d3ab28ad2" lookupentity="systemuser" lookupentityname="Huaume Thibaut" />
        <field name="modifiedon" value="2023-03-24T13:41:01.0000000Z" />
        <field name="jarvis_name" value="Case Resolved" />
        <field name="ownerid" value="726ae61c-2734-ed11-9db1-000d3ab28ad2" lookupentity="systemuser" lookupentityname="Huaume Thibaut" />
        <field name="owningbusinessunit" value="c3ed74bc-152d-ed11-9db1-000d3adb48a2" lookupentity="businessunit" lookupentityname="org449d870c" />
        <field name="owninguser" value="726ae61c-2734-ed11-9db1-000d3ab28ad2" lookupentity="systemuser" />
        <field name="jarvis_serviceline" value="de2a57bd-816a-ed11-9561-0022489d0994" lookupentity="jarvis_serviceline" lookupentityname="Volvo Action Service" />
        <field name="statecode" value="0" />
        <field name="statuscode" value="1" />
      </record>
      <record id="fd5f4659-47ca-ed11-b597-000d3addcd24">
        <field name="jarvis_casestatusid" value="fd5f4659-47ca-ed11-b597-000d3addcd24" />
        <field name="createdby" value="726ae61c-2734-ed11-9db1-000d3ab28ad2" lookupentity="systemuser" lookupentityname="Huaume Thibaut" />
        <field name="createdon" value="2023-03-24T13:26:20.0000000Z" />
        <field name="importsequencenumber" value="27" />
        <field name="modifiedby" value="726ae61c-2734-ed11-9db1-000d3ab28ad2" lookupentity="systemuser" lookupentityname="Huaume Thibaut" />
        <field name="modifiedon" value="2023-03-24T13:41:01.0000000Z" />
        <field name="jarvis_name" value="ETA Technician" />
        <field name="ownerid" value="726ae61c-2734-ed11-9db1-000d3ab28ad2" lookupentity="systemuser" lookupentityname="Huaume Thibaut" />
        <field name="owningbusinessunit" value="c3ed74bc-152d-ed11-9db1-000d3adb48a2" lookupentity="businessunit" lookupentityname="org449d870c" />
        <field name="owninguser" value="726ae61c-2734-ed11-9db1-000d3ab28ad2" lookupentity="systemuser" />
        <field name="jarvis_serviceline" value="de2a57bd-816a-ed11-9561-0022489d0994" lookupentity="jarvis_serviceline" lookupentityname="Volvo Action Service" />
        <field name="statecode" value="0" />
        <field name="statuscode" value="1" />
      </record>
      <record id="ff5f4659-47ca-ed11-b597-000d3addcd24">
        <field name="jarvis_casestatusid" value="ff5f4659-47ca-ed11-b597-000d3addcd24" />
        <field name="createdby" value="726ae61c-2734-ed11-9db1-000d3ab28ad2" lookupentity="systemuser" lookupentityname="Huaume Thibaut" />
        <field name="createdon" value="2023-03-24T13:26:20.0000000Z" />
        <field name="importsequencenumber" value="27" />
        <field name="modifiedby" value="726ae61c-2734-ed11-9db1-000d3ab28ad2" lookupentity="systemuser" lookupentityname="Huaume Thibaut" />
        <field name="modifiedon" value="2023-03-24T13:41:01.0000000Z" />
        <field name="jarvis_name" value="Waiting For Repair Start" />
        <field name="ownerid" value="726ae61c-2734-ed11-9db1-000d3ab28ad2" lookupentity="systemuser" lookupentityname="Huaume Thibaut" />
        <field name="owningbusinessunit" value="c3ed74bc-152d-ed11-9db1-000d3adb48a2" lookupentity="businessunit" lookupentityname="org449d870c" />
        <field name="owninguser" value="726ae61c-2734-ed11-9db1-000d3ab28ad2" lookupentity="systemuser" />
        <field name="jarvis_serviceline" value="de2a57bd-816a-ed11-9561-0022489d0994" lookupentity="jarvis_serviceline" lookupentityname="Volvo Action Service" />
        <field name="statecode" value="0" />
        <field name="statuscode" value="1" />
      </record>
      <record id="01604659-47ca-ed11-b597-000d3addcd24">
        <field name="jarvis_casestatusid" value="01604659-47ca-ed11-b597-000d3addcd24" />
        <field name="createdby" value="726ae61c-2734-ed11-9db1-000d3ab28ad2" lookupentity="systemuser" lookupentityname="Huaume Thibaut" />
        <field name="createdon" value="2023-03-24T13:26:20.0000000Z" />
        <field name="importsequencenumber" value="27" />
        <field name="modifiedby" value="726ae61c-2734-ed11-9db1-000d3ab28ad2" lookupentity="systemuser" lookupentityname="Huaume Thibaut" />
        <field name="modifiedon" value="2023-03-24T13:41:01.0000000Z" />
        <field name="jarvis_name" value="Repair Ongoing" />
        <field name="ownerid" value="726ae61c-2734-ed11-9db1-000d3ab28ad2" lookupentity="systemuser" lookupentityname="Huaume Thibaut" />
        <field name="owningbusinessunit" value="c3ed74bc-152d-ed11-9db1-000d3adb48a2" lookupentity="businessunit" lookupentityname="org449d870c" />
        <field name="owninguser" value="726ae61c-2734-ed11-9db1-000d3ab28ad2" lookupentity="systemuser" />
        <field name="jarvis_serviceline" value="de2a57bd-816a-ed11-9561-0022489d0994" lookupentity="jarvis_serviceline" lookupentityname="Volvo Action Service" />
        <field name="statecode" value="0" />
        <field name="statuscode" value="1" />
      </record>
      <record id="03604659-47ca-ed11-b597-000d3addcd24">
        <field name="jarvis_casestatusid" value="03604659-47ca-ed11-b597-000d3addcd24" />
        <field name="createdby" value="726ae61c-2734-ed11-9db1-000d3ab28ad2" lookupentity="systemuser" lookupentityname="Huaume Thibaut" />
        <field name="createdon" value="2023-03-24T13:26:20.0000000Z" />
        <field name="importsequencenumber" value="27" />
        <field name="modifiedby" value="726ae61c-2734-ed11-9db1-000d3ab28ad2" lookupentity="systemuser" lookupentityname="Huaume Thibaut" />
        <field name="modifiedon" value="2023-03-24T13:41:01.0000000Z" />
        <field name="jarvis_name" value="Repair Finished" />
        <field name="ownerid" value="726ae61c-2734-ed11-9db1-000d3ab28ad2" lookupentity="systemuser" lookupentityname="Huaume Thibaut" />
        <field name="owningbusinessunit" value="c3ed74bc-152d-ed11-9db1-000d3adb48a2" lookupentity="businessunit" lookupentityname="org449d870c" />
        <field name="owninguser" value="726ae61c-2734-ed11-9db1-000d3ab28ad2" lookupentity="systemuser" />
        <field name="jarvis_serviceline" value="de2a57bd-816a-ed11-9561-0022489d0994" lookupentity="jarvis_serviceline" lookupentityname="Volvo Action Service" />
        <field name="statecode" value="0" />
        <field name="statuscode" value="1" />
      </record>
      <record id="05604659-47ca-ed11-b597-000d3addcd24">
        <field name="jarvis_casestatusid" value="05604659-47ca-ed11-b597-000d3addcd24" />
        <field name="createdby" value="726ae61c-2734-ed11-9db1-000d3ab28ad2" lookupentity="systemuser" lookupentityname="Huaume Thibaut" />
        <field name="createdon" value="2023-03-24T13:26:20.0000000Z" />
        <field name="importsequencenumber" value="27" />
        <field name="modifiedby" value="726ae61c-2734-ed11-9db1-000d3ab28ad2" lookupentity="systemuser" lookupentityname="Huaume Thibaut" />
        <field name="modifiedon" value="2023-03-24T13:41:01.0000000Z" />
        <field name="jarvis_name" value="Repair Summary" />
        <field name="ownerid" value="726ae61c-2734-ed11-9db1-000d3ab28ad2" lookupentity="systemuser" lookupentityname="Huaume Thibaut" />
        <field name="owningbusinessunit" value="c3ed74bc-152d-ed11-9db1-000d3adb48a2" lookupentity="businessunit" lookupentityname="org449d870c" />
        <field name="owninguser" value="726ae61c-2734-ed11-9db1-000d3ab28ad2" lookupentity="systemuser" />
        <field name="jarvis_serviceline" value="de2a57bd-816a-ed11-9561-0022489d0994" lookupentity="jarvis_serviceline" lookupentityname="Volvo Action Service" />
        <field name="statecode" value="0" />
        <field name="statuscode" value="1" />
      </record>
      <record id="07604659-47ca-ed11-b597-000d3addcd24">
        <field name="jarvis_casestatusid" value="07604659-47ca-ed11-b597-000d3addcd24" />
        <field name="createdby" value="726ae61c-2734-ed11-9db1-000d3ab28ad2" lookupentity="systemuser" lookupentityname="Huaume Thibaut" />
        <field name="createdon" value="2023-03-24T13:26:20.0000000Z" />
        <field name="importsequencenumber" value="27" />
        <field name="modifiedby" value="726ae61c-2734-ed11-9db1-000d3ab28ad2" lookupentity="systemuser" lookupentityname="Huaume Thibaut" />
        <field name="modifiedon" value="2023-03-24T13:41:01.0000000Z" />
        <field name="jarvis_name" value="Case Closure" />
        <field name="ownerid" value="726ae61c-2734-ed11-9db1-000d3ab28ad2" lookupentity="systemuser" lookupentityname="Huaume Thibaut" />
        <field name="owningbusinessunit" value="c3ed74bc-152d-ed11-9db1-000d3adb48a2" lookupentity="businessunit" lookupentityname="org449d870c" />
        <field name="owninguser" value="726ae61c-2734-ed11-9db1-000d3ab28ad2" lookupentity="systemuser" />
        <field name="jarvis_serviceline" value="de2a57bd-816a-ed11-9561-0022489d0994" lookupentity="jarvis_serviceline" lookupentityname="Volvo Action Service" />
        <field name="statecode" value="0" />
        <field name="statuscode" value="1" />
      </record>
      <record id="09604659-47ca-ed11-b597-000d3addcd24">
        <field name="jarvis_casestatusid" value="09604659-47ca-ed11-b597-000d3addcd24" />
        <field name="createdby" value="726ae61c-2734-ed11-9db1-000d3ab28ad2" lookupentity="systemuser" lookupentityname="Huaume Thibaut" />
        <field name="createdon" value="2023-03-24T13:26:20.0000000Z" />
        <field name="importsequencenumber" value="27" />
        <field name="modifiedby" value="726ae61c-2734-ed11-9db1-000d3ab28ad2" lookupentity="systemuser" lookupentityname="Huaume Thibaut" />
        <field name="modifiedon" value="2023-03-24T13:41:01.0000000Z" />
        <field name="jarvis_name" value="Guarantee of Payment" />
        <field name="ownerid" value="726ae61c-2734-ed11-9db1-000d3ab28ad2" lookupentity="systemuser" lookupentityname="Huaume Thibaut" />
        <field name="owningbusinessunit" value="c3ed74bc-152d-ed11-9db1-000d3adb48a2" lookupentity="businessunit" lookupentityname="org449d870c" />
        <field name="owninguser" value="726ae61c-2734-ed11-9db1-000d3ab28ad2" lookupentity="systemuser" />
        <field name="jarvis_serviceline" value="de2a57bd-816a-ed11-9561-0022489d0994" lookupentity="jarvis_serviceline" lookupentityname="Volvo Action Service" />
        <field name="statecode" value="0" />
        <field name="statuscode" value="1" />
      </record>
      <record id="0b604659-47ca-ed11-b597-000d3addcd24">
        <field name="jarvis_casestatusid" value="0b604659-47ca-ed11-b597-000d3addcd24" />
        <field name="createdby" value="726ae61c-2734-ed11-9db1-000d3ab28ad2" lookupentity="systemuser" lookupentityname="Huaume Thibaut" />
        <field name="createdon" value="2023-03-24T13:26:20.0000000Z" />
        <field name="importsequencenumber" value="27" />
        <field name="modifiedby" value="726ae61c-2734-ed11-9db1-000d3ab28ad2" lookupentity="systemuser" lookupentityname="Huaume Thibaut" />
        <field name="modifiedon" value="2023-03-24T13:41:01.0000000Z" />
        <field name="jarvis_name" value="Pass Out" />
        <field name="ownerid" value="726ae61c-2734-ed11-9db1-000d3ab28ad2" lookupentity="systemuser" lookupentityname="Huaume Thibaut" />
        <field name="owningbusinessunit" value="c3ed74bc-152d-ed11-9db1-000d3adb48a2" lookupentity="businessunit" lookupentityname="org449d870c" />
        <field name="owninguser" value="726ae61c-2734-ed11-9db1-000d3ab28ad2" lookupentity="systemuser" />
        <field name="jarvis_serviceline" value="de2a57bd-816a-ed11-9561-0022489d0994" lookupentity="jarvis_serviceline" lookupentityname="Volvo Action Service" />
        <field name="statecode" value="0" />
        <field name="statuscode" value="1" />
      </record>
      <record id="0d604659-47ca-ed11-b597-000d3addcd24">
        <field name="jarvis_casestatusid" value="0d604659-47ca-ed11-b597-000d3addcd24" />
        <field name="createdby" value="726ae61c-2734-ed11-9db1-000d3ab28ad2" lookupentity="systemuser" lookupentityname="Huaume Thibaut" />
        <field name="createdon" value="2023-03-24T13:26:20.0000000Z" />
        <field name="importsequencenumber" value="27" />
        <field name="modifiedby" value="726ae61c-2734-ed11-9db1-000d3ab28ad2" lookupentity="systemuser" lookupentityname="Huaume Thibaut" />
        <field name="modifiedon" value="2023-03-24T13:41:01.0000000Z" />
        <field name="jarvis_name" value="Case Opening" />
        <field name="ownerid" value="726ae61c-2734-ed11-9db1-000d3ab28ad2" lookupentity="systemuser" lookupentityname="Huaume Thibaut" />
        <field name="owningbusinessunit" value="c3ed74bc-152d-ed11-9db1-000d3adb48a2" lookupentity="businessunit" lookupentityname="org449d870c" />
        <field name="owninguser" value="726ae61c-2734-ed11-9db1-000d3ab28ad2" lookupentity="systemuser" />
        <field name="jarvis_serviceline" value="de2a57bd-816a-ed11-9561-0022489d0994" lookupentity="jarvis_serviceline" lookupentityname="Volvo Action Service" />
        <field name="statecode" value="0" />
        <field name="statuscode" value="1" />
      </record>
      <record id="0f604659-47ca-ed11-b597-000d3addcd24">
        <field name="jarvis_casestatusid" value="0f604659-47ca-ed11-b597-000d3addcd24" />
        <field name="createdby" value="726ae61c-2734-ed11-9db1-000d3ab28ad2" lookupentity="systemuser" lookupentityname="Huaume Thibaut" />
        <field name="createdon" value="2023-03-24T13:26:20.0000000Z" />
        <field name="importsequencenumber" value="27" />
        <field name="modifiedby" value="726ae61c-2734-ed11-9db1-000d3ab28ad2" lookupentity="systemuser" lookupentityname="Huaume Thibaut" />
        <field name="modifiedon" value="2023-03-24T13:41:00.0000000Z" />
        <field name="jarvis_name" value="Case Reopened" />
        <field name="ownerid" value="726ae61c-2734-ed11-9db1-000d3ab28ad2" lookupentity="systemuser" lookupentityname="Huaume Thibaut" />
        <field name="owningbusinessunit" value="c3ed74bc-152d-ed11-9db1-000d3adb48a2" lookupentity="businessunit" lookupentityname="org449d870c" />
        <field name="owninguser" value="726ae61c-2734-ed11-9db1-000d3ab28ad2" lookupentity="systemuser" />
        <field name="jarvis_serviceline" value="1c895fa8-816a-ed11-9561-0022489d0994" lookupentity="jarvis_serviceline" lookupentityname="Mack" />
        <field name="statecode" value="0" />
        <field name="statuscode" value="1" />
      </record>
      <record id="11604659-47ca-ed11-b597-000d3addcd24">
        <field name="jarvis_casestatusid" value="11604659-47ca-ed11-b597-000d3addcd24" />
        <field name="createdby" value="726ae61c-2734-ed11-9db1-000d3ab28ad2" lookupentity="systemuser" lookupentityname="Huaume Thibaut" />
        <field name="createdon" value="2023-03-24T13:26:20.0000000Z" />
        <field name="importsequencenumber" value="27" />
        <field name="modifiedby" value="726ae61c-2734-ed11-9db1-000d3ab28ad2" lookupentity="systemuser" lookupentityname="Huaume Thibaut" />
        <field name="modifiedon" value="2023-03-24T13:41:00.0000000Z" />
        <field name="jarvis_name" value="Case Resolved" />
        <field name="ownerid" value="726ae61c-2734-ed11-9db1-000d3ab28ad2" lookupentity="systemuser" lookupentityname="Huaume Thibaut" />
        <field name="owningbusinessunit" value="c3ed74bc-152d-ed11-9db1-000d3adb48a2" lookupentity="businessunit" lookupentityname="org449d870c" />
        <field name="owninguser" value="726ae61c-2734-ed11-9db1-000d3ab28ad2" lookupentity="systemuser" />
        <field name="jarvis_serviceline" value="1c895fa8-816a-ed11-9561-0022489d0994" lookupentity="jarvis_serviceline" lookupentityname="Mack" />
        <field name="statecode" value="0" />
        <field name="statuscode" value="1" />
      </record>
      <record id="13604659-47ca-ed11-b597-000d3addcd24">
        <field name="jarvis_casestatusid" value="13604659-47ca-ed11-b597-000d3addcd24" />
        <field name="createdby" value="726ae61c-2734-ed11-9db1-000d3ab28ad2" lookupentity="systemuser" lookupentityname="Huaume Thibaut" />
        <field name="createdon" value="2023-03-24T13:26:20.0000000Z" />
        <field name="importsequencenumber" value="27" />
        <field name="modifiedby" value="726ae61c-2734-ed11-9db1-000d3ab28ad2" lookupentity="systemuser" lookupentityname="Huaume Thibaut" />
        <field name="modifiedon" value="2023-03-24T13:41:00.0000000Z" />
        <field name="jarvis_name" value="ETA Technician" />
        <field name="ownerid" value="726ae61c-2734-ed11-9db1-000d3ab28ad2" lookupentity="systemuser" lookupentityname="Huaume Thibaut" />
        <field name="owningbusinessunit" value="c3ed74bc-152d-ed11-9db1-000d3adb48a2" lookupentity="businessunit" lookupentityname="org449d870c" />
        <field name="owninguser" value="726ae61c-2734-ed11-9db1-000d3ab28ad2" lookupentity="systemuser" />
        <field name="jarvis_serviceline" value="1c895fa8-816a-ed11-9561-0022489d0994" lookupentity="jarvis_serviceline" lookupentityname="Mack" />
        <field name="statecode" value="0" />
        <field name="statuscode" value="1" />
      </record>
      <record id="15604659-47ca-ed11-b597-000d3addcd24">
        <field name="jarvis_casestatusid" value="15604659-47ca-ed11-b597-000d3addcd24" />
        <field name="createdby" value="726ae61c-2734-ed11-9db1-000d3ab28ad2" lookupentity="systemuser" lookupentityname="Huaume Thibaut" />
        <field name="createdon" value="2023-03-24T13:26:20.0000000Z" />
        <field name="importsequencenumber" value="27" />
        <field name="modifiedby" value="726ae61c-2734-ed11-9db1-000d3ab28ad2" lookupentity="systemuser" lookupentityname="Huaume Thibaut" />
        <field name="modifiedon" value="2023-03-24T13:41:00.0000000Z" />
        <field name="jarvis_name" value="Waiting For Repair Start" />
        <field name="ownerid" value="726ae61c-2734-ed11-9db1-000d3ab28ad2" lookupentity="systemuser" lookupentityname="Huaume Thibaut" />
        <field name="owningbusinessunit" value="c3ed74bc-152d-ed11-9db1-000d3adb48a2" lookupentity="businessunit" lookupentityname="org449d870c" />
        <field name="owninguser" value="726ae61c-2734-ed11-9db1-000d3ab28ad2" lookupentity="systemuser" />
        <field name="jarvis_serviceline" value="1c895fa8-816a-ed11-9561-0022489d0994" lookupentity="jarvis_serviceline" lookupentityname="Mack" />
        <field name="statecode" value="0" />
        <field name="statuscode" value="1" />
      </record>
      <record id="17604659-47ca-ed11-b597-000d3addcd24">
        <field name="jarvis_casestatusid" value="17604659-47ca-ed11-b597-000d3addcd24" />
        <field name="createdby" value="726ae61c-2734-ed11-9db1-000d3ab28ad2" lookupentity="systemuser" lookupentityname="Huaume Thibaut" />
        <field name="createdon" value="2023-03-24T13:26:20.0000000Z" />
        <field name="importsequencenumber" value="27" />
        <field name="modifiedby" value="726ae61c-2734-ed11-9db1-000d3ab28ad2" lookupentity="systemuser" lookupentityname="Huaume Thibaut" />
        <field name="modifiedon" value="2023-03-24T13:41:00.0000000Z" />
        <field name="jarvis_name" value="Repair Ongoing" />
        <field name="ownerid" value="726ae61c-2734-ed11-9db1-000d3ab28ad2" lookupentity="systemuser" lookupentityname="Huaume Thibaut" />
        <field name="owningbusinessunit" value="c3ed74bc-152d-ed11-9db1-000d3adb48a2" lookupentity="businessunit" lookupentityname="org449d870c" />
        <field name="owninguser" value="726ae61c-2734-ed11-9db1-000d3ab28ad2" lookupentity="systemuser" />
        <field name="jarvis_serviceline" value="1c895fa8-816a-ed11-9561-0022489d0994" lookupentity="jarvis_serviceline" lookupentityname="Mack" />
        <field name="statecode" value="0" />
        <field name="statuscode" value="1" />
      </record>
      <record id="19604659-47ca-ed11-b597-000d3addcd24">
        <field name="jarvis_casestatusid" value="19604659-47ca-ed11-b597-000d3addcd24" />
        <field name="createdby" value="726ae61c-2734-ed11-9db1-000d3ab28ad2" lookupentity="systemuser" lookupentityname="Huaume Thibaut" />
        <field name="createdon" value="2023-03-24T13:26:20.0000000Z" />
        <field name="importsequencenumber" value="27" />
        <field name="modifiedby" value="726ae61c-2734-ed11-9db1-000d3ab28ad2" lookupentity="systemuser" lookupentityname="Huaume Thibaut" />
        <field name="modifiedon" value="2023-03-24T13:41:00.0000000Z" />
        <field name="jarvis_name" value="Repair Finished" />
        <field name="ownerid" value="726ae61c-2734-ed11-9db1-000d3ab28ad2" lookupentity="systemuser" lookupentityname="Huaume Thibaut" />
        <field name="owningbusinessunit" value="c3ed74bc-152d-ed11-9db1-000d3adb48a2" lookupentity="businessunit" lookupentityname="org449d870c" />
        <field name="owninguser" value="726ae61c-2734-ed11-9db1-000d3ab28ad2" lookupentity="systemuser" />
        <field name="jarvis_serviceline" value="1c895fa8-816a-ed11-9561-0022489d0994" lookupentity="jarvis_serviceline" lookupentityname="Mack" />
        <field name="statecode" value="0" />
        <field name="statuscode" value="1" />
      </record>
      <record id="1b604659-47ca-ed11-b597-000d3addcd24">
        <field name="jarvis_casestatusid" value="1b604659-47ca-ed11-b597-000d3addcd24" />
        <field name="createdby" value="726ae61c-2734-ed11-9db1-000d3ab28ad2" lookupentity="systemuser" lookupentityname="Huaume Thibaut" />
        <field name="createdon" value="2023-03-24T13:26:20.0000000Z" />
        <field name="importsequencenumber" value="27" />
        <field name="modifiedby" value="726ae61c-2734-ed11-9db1-000d3ab28ad2" lookupentity="systemuser" lookupentityname="Huaume Thibaut" />
        <field name="modifiedon" value="2023-03-24T13:41:00.0000000Z" />
        <field name="jarvis_name" value="Repair Summary" />
        <field name="ownerid" value="726ae61c-2734-ed11-9db1-000d3ab28ad2" lookupentity="systemuser" lookupentityname="Huaume Thibaut" />
        <field name="owningbusinessunit" value="c3ed74bc-152d-ed11-9db1-000d3adb48a2" lookupentity="businessunit" lookupentityname="org449d870c" />
        <field name="owninguser" value="726ae61c-2734-ed11-9db1-000d3ab28ad2" lookupentity="systemuser" />
        <field name="jarvis_serviceline" value="1c895fa8-816a-ed11-9561-0022489d0994" lookupentity="jarvis_serviceline" lookupentityname="Mack" />
        <field name="statecode" value="0" />
        <field name="statuscode" value="1" />
      </record>
      <record id="1d604659-47ca-ed11-b597-000d3addcd24">
        <field name="jarvis_casestatusid" value="1d604659-47ca-ed11-b597-000d3addcd24" />
        <field name="createdby" value="726ae61c-2734-ed11-9db1-000d3ab28ad2" lookupentity="systemuser" lookupentityname="Huaume Thibaut" />
        <field name="createdon" value="2023-03-24T13:26:20.0000000Z" />
        <field name="importsequencenumber" value="27" />
        <field name="modifiedby" value="726ae61c-2734-ed11-9db1-000d3ab28ad2" lookupentity="systemuser" lookupentityname="Huaume Thibaut" />
        <field name="modifiedon" value="2023-03-24T13:40:59.0000000Z" />
        <field name="jarvis_name" value="Case Closure" />
        <field name="ownerid" value="726ae61c-2734-ed11-9db1-000d3ab28ad2" lookupentity="systemuser" lookupentityname="Huaume Thibaut" />
        <field name="owningbusinessunit" value="c3ed74bc-152d-ed11-9db1-000d3adb48a2" lookupentity="businessunit" lookupentityname="org449d870c" />
        <field name="owninguser" value="726ae61c-2734-ed11-9db1-000d3ab28ad2" lookupentity="systemuser" />
        <field name="jarvis_serviceline" value="1c895fa8-816a-ed11-9561-0022489d0994" lookupentity="jarvis_serviceline" lookupentityname="Mack" />
        <field name="statecode" value="0" />
        <field name="statuscode" value="1" />
      </record>
      <record id="1f604659-47ca-ed11-b597-000d3addcd24">
        <field name="jarvis_casestatusid" value="1f604659-47ca-ed11-b597-000d3addcd24" />
        <field name="createdby" value="726ae61c-2734-ed11-9db1-000d3ab28ad2" lookupentity="systemuser" lookupentityname="Huaume Thibaut" />
        <field name="createdon" value="2023-03-24T13:26:20.0000000Z" />
        <field name="importsequencenumber" value="27" />
        <field name="modifiedby" value="726ae61c-2734-ed11-9db1-000d3ab28ad2" lookupentity="systemuser" lookupentityname="Huaume Thibaut" />
        <field name="modifiedon" value="2023-03-24T13:41:00.0000000Z" />
        <field name="jarvis_name" value="Case Opening" />
        <field name="ownerid" value="726ae61c-2734-ed11-9db1-000d3ab28ad2" lookupentity="systemuser" lookupentityname="Huaume Thibaut" />
        <field name="owningbusinessunit" value="c3ed74bc-152d-ed11-9db1-000d3adb48a2" lookupentity="businessunit" lookupentityname="org449d870c" />
        <field name="owninguser" value="726ae61c-2734-ed11-9db1-000d3ab28ad2" lookupentity="systemuser" />
        <field name="jarvis_serviceline" value="1c895fa8-816a-ed11-9561-0022489d0994" lookupentity="jarvis_serviceline" lookupentityname="Mack" />
        <field name="statecode" value="0" />
        <field name="statuscode" value="1" />
      </record>
      <record id="21604659-47ca-ed11-b597-000d3addcd24">
        <field name="jarvis_casestatusid" value="21604659-47ca-ed11-b597-000d3addcd24" />
        <field name="createdby" value="726ae61c-2734-ed11-9db1-000d3ab28ad2" lookupentity="systemuser" lookupentityname="Huaume Thibaut" />
        <field name="createdon" value="2023-03-24T13:26:20.0000000Z" />
        <field name="importsequencenumber" value="27" />
        <field name="modifiedby" value="726ae61c-2734-ed11-9db1-000d3ab28ad2" lookupentity="systemuser" lookupentityname="Huaume Thibaut" />
        <field name="modifiedon" value="2023-03-24T13:41:00.0000000Z" />
        <field name="jarvis_name" value="Guarantee of Payment" />
        <field name="ownerid" value="726ae61c-2734-ed11-9db1-000d3ab28ad2" lookupentity="systemuser" lookupentityname="Huaume Thibaut" />
        <field name="owningbusinessunit" value="c3ed74bc-152d-ed11-9db1-000d3adb48a2" lookupentity="businessunit" lookupentityname="org449d870c" />
        <field name="owninguser" value="726ae61c-2734-ed11-9db1-000d3ab28ad2" lookupentity="systemuser" />
        <field name="jarvis_serviceline" value="1c895fa8-816a-ed11-9561-0022489d0994" lookupentity="jarvis_serviceline" lookupentityname="Mack" />
        <field name="statecode" value="0" />
        <field name="statuscode" value="1" />
      </record>
      <record id="23604659-47ca-ed11-b597-000d3addcd24">
        <field name="jarvis_casestatusid" value="23604659-47ca-ed11-b597-000d3addcd24" />
        <field name="createdby" value="726ae61c-2734-ed11-9db1-000d3ab28ad2" lookupentity="systemuser" lookupentityname="Huaume Thibaut" />
        <field name="createdon" value="2023-03-24T13:26:20.0000000Z" />
        <field name="importsequencenumber" value="27" />
        <field name="modifiedby" value="726ae61c-2734-ed11-9db1-000d3ab28ad2" lookupentity="systemuser" lookupentityname="Huaume Thibaut" />
        <field name="modifiedon" value="2023-03-24T13:41:00.0000000Z" />
        <field name="jarvis_name" value="Pass Out" />
        <field name="ownerid" value="726ae61c-2734-ed11-9db1-000d3ab28ad2" lookupentity="systemuser" lookupentityname="Huaume Thibaut" />
        <field name="owningbusinessunit" value="c3ed74bc-152d-ed11-9db1-000d3adb48a2" lookupentity="businessunit" lookupentityname="org449d870c" />
        <field name="owninguser" value="726ae61c-2734-ed11-9db1-000d3ab28ad2" lookupentity="systemuser" />
        <field name="jarvis_serviceline" value="1c895fa8-816a-ed11-9561-0022489d0994" lookupentity="jarvis_serviceline" lookupentityname="Mack" />
        <field name="statecode" value="0" />
        <field name="statuscode" value="1" />
      </record>
    </records>
    <m2mrelationships />
  </entity>
</entities>