
<entities xmlns:xsd="http://www.w3.org/2001/XMLSchema" xmlns:xsi="http://www.w3.org/2001/XMLSchema-instance" timestamp="2023-01-06T05:45:59.6883991Z">
  <entity name="jarvis_configurationjarvis" displayname="Configuration (Jarvis)">
    <records>
      <record id="bf0b0f2b-698b-ed11-81ad-000d3adf4820">
        <field name="jarvis_configurationjarvisid" value="bf0b0f2b-698b-ed11-81ad-000d3adf4820" />
        <field name="createdby" value="f8a521a2-ca64-ed11-9560-0022489c9ca3" lookupentity="systemuser" lookupentityname="Dipasa Das" />
        <field name="createdon" value="2023-01-03T13:18:53.0000000Z" />
        <field name="transactioncurrencyid" value="80b1d7a8-b56a-ed11-9561-0022489d0994" lookupentity="transactioncurrency" lookupentityname="Pound Sterling" />
        <field name="exchangerate" value="1.000000000000" />
        <field name="modifiedby" value="f8a521a2-ca64-ed11-9560-0022489c9ca3" lookupentity="systemuser" lookupentityname="Dipasa Das" />
        <field name="modifiedon" value="2023-01-03T13:18:53.0000000Z" />
        <field name="jarvis_name" value="VAS Configuration" />
        <field name="ownerid" value="f8a521a2-ca64-ed11-9560-0022489c9ca3" lookupentity="systemuser" lookupentityname="Dipasa Das" />
        <field name="owningbusinessunit" value="c3ed74bc-152d-ed11-9db1-000d3adb48a2" lookupentity="businessunit" lookupentityname="org449d870c" />
        <field name="owninguser" value="f8a521a2-ca64-ed11-9560-0022489c9ca3" lookupentity="systemuser" />
        <field name="jarvis_servicefee" value="50.0000000000" />
        <field name="jarvis_servicefee_base" value="50.0000000000" />
        <field name="statecode" value="0" />
        <field name="statuscode" value="1" />
      </record>
      <record id="583dc0ce-3f6b-ed11-9561-0022489d0994">
        <field name="jarvis_city" value="Oostaker" />
        <field name="jarvis_configurationjarvisid" value="583dc0ce-3f6b-ed11-9561-0022489d0994" />
        <field name="createdby" value="293ebda2-985a-ed11-9562-000d3adf4843" lookupentity="systemuser" lookupentityname="Swathi Sathish Kumar" />
        <field name="createdon" value="2022-11-23T15:02:20.0000000Z" />
        <field name="transactioncurrencyid" value="a457f830-732d-ed11-9db1-000d3adb48a2" lookupentity="transactioncurrency" lookupentityname="Euro" />
        <field name="exchangerate" value="1.000000000000" />
        <field name="jarvis_homedealer" value="38f2500b-316b-ed11-9561-0022489d0994" lookupentity="product" lookupentityname="Home Dealer" />
        <field name="jarvis_internationalfee" value="8bbc6d60-316b-ed11-9561-0022489d0994" lookupentity="product" lookupentityname="International RD" />
        <field name="jarvis_invoicename" value="Volvo Group Belgium NV" />
        <field name="jarvis_invoiceserviceline" value="de2a57bd-816a-ed11-9561-0022489d0994" lookupentity="jarvis_serviceline" lookupentityname="Volvo Action Service" />
        <field name="modifiedby" value="293ebda2-985a-ed11-9562-000d3adf4843" lookupentity="systemuser" lookupentityname="Swathi Sathish Kumar" />
        <field name="modifiedonbehalfby" value="293ebda2-985a-ed11-9562-000d3adf4843" lookupentity="systemuser" lookupentityname="Swathi Sathish Kumar" />
        <field name="modifiedon" value="2022-11-23T17:24:08.0000000Z" />
        <field name="jarvis_name" value="Jarvis Configuration" />
        <field name="jarvis_nationalfee" value="5d141d7a-316b-ed11-9561-0022489d0994" lookupentity="product" lookupentityname="National RD" />
        <field name="ownerid" value="293ebda2-985a-ed11-9562-000d3adf4843" lookupentity="systemuser" lookupentityname="Swathi Sathish Kumar" />
        <field name="owningbusinessunit" value="c3ed74bc-152d-ed11-9db1-000d3adb48a2" lookupentity="businessunit" lookupentityname="org449d870c" />
        <field name="owninguser" value="293ebda2-985a-ed11-9562-000d3adf4843" lookupentity="systemuser" />
        <field name="jarvis_servicefee" value="45.0000000000" />
        <field name="jarvis_servicefee_base" value="45.0000000000" />
        <field name="statecode" value="0" />
        <field name="statuscode" value="1" />
        <field name="jarvis_street" value="Smalleheerweg 29" />
        <field name="jarvis_vatnumber" value="BE0420383647" />
        <field name="jarvis_zippostalcode" value="B-9041" />
      </record>
    </records>
    <m2mrelationships />
  </entity>
</entities>