
<entities xmlns:xsd="http://www.w3.org/2001/XMLSchema" xmlns:xsi="http://www.w3.org/2001/XMLSchema-instance" timestamp="2023-04-17T08:51:39.8437788Z">
  <entity name="jarvis_contract" displayname="GOP Contract">
    <records>
      <record id="56657b23-49d9-ed11-a7c7-000d3addcd24">
        <field name="jarvis_regionalcase" value="False" />
        <field name="jarvis_brand" value="0c4b9431-176b-ed11-9561-0022489d0994" lookupentity="jarvis_brand" lookupentityname="Renault Trucks" />
        <field name="jarvis_caselocation" value="334030002" />
        <field name="jarvis_contractid" value="56657b23-49d9-ed11-a7c7-000d3addcd24" />
        <field name="jarvis_country" value="b59f7664-536b-ed11-9562-000d3addc3f9" lookupentity="jarvis_country" lookupentityname="Germany" />
        <field name="createdby" value="154ef5e2-7e2f-ed11-9db1-0022489db736" lookupentity="systemuser" lookupentityname="Stephan Mars" />
        <field name="createdon" value="2023-04-12T15:46:20.0000000Z" />
        <field name="transactioncurrencyid" value="a457f830-732d-ed11-9db1-000d3adb48a2" lookupentity="transactioncurrency" lookupentityname="Euro" />
        <field name="exchangerate" value="1.000000000000" />
        <field name="jarvis_gopamount" value="1500.0000000000" />
        <field name="jarvis_gopamount_base" value="1500.0000000000" />
        <field name="jarvis_gopautoapproved" value="False" />
        <field name="importsequencenumber" value="42" />
        <field name="modifiedby" value="154ef5e2-7e2f-ed11-9db1-0022489db736" lookupentity="systemuser" lookupentityname="Stephan Mars" />
        <field name="modifiedon" value="2023-04-12T15:46:20.0000000Z" />
        <field name="jarvis_name" value="Renault Trucks - Germany - Gold" />
        <field name="ownerid" value="154ef5e2-7e2f-ed11-9db1-0022489db736" lookupentity="systemuser" lookupentityname="Stephan Mars" />
        <field name="owningbusinessunit" value="c3ed74bc-152d-ed11-9db1-000d3adb48a2" lookupentity="businessunit" lookupentityname="org449d870c" />
        <field name="owninguser" value="154ef5e2-7e2f-ed11-9db1-0022489db736" lookupentity="systemuser" />
        <field name="statecode" value="0" />
        <field name="statuscode" value="1" />
        <field name="jarvis_type" value="334030000" />
      </record>
      <record id="58657b23-49d9-ed11-a7c7-000d3addcd24">
        <field name="jarvis_regionalcase" value="False" />
        <field name="jarvis_brand" value="4a59b47e-176b-ed11-9561-0022489d0994" lookupentity="jarvis_brand" lookupentityname="Volvo Trucks" />
        <field name="jarvis_caselocation" value="334030000" />
        <field name="jarvis_contractid" value="58657b23-49d9-ed11-a7c7-000d3addcd24" />
        <field name="jarvis_country" value="b59f7664-536b-ed11-9562-000d3addc3f9" lookupentity="jarvis_country" lookupentityname="Germany" />
        <field name="createdby" value="154ef5e2-7e2f-ed11-9db1-0022489db736" lookupentity="systemuser" lookupentityname="Stephan Mars" />
        <field name="createdon" value="2023-04-12T15:46:20.0000000Z" />
        <field name="transactioncurrencyid" value="a457f830-732d-ed11-9db1-000d3adb48a2" lookupentity="transactioncurrency" lookupentityname="Euro" />
        <field name="exchangerate" value="1.000000000000" />
        <field name="jarvis_gopamount" value="1500.0000000000" />
        <field name="jarvis_gopamount_base" value="1500.0000000000" />
        <field name="jarvis_gopautoapproved" value="True" />
        <field name="importsequencenumber" value="42" />
        <field name="modifiedby" value="154ef5e2-7e2f-ed11-9db1-0022489db736" lookupentity="systemuser" lookupentityname="Stephan Mars" />
        <field name="modifiedon" value="2023-04-12T15:46:20.0000000Z" />
        <field name="jarvis_name" value="Volvo Trucks - Germany - International - Silver" />
        <field name="ownerid" value="154ef5e2-7e2f-ed11-9db1-0022489db736" lookupentity="systemuser" lookupentityname="Stephan Mars" />
        <field name="owningbusinessunit" value="c3ed74bc-152d-ed11-9db1-000d3adb48a2" lookupentity="businessunit" lookupentityname="org449d870c" />
        <field name="owninguser" value="154ef5e2-7e2f-ed11-9db1-0022489db736" lookupentity="systemuser" />
        <field name="statecode" value="0" />
        <field name="statuscode" value="1" />
        <field name="jarvis_type" value="334030001" />
      </record>
      <record id="5a657b23-49d9-ed11-a7c7-000d3addcd24">
        <field name="jarvis_regionalcase" value="False" />
        <field name="jarvis_brand" value="4a59b47e-176b-ed11-9561-0022489d0994" lookupentity="jarvis_brand" lookupentityname="Volvo Trucks" />
        <field name="jarvis_caselocation" value="334030001" />
        <field name="jarvis_contractid" value="5a657b23-49d9-ed11-a7c7-000d3addcd24" />
        <field name="jarvis_country" value="b59f7664-536b-ed11-9562-000d3addc3f9" lookupentity="jarvis_country" lookupentityname="Germany" />
        <field name="createdby" value="154ef5e2-7e2f-ed11-9db1-0022489db736" lookupentity="systemuser" lookupentityname="Stephan Mars" />
        <field name="createdon" value="2023-04-12T15:46:20.0000000Z" />
        <field name="transactioncurrencyid" value="a457f830-732d-ed11-9db1-000d3adb48a2" lookupentity="transactioncurrency" lookupentityname="Euro" />
        <field name="exchangerate" value="1.000000000000" />
        <field name="jarvis_gopamount" value="1200.0000000000" />
        <field name="jarvis_gopamount_base" value="1200.0000000000" />
        <field name="jarvis_gopautoapproved" value="False" />
        <field name="importsequencenumber" value="42" />
        <field name="modifiedby" value="154ef5e2-7e2f-ed11-9db1-0022489db736" lookupentity="systemuser" lookupentityname="Stephan Mars" />
        <field name="modifiedon" value="2023-04-12T15:46:20.0000000Z" />
        <field name="jarvis_name" value="Volvo Trucks - Germany - National - Excellence" />
        <field name="ownerid" value="154ef5e2-7e2f-ed11-9db1-0022489db736" lookupentity="systemuser" lookupentityname="Stephan Mars" />
        <field name="owningbusinessunit" value="c3ed74bc-152d-ed11-9db1-000d3adb48a2" lookupentity="businessunit" lookupentityname="org449d870c" />
        <field name="owninguser" value="154ef5e2-7e2f-ed11-9db1-0022489db736" lookupentity="systemuser" />
        <field name="statecode" value="0" />
        <field name="statuscode" value="1" />
        <field name="jarvis_type" value="334030002" />
      </record>
      <record id="5c657b23-49d9-ed11-a7c7-000d3addcd24">
        <field name="jarvis_regionalcase" value="False" />
        <field name="jarvis_brand" value="4a59b47e-176b-ed11-9561-0022489d0994" lookupentity="jarvis_brand" lookupentityname="Volvo Trucks" />
        <field name="jarvis_caselocation" value="334030001" />
        <field name="jarvis_contractid" value="5c657b23-49d9-ed11-a7c7-000d3addcd24" />
        <field name="jarvis_country" value="b59f7664-536b-ed11-9562-000d3addc3f9" lookupentity="jarvis_country" lookupentityname="Germany" />
        <field name="createdby" value="154ef5e2-7e2f-ed11-9db1-0022489db736" lookupentity="systemuser" lookupentityname="Stephan Mars" />
        <field name="createdon" value="2023-04-12T15:46:20.0000000Z" />
        <field name="transactioncurrencyid" value="a457f830-732d-ed11-9db1-000d3adb48a2" lookupentity="transactioncurrency" lookupentityname="Euro" />
        <field name="exchangerate" value="1.000000000000" />
        <field name="jarvis_gopamount" value="1200.0000000000" />
        <field name="jarvis_gopamount_base" value="1200.0000000000" />
        <field name="jarvis_gopautoapproved" value="True" />
        <field name="importsequencenumber" value="42" />
        <field name="modifiedby" value="154ef5e2-7e2f-ed11-9db1-0022489db736" lookupentity="systemuser" lookupentityname="Stephan Mars" />
        <field name="modifiedon" value="2023-04-12T15:46:20.0000000Z" />
        <field name="jarvis_name" value="Volvo Trucks - Germany - National - Silver" />
        <field name="ownerid" value="154ef5e2-7e2f-ed11-9db1-0022489db736" lookupentity="systemuser" lookupentityname="Stephan Mars" />
        <field name="owningbusinessunit" value="c3ed74bc-152d-ed11-9db1-000d3adb48a2" lookupentity="businessunit" lookupentityname="org449d870c" />
        <field name="owninguser" value="154ef5e2-7e2f-ed11-9db1-0022489db736" lookupentity="systemuser" />
        <field name="statecode" value="0" />
        <field name="statuscode" value="1" />
        <field name="jarvis_type" value="334030001" />
      </record>
      <record id="5e657b23-49d9-ed11-a7c7-000d3addcd24">
        <field name="jarvis_regionalcase" value="False" />
        <field name="jarvis_brand" value="4a59b47e-176b-ed11-9561-0022489d0994" lookupentity="jarvis_brand" lookupentityname="Volvo Trucks" />
        <field name="jarvis_caselocation" value="334030001" />
        <field name="jarvis_contractid" value="5e657b23-49d9-ed11-a7c7-000d3addcd24" />
        <field name="jarvis_country" value="77a07664-536b-ed11-9562-000d3addc3f9" lookupentity="jarvis_country" lookupentityname="Netherlands" />
        <field name="createdby" value="154ef5e2-7e2f-ed11-9db1-0022489db736" lookupentity="systemuser" lookupentityname="Stephan Mars" />
        <field name="createdon" value="2023-04-12T15:46:20.0000000Z" />
        <field name="transactioncurrencyid" value="a457f830-732d-ed11-9db1-000d3adb48a2" lookupentity="transactioncurrency" lookupentityname="Euro" />
        <field name="exchangerate" value="1.000000000000" />
        <field name="jarvis_gopamount" value="1200.0000000000" />
        <field name="jarvis_gopamount_base" value="1200.0000000000" />
        <field name="jarvis_gopautoapproved" value="False" />
        <field name="importsequencenumber" value="42" />
        <field name="modifiedby" value="154ef5e2-7e2f-ed11-9db1-0022489db736" lookupentity="systemuser" lookupentityname="Stephan Mars" />
        <field name="modifiedon" value="2023-04-12T15:46:20.0000000Z" />
        <field name="jarvis_name" value="Volvo Trucks - Netherlands - National - Gold" />
        <field name="ownerid" value="154ef5e2-7e2f-ed11-9db1-0022489db736" lookupentity="systemuser" lookupentityname="Stephan Mars" />
        <field name="owningbusinessunit" value="c3ed74bc-152d-ed11-9db1-000d3adb48a2" lookupentity="businessunit" lookupentityname="org449d870c" />
        <field name="owninguser" value="154ef5e2-7e2f-ed11-9db1-0022489db736" lookupentity="systemuser" />
        <field name="statecode" value="0" />
        <field name="statuscode" value="1" />
        <field name="jarvis_type" value="334030000" />
      </record>
      <record id="60657b23-49d9-ed11-a7c7-000d3addcd24">
        <field name="jarvis_regionalcase" value="False" />
        <field name="jarvis_brand" value="4a59b47e-176b-ed11-9561-0022489d0994" lookupentity="jarvis_brand" lookupentityname="Volvo Trucks" />
        <field name="jarvis_caselocation" value="334030001" />
        <field name="jarvis_contractid" value="60657b23-49d9-ed11-a7c7-000d3addcd24" />
        <field name="jarvis_country" value="77a07664-536b-ed11-9562-000d3addc3f9" lookupentity="jarvis_country" lookupentityname="Netherlands" />
        <field name="createdby" value="154ef5e2-7e2f-ed11-9db1-0022489db736" lookupentity="systemuser" lookupentityname="Stephan Mars" />
        <field name="createdon" value="2023-04-12T15:46:20.0000000Z" />
        <field name="transactioncurrencyid" value="a457f830-732d-ed11-9db1-000d3adb48a2" lookupentity="transactioncurrency" lookupentityname="Euro" />
        <field name="exchangerate" value="1.000000000000" />
        <field name="jarvis_gopamount" value="1200.0000000000" />
        <field name="jarvis_gopamount_base" value="1200.0000000000" />
        <field name="jarvis_gopautoapproved" value="False" />
        <field name="importsequencenumber" value="42" />
        <field name="modifiedby" value="154ef5e2-7e2f-ed11-9db1-0022489db736" lookupentity="systemuser" lookupentityname="Stephan Mars" />
        <field name="modifiedon" value="2023-04-12T15:46:20.0000000Z" />
        <field name="jarvis_name" value="Volvo Trucks - Netherlands - National - Silver" />
        <field name="ownerid" value="154ef5e2-7e2f-ed11-9db1-0022489db736" lookupentity="systemuser" lookupentityname="Stephan Mars" />
        <field name="owningbusinessunit" value="c3ed74bc-152d-ed11-9db1-000d3adb48a2" lookupentity="businessunit" lookupentityname="org449d870c" />
        <field name="owninguser" value="154ef5e2-7e2f-ed11-9db1-0022489db736" lookupentity="systemuser" />
        <field name="statecode" value="0" />
        <field name="statuscode" value="1" />
        <field name="jarvis_type" value="334030001" />
      </record>
      <record id="62657b23-49d9-ed11-a7c7-000d3addcd24">
        <field name="jarvis_regionalcase" value="False" />
        <field name="jarvis_brand" value="4a59b47e-176b-ed11-9561-0022489d0994" lookupentity="jarvis_brand" lookupentityname="Volvo Trucks" />
        <field name="jarvis_caselocation" value="334030000" />
        <field name="jarvis_contractid" value="62657b23-49d9-ed11-a7c7-000d3addcd24" />
        <field name="jarvis_country" value="77a07664-536b-ed11-9562-000d3addc3f9" lookupentity="jarvis_country" lookupentityname="Netherlands" />
        <field name="createdby" value="154ef5e2-7e2f-ed11-9db1-0022489db736" lookupentity="systemuser" lookupentityname="Stephan Mars" />
        <field name="createdon" value="2023-04-12T15:46:20.0000000Z" />
        <field name="transactioncurrencyid" value="a457f830-732d-ed11-9db1-000d3adb48a2" lookupentity="transactioncurrency" lookupentityname="Euro" />
        <field name="exchangerate" value="1.000000000000" />
        <field name="jarvis_gopamount" value="1200.0000000000" />
        <field name="jarvis_gopamount_base" value="1200.0000000000" />
        <field name="jarvis_gopautoapproved" value="False" />
        <field name="importsequencenumber" value="42" />
        <field name="modifiedby" value="154ef5e2-7e2f-ed11-9db1-0022489db736" lookupentity="systemuser" lookupentityname="Stephan Mars" />
        <field name="modifiedon" value="2023-04-12T15:46:20.0000000Z" />
        <field name="jarvis_name" value="Volvo Trucks - Netherlands - International - Gold" />
        <field name="ownerid" value="154ef5e2-7e2f-ed11-9db1-0022489db736" lookupentity="systemuser" lookupentityname="Stephan Mars" />
        <field name="owningbusinessunit" value="c3ed74bc-152d-ed11-9db1-000d3adb48a2" lookupentity="businessunit" lookupentityname="org449d870c" />
        <field name="owninguser" value="154ef5e2-7e2f-ed11-9db1-0022489db736" lookupentity="systemuser" />
        <field name="statecode" value="0" />
        <field name="statuscode" value="1" />
        <field name="jarvis_type" value="334030000" />
      </record>
      <record id="64657b23-49d9-ed11-a7c7-000d3addcd24">
        <field name="jarvis_regionalcase" value="False" />
        <field name="jarvis_brand" value="4a59b47e-176b-ed11-9561-0022489d0994" lookupentity="jarvis_brand" lookupentityname="Volvo Trucks" />
        <field name="jarvis_caselocation" value="334030000" />
        <field name="jarvis_contractid" value="64657b23-49d9-ed11-a7c7-000d3addcd24" />
        <field name="jarvis_country" value="77a07664-536b-ed11-9562-000d3addc3f9" lookupentity="jarvis_country" lookupentityname="Netherlands" />
        <field name="createdby" value="154ef5e2-7e2f-ed11-9db1-0022489db736" lookupentity="systemuser" lookupentityname="Stephan Mars" />
        <field name="createdon" value="2023-04-12T15:46:20.0000000Z" />
        <field name="transactioncurrencyid" value="a457f830-732d-ed11-9db1-000d3adb48a2" lookupentity="transactioncurrency" lookupentityname="Euro" />
        <field name="exchangerate" value="1.000000000000" />
        <field name="jarvis_gopamount" value="1200.0000000000" />
        <field name="jarvis_gopamount_base" value="1200.0000000000" />
        <field name="jarvis_gopautoapproved" value="False" />
        <field name="importsequencenumber" value="42" />
        <field name="modifiedby" value="154ef5e2-7e2f-ed11-9db1-0022489db736" lookupentity="systemuser" lookupentityname="Stephan Mars" />
        <field name="modifiedon" value="2023-04-12T15:46:20.0000000Z" />
        <field name="jarvis_name" value="Volvo Trucks - Netherlands - International - Silver" />
        <field name="ownerid" value="154ef5e2-7e2f-ed11-9db1-0022489db736" lookupentity="systemuser" lookupentityname="Stephan Mars" />
        <field name="owningbusinessunit" value="c3ed74bc-152d-ed11-9db1-000d3adb48a2" lookupentity="businessunit" lookupentityname="org449d870c" />
        <field name="owninguser" value="154ef5e2-7e2f-ed11-9db1-0022489db736" lookupentity="systemuser" />
        <field name="statecode" value="0" />
        <field name="statuscode" value="1" />
        <field name="jarvis_type" value="334030001" />
      </record>
      <record id="66657b23-49d9-ed11-a7c7-000d3addcd24">
        <field name="jarvis_regionalcase" value="False" />
        <field name="jarvis_brand" value="4a59b47e-176b-ed11-9561-0022489d0994" lookupentity="jarvis_brand" lookupentityname="Volvo Trucks" />
        <field name="jarvis_caselocation" value="334030001" />
        <field name="jarvis_contractid" value="66657b23-49d9-ed11-a7c7-000d3addcd24" />
        <field name="jarvis_country" value="b39f7664-536b-ed11-9562-000d3addc3f9" lookupentity="jarvis_country" lookupentityname="Belgium" />
        <field name="createdby" value="154ef5e2-7e2f-ed11-9db1-0022489db736" lookupentity="systemuser" lookupentityname="Stephan Mars" />
        <field name="createdon" value="2023-04-12T15:46:20.0000000Z" />
        <field name="transactioncurrencyid" value="a457f830-732d-ed11-9db1-000d3adb48a2" lookupentity="transactioncurrency" lookupentityname="Euro" />
        <field name="exchangerate" value="1.000000000000" />
        <field name="jarvis_gopamount" value="1200.0000000000" />
        <field name="jarvis_gopamount_base" value="1200.0000000000" />
        <field name="jarvis_gopautoapproved" value="False" />
        <field name="importsequencenumber" value="42" />
        <field name="modifiedby" value="154ef5e2-7e2f-ed11-9db1-0022489db736" lookupentity="systemuser" lookupentityname="Stephan Mars" />
        <field name="modifiedon" value="2023-04-12T15:46:20.0000000Z" />
        <field name="jarvis_name" value="Volvo Trucks - Belgium - National - Gold" />
        <field name="ownerid" value="154ef5e2-7e2f-ed11-9db1-0022489db736" lookupentity="systemuser" lookupentityname="Stephan Mars" />
        <field name="owningbusinessunit" value="c3ed74bc-152d-ed11-9db1-000d3adb48a2" lookupentity="businessunit" lookupentityname="org449d870c" />
        <field name="owninguser" value="154ef5e2-7e2f-ed11-9db1-0022489db736" lookupentity="systemuser" />
        <field name="statecode" value="0" />
        <field name="statuscode" value="1" />
        <field name="jarvis_type" value="334030000" />
      </record>
      <record id="68657b23-49d9-ed11-a7c7-000d3addcd24">
        <field name="jarvis_regionalcase" value="False" />
        <field name="jarvis_brand" value="4a59b47e-176b-ed11-9561-0022489d0994" lookupentity="jarvis_brand" lookupentityname="Volvo Trucks" />
        <field name="jarvis_caselocation" value="334030001" />
        <field name="jarvis_contractid" value="68657b23-49d9-ed11-a7c7-000d3addcd24" />
        <field name="jarvis_country" value="b39f7664-536b-ed11-9562-000d3addc3f9" lookupentity="jarvis_country" lookupentityname="Belgium" />
        <field name="createdby" value="154ef5e2-7e2f-ed11-9db1-0022489db736" lookupentity="systemuser" lookupentityname="Stephan Mars" />
        <field name="createdon" value="2023-04-12T15:46:20.0000000Z" />
        <field name="transactioncurrencyid" value="a457f830-732d-ed11-9db1-000d3adb48a2" lookupentity="transactioncurrency" lookupentityname="Euro" />
        <field name="exchangerate" value="1.000000000000" />
        <field name="jarvis_gopamount" value="1200.0000000000" />
        <field name="jarvis_gopamount_base" value="1200.0000000000" />
        <field name="jarvis_gopautoapproved" value="False" />
        <field name="importsequencenumber" value="42" />
        <field name="modifiedby" value="154ef5e2-7e2f-ed11-9db1-0022489db736" lookupentity="systemuser" lookupentityname="Stephan Mars" />
        <field name="modifiedon" value="2023-04-12T15:46:20.0000000Z" />
        <field name="jarvis_name" value="Volvo Trucks - Belgium - National - Silver" />
        <field name="ownerid" value="154ef5e2-7e2f-ed11-9db1-0022489db736" lookupentity="systemuser" lookupentityname="Stephan Mars" />
        <field name="owningbusinessunit" value="c3ed74bc-152d-ed11-9db1-000d3adb48a2" lookupentity="businessunit" lookupentityname="org449d870c" />
        <field name="owninguser" value="154ef5e2-7e2f-ed11-9db1-0022489db736" lookupentity="systemuser" />
        <field name="statecode" value="0" />
        <field name="statuscode" value="1" />
        <field name="jarvis_type" value="334030001" />
      </record>
      <record id="6a657b23-49d9-ed11-a7c7-000d3addcd24">
        <field name="jarvis_regionalcase" value="False" />
        <field name="jarvis_brand" value="4a59b47e-176b-ed11-9561-0022489d0994" lookupentity="jarvis_brand" lookupentityname="Volvo Trucks" />
        <field name="jarvis_caselocation" value="334030000" />
        <field name="jarvis_contractid" value="6a657b23-49d9-ed11-a7c7-000d3addcd24" />
        <field name="jarvis_country" value="b39f7664-536b-ed11-9562-000d3addc3f9" lookupentity="jarvis_country" lookupentityname="Belgium" />
        <field name="createdby" value="154ef5e2-7e2f-ed11-9db1-0022489db736" lookupentity="systemuser" lookupentityname="Stephan Mars" />
        <field name="createdon" value="2023-04-12T15:46:20.0000000Z" />
        <field name="transactioncurrencyid" value="a457f830-732d-ed11-9db1-000d3adb48a2" lookupentity="transactioncurrency" lookupentityname="Euro" />
        <field name="exchangerate" value="1.000000000000" />
        <field name="jarvis_gopamount" value="1200.0000000000" />
        <field name="jarvis_gopamount_base" value="1200.0000000000" />
        <field name="jarvis_gopautoapproved" value="False" />
        <field name="importsequencenumber" value="42" />
        <field name="modifiedby" value="154ef5e2-7e2f-ed11-9db1-0022489db736" lookupentity="systemuser" lookupentityname="Stephan Mars" />
        <field name="modifiedon" value="2023-04-12T15:46:20.0000000Z" />
        <field name="jarvis_name" value="Volvo Trucks - Belgium - International - Gold" />
        <field name="ownerid" value="154ef5e2-7e2f-ed11-9db1-0022489db736" lookupentity="systemuser" lookupentityname="Stephan Mars" />
        <field name="owningbusinessunit" value="c3ed74bc-152d-ed11-9db1-000d3adb48a2" lookupentity="businessunit" lookupentityname="org449d870c" />
        <field name="owninguser" value="154ef5e2-7e2f-ed11-9db1-0022489db736" lookupentity="systemuser" />
        <field name="statecode" value="0" />
        <field name="statuscode" value="1" />
        <field name="jarvis_type" value="334030000" />
      </record>
      <record id="6c657b23-49d9-ed11-a7c7-000d3addcd24">
        <field name="jarvis_regionalcase" value="False" />
        <field name="jarvis_brand" value="4a59b47e-176b-ed11-9561-0022489d0994" lookupentity="jarvis_brand" lookupentityname="Volvo Trucks" />
        <field name="jarvis_caselocation" value="334030000" />
        <field name="jarvis_contractid" value="6c657b23-49d9-ed11-a7c7-000d3addcd24" />
        <field name="jarvis_country" value="b39f7664-536b-ed11-9562-000d3addc3f9" lookupentity="jarvis_country" lookupentityname="Belgium" />
        <field name="createdby" value="154ef5e2-7e2f-ed11-9db1-0022489db736" lookupentity="systemuser" lookupentityname="Stephan Mars" />
        <field name="createdon" value="2023-04-12T15:46:20.0000000Z" />
        <field name="transactioncurrencyid" value="a457f830-732d-ed11-9db1-000d3adb48a2" lookupentity="transactioncurrency" lookupentityname="Euro" />
        <field name="exchangerate" value="1.000000000000" />
        <field name="jarvis_gopamount" value="1200.0000000000" />
        <field name="jarvis_gopamount_base" value="1200.0000000000" />
        <field name="jarvis_gopautoapproved" value="False" />
        <field name="importsequencenumber" value="42" />
        <field name="modifiedby" value="154ef5e2-7e2f-ed11-9db1-0022489db736" lookupentity="systemuser" lookupentityname="Stephan Mars" />
        <field name="modifiedon" value="2023-04-12T15:46:20.0000000Z" />
        <field name="jarvis_name" value="Volvo Trucks - Belgium - International - Silver" />
        <field name="ownerid" value="154ef5e2-7e2f-ed11-9db1-0022489db736" lookupentity="systemuser" lookupentityname="Stephan Mars" />
        <field name="owningbusinessunit" value="c3ed74bc-152d-ed11-9db1-000d3adb48a2" lookupentity="businessunit" lookupentityname="org449d870c" />
        <field name="owninguser" value="154ef5e2-7e2f-ed11-9db1-0022489db736" lookupentity="systemuser" />
        <field name="statecode" value="0" />
        <field name="statuscode" value="1" />
        <field name="jarvis_type" value="334030001" />
      </record>
      <record id="6e657b23-49d9-ed11-a7c7-000d3addcd24">
        <field name="jarvis_regionalcase" value="False" />
        <field name="jarvis_brand" value="0c4b9431-176b-ed11-9561-0022489d0994" lookupentity="jarvis_brand" lookupentityname="Renault Trucks" />
        <field name="jarvis_caselocation" value="334030001" />
        <field name="jarvis_contractid" value="6e657b23-49d9-ed11-a7c7-000d3addcd24" />
        <field name="jarvis_country" value="77a07664-536b-ed11-9562-000d3addc3f9" lookupentity="jarvis_country" lookupentityname="Netherlands" />
        <field name="createdby" value="154ef5e2-7e2f-ed11-9db1-0022489db736" lookupentity="systemuser" lookupentityname="Stephan Mars" />
        <field name="createdon" value="2023-04-12T15:46:20.0000000Z" />
        <field name="transactioncurrencyid" value="a457f830-732d-ed11-9db1-000d3adb48a2" lookupentity="transactioncurrency" lookupentityname="Euro" />
        <field name="exchangerate" value="1.000000000000" />
        <field name="jarvis_gopamount" value="1200.0000000000" />
        <field name="jarvis_gopamount_base" value="1200.0000000000" />
        <field name="jarvis_gopautoapproved" value="True" />
        <field name="importsequencenumber" value="42" />
        <field name="modifiedby" value="154ef5e2-7e2f-ed11-9db1-0022489db736" lookupentity="systemuser" lookupentityname="Stephan Mars" />
        <field name="modifiedon" value="2023-04-12T15:46:20.0000000Z" />
        <field name="jarvis_name" value="Renault Trucks - Netherlands - National - Excellence" />
        <field name="ownerid" value="154ef5e2-7e2f-ed11-9db1-0022489db736" lookupentity="systemuser" lookupentityname="Stephan Mars" />
        <field name="owningbusinessunit" value="c3ed74bc-152d-ed11-9db1-000d3adb48a2" lookupentity="businessunit" lookupentityname="org449d870c" />
        <field name="owninguser" value="154ef5e2-7e2f-ed11-9db1-0022489db736" lookupentity="systemuser" />
        <field name="statecode" value="0" />
        <field name="statuscode" value="1" />
        <field name="jarvis_type" value="334030002" />
      </record>
      <record id="70657b23-49d9-ed11-a7c7-000d3addcd24">
        <field name="jarvis_regionalcase" value="False" />
        <field name="jarvis_brand" value="0c4b9431-176b-ed11-9561-0022489d0994" lookupentity="jarvis_brand" lookupentityname="Renault Trucks" />
        <field name="jarvis_caselocation" value="334030001" />
        <field name="jarvis_contractid" value="70657b23-49d9-ed11-a7c7-000d3addcd24" />
        <field name="jarvis_country" value="77a07664-536b-ed11-9562-000d3addc3f9" lookupentity="jarvis_country" lookupentityname="Netherlands" />
        <field name="createdby" value="154ef5e2-7e2f-ed11-9db1-0022489db736" lookupentity="systemuser" lookupentityname="Stephan Mars" />
        <field name="createdon" value="2023-04-12T15:46:20.0000000Z" />
        <field name="transactioncurrencyid" value="a457f830-732d-ed11-9db1-000d3adb48a2" lookupentity="transactioncurrency" lookupentityname="Euro" />
        <field name="exchangerate" value="1.000000000000" />
        <field name="jarvis_gopamount" value="1200.0000000000" />
        <field name="jarvis_gopamount_base" value="1200.0000000000" />
        <field name="jarvis_gopautoapproved" value="True" />
        <field name="importsequencenumber" value="42" />
        <field name="modifiedby" value="154ef5e2-7e2f-ed11-9db1-0022489db736" lookupentity="systemuser" lookupentityname="Stephan Mars" />
        <field name="modifiedon" value="2023-04-12T15:46:20.0000000Z" />
        <field name="jarvis_name" value="Renault Trucks - Netherlands - National - Performance Maxi" />
        <field name="ownerid" value="154ef5e2-7e2f-ed11-9db1-0022489db736" lookupentity="systemuser" lookupentityname="Stephan Mars" />
        <field name="owningbusinessunit" value="c3ed74bc-152d-ed11-9db1-000d3adb48a2" lookupentity="businessunit" lookupentityname="org449d870c" />
        <field name="owninguser" value="154ef5e2-7e2f-ed11-9db1-0022489db736" lookupentity="systemuser" />
        <field name="statecode" value="0" />
        <field name="statuscode" value="1" />
        <field name="jarvis_type" value="334030003" />
      </record>
      <record id="72657b23-49d9-ed11-a7c7-000d3addcd24">
        <field name="jarvis_regionalcase" value="False" />
        <field name="jarvis_brand" value="0c4b9431-176b-ed11-9561-0022489d0994" lookupentity="jarvis_brand" lookupentityname="Renault Trucks" />
        <field name="jarvis_caselocation" value="334030001" />
        <field name="jarvis_contractid" value="72657b23-49d9-ed11-a7c7-000d3addcd24" />
        <field name="jarvis_country" value="77a07664-536b-ed11-9562-000d3addc3f9" lookupentity="jarvis_country" lookupentityname="Netherlands" />
        <field name="createdby" value="154ef5e2-7e2f-ed11-9db1-0022489db736" lookupentity="systemuser" lookupentityname="Stephan Mars" />
        <field name="createdon" value="2023-04-12T15:46:20.0000000Z" />
        <field name="transactioncurrencyid" value="a457f830-732d-ed11-9db1-000d3adb48a2" lookupentity="transactioncurrency" lookupentityname="Euro" />
        <field name="exchangerate" value="1.000000000000" />
        <field name="jarvis_gopamount" value="1200.0000000000" />
        <field name="jarvis_gopamount_base" value="1200.0000000000" />
        <field name="jarvis_gopautoapproved" value="True" />
        <field name="importsequencenumber" value="42" />
        <field name="modifiedby" value="154ef5e2-7e2f-ed11-9db1-0022489db736" lookupentity="systemuser" lookupentityname="Stephan Mars" />
        <field name="modifiedon" value="2023-04-12T15:46:20.0000000Z" />
        <field name="jarvis_name" value="Renault Trucks - Netherlands - National - Performance Standard" />
        <field name="ownerid" value="154ef5e2-7e2f-ed11-9db1-0022489db736" lookupentity="systemuser" lookupentityname="Stephan Mars" />
        <field name="owningbusinessunit" value="c3ed74bc-152d-ed11-9db1-000d3adb48a2" lookupentity="businessunit" lookupentityname="org449d870c" />
        <field name="owninguser" value="154ef5e2-7e2f-ed11-9db1-0022489db736" lookupentity="systemuser" />
        <field name="statecode" value="0" />
        <field name="statuscode" value="1" />
        <field name="jarvis_type" value="334030004" />
      </record>
      <record id="74657b23-49d9-ed11-a7c7-000d3addcd24">
        <field name="jarvis_regionalcase" value="False" />
        <field name="jarvis_brand" value="0c4b9431-176b-ed11-9561-0022489d0994" lookupentity="jarvis_brand" lookupentityname="Renault Trucks" />
        <field name="jarvis_caselocation" value="334030001" />
        <field name="jarvis_contractid" value="74657b23-49d9-ed11-a7c7-000d3addcd24" />
        <field name="jarvis_country" value="77a07664-536b-ed11-9562-000d3addc3f9" lookupentity="jarvis_country" lookupentityname="Netherlands" />
        <field name="createdby" value="154ef5e2-7e2f-ed11-9db1-0022489db736" lookupentity="systemuser" lookupentityname="Stephan Mars" />
        <field name="createdon" value="2023-04-12T15:46:20.0000000Z" />
        <field name="transactioncurrencyid" value="a457f830-732d-ed11-9db1-000d3adb48a2" lookupentity="transactioncurrency" lookupentityname="Euro" />
        <field name="exchangerate" value="1.000000000000" />
        <field name="jarvis_gopamount" value="1200.0000000000" />
        <field name="jarvis_gopamount_base" value="1200.0000000000" />
        <field name="jarvis_gopautoapproved" value="True" />
        <field name="importsequencenumber" value="42" />
        <field name="modifiedby" value="154ef5e2-7e2f-ed11-9db1-0022489db736" lookupentity="systemuser" lookupentityname="Stephan Mars" />
        <field name="modifiedon" value="2023-04-12T15:46:20.0000000Z" />
        <field name="jarvis_name" value="Renault Trucks - Netherlands - National - Secure Maxi" />
        <field name="ownerid" value="154ef5e2-7e2f-ed11-9db1-0022489db736" lookupentity="systemuser" lookupentityname="Stephan Mars" />
        <field name="owningbusinessunit" value="c3ed74bc-152d-ed11-9db1-000d3adb48a2" lookupentity="businessunit" lookupentityname="org449d870c" />
        <field name="owninguser" value="154ef5e2-7e2f-ed11-9db1-0022489db736" lookupentity="systemuser" />
        <field name="statecode" value="0" />
        <field name="statuscode" value="1" />
        <field name="jarvis_type" value="334030005" />
      </record>
      <record id="76657b23-49d9-ed11-a7c7-000d3addcd24">
        <field name="jarvis_regionalcase" value="False" />
        <field name="jarvis_brand" value="0c4b9431-176b-ed11-9561-0022489d0994" lookupentity="jarvis_brand" lookupentityname="Renault Trucks" />
        <field name="jarvis_caselocation" value="334030001" />
        <field name="jarvis_contractid" value="76657b23-49d9-ed11-a7c7-000d3addcd24" />
        <field name="jarvis_country" value="77a07664-536b-ed11-9562-000d3addc3f9" lookupentity="jarvis_country" lookupentityname="Netherlands" />
        <field name="createdby" value="154ef5e2-7e2f-ed11-9db1-0022489db736" lookupentity="systemuser" lookupentityname="Stephan Mars" />
        <field name="createdon" value="2023-04-12T15:46:20.0000000Z" />
        <field name="transactioncurrencyid" value="a457f830-732d-ed11-9db1-000d3adb48a2" lookupentity="transactioncurrency" lookupentityname="Euro" />
        <field name="exchangerate" value="1.000000000000" />
        <field name="jarvis_gopamount" value="1200.0000000000" />
        <field name="jarvis_gopamount_base" value="1200.0000000000" />
        <field name="jarvis_gopautoapproved" value="True" />
        <field name="importsequencenumber" value="42" />
        <field name="modifiedby" value="154ef5e2-7e2f-ed11-9db1-0022489db736" lookupentity="systemuser" lookupentityname="Stephan Mars" />
        <field name="modifiedon" value="2023-04-12T15:46:20.0000000Z" />
        <field name="jarvis_name" value="Renault Trucks - Netherlands - National - Secure Standard" />
        <field name="ownerid" value="154ef5e2-7e2f-ed11-9db1-0022489db736" lookupentity="systemuser" lookupentityname="Stephan Mars" />
        <field name="owningbusinessunit" value="c3ed74bc-152d-ed11-9db1-000d3adb48a2" lookupentity="businessunit" lookupentityname="org449d870c" />
        <field name="owninguser" value="154ef5e2-7e2f-ed11-9db1-0022489db736" lookupentity="systemuser" />
        <field name="statecode" value="0" />
        <field name="statuscode" value="1" />
        <field name="jarvis_type" value="334030006" />
      </record>
      <record id="78657b23-49d9-ed11-a7c7-000d3addcd24">
        <field name="jarvis_regionalcase" value="False" />
        <field name="jarvis_brand" value="0c4b9431-176b-ed11-9561-0022489d0994" lookupentity="jarvis_brand" lookupentityname="Renault Trucks" />
        <field name="jarvis_caselocation" value="334030000" />
        <field name="jarvis_contractid" value="78657b23-49d9-ed11-a7c7-000d3addcd24" />
        <field name="jarvis_country" value="77a07664-536b-ed11-9562-000d3addc3f9" lookupentity="jarvis_country" lookupentityname="Netherlands" />
        <field name="createdby" value="154ef5e2-7e2f-ed11-9db1-0022489db736" lookupentity="systemuser" lookupentityname="Stephan Mars" />
        <field name="createdon" value="2023-04-12T15:46:21.0000000Z" />
        <field name="transactioncurrencyid" value="a457f830-732d-ed11-9db1-000d3adb48a2" lookupentity="transactioncurrency" lookupentityname="Euro" />
        <field name="exchangerate" value="1.000000000000" />
        <field name="jarvis_gopamount" value="1200.0000000000" />
        <field name="jarvis_gopamount_base" value="1200.0000000000" />
        <field name="jarvis_gopautoapproved" value="True" />
        <field name="importsequencenumber" value="42" />
        <field name="modifiedby" value="154ef5e2-7e2f-ed11-9db1-0022489db736" lookupentity="systemuser" lookupentityname="Stephan Mars" />
        <field name="modifiedon" value="2023-04-12T15:46:21.0000000Z" />
        <field name="jarvis_name" value="Renault Trucks - Netherlands - International - Excellence" />
        <field name="ownerid" value="154ef5e2-7e2f-ed11-9db1-0022489db736" lookupentity="systemuser" lookupentityname="Stephan Mars" />
        <field name="owningbusinessunit" value="c3ed74bc-152d-ed11-9db1-000d3adb48a2" lookupentity="businessunit" lookupentityname="org449d870c" />
        <field name="owninguser" value="154ef5e2-7e2f-ed11-9db1-0022489db736" lookupentity="systemuser" />
        <field name="statecode" value="0" />
        <field name="statuscode" value="1" />
        <field name="jarvis_type" value="334030002" />
      </record>
      <record id="7a657b23-49d9-ed11-a7c7-000d3addcd24">
        <field name="jarvis_regionalcase" value="False" />
        <field name="jarvis_brand" value="0c4b9431-176b-ed11-9561-0022489d0994" lookupentity="jarvis_brand" lookupentityname="Renault Trucks" />
        <field name="jarvis_caselocation" value="334030000" />
        <field name="jarvis_contractid" value="7a657b23-49d9-ed11-a7c7-000d3addcd24" />
        <field name="jarvis_country" value="77a07664-536b-ed11-9562-000d3addc3f9" lookupentity="jarvis_country" lookupentityname="Netherlands" />
        <field name="createdby" value="154ef5e2-7e2f-ed11-9db1-0022489db736" lookupentity="systemuser" lookupentityname="Stephan Mars" />
        <field name="createdon" value="2023-04-12T15:46:21.0000000Z" />
        <field name="transactioncurrencyid" value="a457f830-732d-ed11-9db1-000d3adb48a2" lookupentity="transactioncurrency" lookupentityname="Euro" />
        <field name="exchangerate" value="1.000000000000" />
        <field name="jarvis_gopamount" value="1200.0000000000" />
        <field name="jarvis_gopamount_base" value="1200.0000000000" />
        <field name="jarvis_gopautoapproved" value="True" />
        <field name="importsequencenumber" value="42" />
        <field name="modifiedby" value="154ef5e2-7e2f-ed11-9db1-0022489db736" lookupentity="systemuser" lookupentityname="Stephan Mars" />
        <field name="modifiedon" value="2023-04-12T15:46:21.0000000Z" />
        <field name="jarvis_name" value="Renault Trucks - Netherlands - International - Performance Maxi" />
        <field name="ownerid" value="154ef5e2-7e2f-ed11-9db1-0022489db736" lookupentity="systemuser" lookupentityname="Stephan Mars" />
        <field name="owningbusinessunit" value="c3ed74bc-152d-ed11-9db1-000d3adb48a2" lookupentity="businessunit" lookupentityname="org449d870c" />
        <field name="owninguser" value="154ef5e2-7e2f-ed11-9db1-0022489db736" lookupentity="systemuser" />
        <field name="statecode" value="0" />
        <field name="statuscode" value="1" />
        <field name="jarvis_type" value="334030003" />
      </record>
      <record id="7c657b23-49d9-ed11-a7c7-000d3addcd24">
        <field name="jarvis_regionalcase" value="False" />
        <field name="jarvis_brand" value="0c4b9431-176b-ed11-9561-0022489d0994" lookupentity="jarvis_brand" lookupentityname="Renault Trucks" />
        <field name="jarvis_caselocation" value="334030000" />
        <field name="jarvis_contractid" value="7c657b23-49d9-ed11-a7c7-000d3addcd24" />
        <field name="jarvis_country" value="77a07664-536b-ed11-9562-000d3addc3f9" lookupentity="jarvis_country" lookupentityname="Netherlands" />
        <field name="createdby" value="154ef5e2-7e2f-ed11-9db1-0022489db736" lookupentity="systemuser" lookupentityname="Stephan Mars" />
        <field name="createdon" value="2023-04-12T15:46:21.0000000Z" />
        <field name="transactioncurrencyid" value="a457f830-732d-ed11-9db1-000d3adb48a2" lookupentity="transactioncurrency" lookupentityname="Euro" />
        <field name="exchangerate" value="1.000000000000" />
        <field name="jarvis_gopamount" value="1200.0000000000" />
        <field name="jarvis_gopamount_base" value="1200.0000000000" />
        <field name="jarvis_gopautoapproved" value="True" />
        <field name="importsequencenumber" value="42" />
        <field name="modifiedby" value="154ef5e2-7e2f-ed11-9db1-0022489db736" lookupentity="systemuser" lookupentityname="Stephan Mars" />
        <field name="modifiedon" value="2023-04-12T15:46:21.0000000Z" />
        <field name="jarvis_name" value="Renault Trucks - Netherlands - International - Performance Standard" />
        <field name="ownerid" value="154ef5e2-7e2f-ed11-9db1-0022489db736" lookupentity="systemuser" lookupentityname="Stephan Mars" />
        <field name="owningbusinessunit" value="c3ed74bc-152d-ed11-9db1-000d3adb48a2" lookupentity="businessunit" lookupentityname="org449d870c" />
        <field name="owninguser" value="154ef5e2-7e2f-ed11-9db1-0022489db736" lookupentity="systemuser" />
        <field name="statecode" value="0" />
        <field name="statuscode" value="1" />
        <field name="jarvis_type" value="334030004" />
      </record>
      <record id="7e657b23-49d9-ed11-a7c7-000d3addcd24">
        <field name="jarvis_regionalcase" value="False" />
        <field name="jarvis_brand" value="0c4b9431-176b-ed11-9561-0022489d0994" lookupentity="jarvis_brand" lookupentityname="Renault Trucks" />
        <field name="jarvis_caselocation" value="334030000" />
        <field name="jarvis_contractid" value="7e657b23-49d9-ed11-a7c7-000d3addcd24" />
        <field name="jarvis_country" value="77a07664-536b-ed11-9562-000d3addc3f9" lookupentity="jarvis_country" lookupentityname="Netherlands" />
        <field name="createdby" value="154ef5e2-7e2f-ed11-9db1-0022489db736" lookupentity="systemuser" lookupentityname="Stephan Mars" />
        <field name="createdon" value="2023-04-12T15:46:21.0000000Z" />
        <field name="transactioncurrencyid" value="a457f830-732d-ed11-9db1-000d3adb48a2" lookupentity="transactioncurrency" lookupentityname="Euro" />
        <field name="exchangerate" value="1.000000000000" />
        <field name="jarvis_gopamount" value="1200.0000000000" />
        <field name="jarvis_gopamount_base" value="1200.0000000000" />
        <field name="jarvis_gopautoapproved" value="True" />
        <field name="importsequencenumber" value="42" />
        <field name="modifiedby" value="154ef5e2-7e2f-ed11-9db1-0022489db736" lookupentity="systemuser" lookupentityname="Stephan Mars" />
        <field name="modifiedon" value="2023-04-12T15:46:21.0000000Z" />
        <field name="jarvis_name" value="Renault Trucks - Netherlands - International - Secure Maxi" />
        <field name="ownerid" value="154ef5e2-7e2f-ed11-9db1-0022489db736" lookupentity="systemuser" lookupentityname="Stephan Mars" />
        <field name="owningbusinessunit" value="c3ed74bc-152d-ed11-9db1-000d3adb48a2" lookupentity="businessunit" lookupentityname="org449d870c" />
        <field name="owninguser" value="154ef5e2-7e2f-ed11-9db1-0022489db736" lookupentity="systemuser" />
        <field name="statecode" value="0" />
        <field name="statuscode" value="1" />
        <field name="jarvis_type" value="334030005" />
      </record>
      <record id="80657b23-49d9-ed11-a7c7-000d3addcd24">
        <field name="jarvis_regionalcase" value="False" />
        <field name="jarvis_brand" value="0c4b9431-176b-ed11-9561-0022489d0994" lookupentity="jarvis_brand" lookupentityname="Renault Trucks" />
        <field name="jarvis_caselocation" value="334030000" />
        <field name="jarvis_contractid" value="80657b23-49d9-ed11-a7c7-000d3addcd24" />
        <field name="jarvis_country" value="77a07664-536b-ed11-9562-000d3addc3f9" lookupentity="jarvis_country" lookupentityname="Netherlands" />
        <field name="createdby" value="154ef5e2-7e2f-ed11-9db1-0022489db736" lookupentity="systemuser" lookupentityname="Stephan Mars" />
        <field name="createdon" value="2023-04-12T15:46:21.0000000Z" />
        <field name="transactioncurrencyid" value="a457f830-732d-ed11-9db1-000d3adb48a2" lookupentity="transactioncurrency" lookupentityname="Euro" />
        <field name="exchangerate" value="1.000000000000" />
        <field name="jarvis_gopamount" value="1200.0000000000" />
        <field name="jarvis_gopamount_base" value="1200.0000000000" />
        <field name="jarvis_gopautoapproved" value="True" />
        <field name="importsequencenumber" value="42" />
        <field name="modifiedby" value="154ef5e2-7e2f-ed11-9db1-0022489db736" lookupentity="systemuser" lookupentityname="Stephan Mars" />
        <field name="modifiedon" value="2023-04-12T15:46:21.0000000Z" />
        <field name="jarvis_name" value="Renault Trucks - Netherlands - International - Secure Standard" />
        <field name="ownerid" value="154ef5e2-7e2f-ed11-9db1-0022489db736" lookupentity="systemuser" lookupentityname="Stephan Mars" />
        <field name="owningbusinessunit" value="c3ed74bc-152d-ed11-9db1-000d3adb48a2" lookupentity="businessunit" lookupentityname="org449d870c" />
        <field name="owninguser" value="154ef5e2-7e2f-ed11-9db1-0022489db736" lookupentity="systemuser" />
        <field name="statecode" value="0" />
        <field name="statuscode" value="1" />
        <field name="jarvis_type" value="334030006" />
      </record>
      <record id="82657b23-49d9-ed11-a7c7-000d3addcd24">
        <field name="jarvis_regionalcase" value="False" />
        <field name="jarvis_brand" value="0c4b9431-176b-ed11-9561-0022489d0994" lookupentity="jarvis_brand" lookupentityname="Renault Trucks" />
        <field name="jarvis_caselocation" value="334030001" />
        <field name="jarvis_contractid" value="82657b23-49d9-ed11-a7c7-000d3addcd24" />
        <field name="jarvis_country" value="b39f7664-536b-ed11-9562-000d3addc3f9" lookupentity="jarvis_country" lookupentityname="Belgium" />
        <field name="createdby" value="154ef5e2-7e2f-ed11-9db1-0022489db736" lookupentity="systemuser" lookupentityname="Stephan Mars" />
        <field name="createdon" value="2023-04-12T15:46:21.0000000Z" />
        <field name="transactioncurrencyid" value="a457f830-732d-ed11-9db1-000d3adb48a2" lookupentity="transactioncurrency" lookupentityname="Euro" />
        <field name="exchangerate" value="1.000000000000" />
        <field name="jarvis_gopamount" value="1200.0000000000" />
        <field name="jarvis_gopamount_base" value="1200.0000000000" />
        <field name="jarvis_gopautoapproved" value="True" />
        <field name="importsequencenumber" value="42" />
        <field name="modifiedby" value="154ef5e2-7e2f-ed11-9db1-0022489db736" lookupentity="systemuser" lookupentityname="Stephan Mars" />
        <field name="modifiedon" value="2023-04-12T15:46:21.0000000Z" />
        <field name="jarvis_name" value="Renault Trucks - Belgium - National - Excellence" />
        <field name="ownerid" value="154ef5e2-7e2f-ed11-9db1-0022489db736" lookupentity="systemuser" lookupentityname="Stephan Mars" />
        <field name="owningbusinessunit" value="c3ed74bc-152d-ed11-9db1-000d3adb48a2" lookupentity="businessunit" lookupentityname="org449d870c" />
        <field name="owninguser" value="154ef5e2-7e2f-ed11-9db1-0022489db736" lookupentity="systemuser" />
        <field name="statecode" value="0" />
        <field name="statuscode" value="1" />
        <field name="jarvis_type" value="334030002" />
      </record>
      <record id="84657b23-49d9-ed11-a7c7-000d3addcd24">
        <field name="jarvis_regionalcase" value="False" />
        <field name="jarvis_brand" value="0c4b9431-176b-ed11-9561-0022489d0994" lookupentity="jarvis_brand" lookupentityname="Renault Trucks" />
        <field name="jarvis_caselocation" value="334030001" />
        <field name="jarvis_contractid" value="84657b23-49d9-ed11-a7c7-000d3addcd24" />
        <field name="jarvis_country" value="b39f7664-536b-ed11-9562-000d3addc3f9" lookupentity="jarvis_country" lookupentityname="Belgium" />
        <field name="createdby" value="154ef5e2-7e2f-ed11-9db1-0022489db736" lookupentity="systemuser" lookupentityname="Stephan Mars" />
        <field name="createdon" value="2023-04-12T15:46:21.0000000Z" />
        <field name="transactioncurrencyid" value="a457f830-732d-ed11-9db1-000d3adb48a2" lookupentity="transactioncurrency" lookupentityname="Euro" />
        <field name="exchangerate" value="1.000000000000" />
        <field name="jarvis_gopamount" value="1200.0000000000" />
        <field name="jarvis_gopamount_base" value="1200.0000000000" />
        <field name="jarvis_gopautoapproved" value="True" />
        <field name="importsequencenumber" value="42" />
        <field name="modifiedby" value="154ef5e2-7e2f-ed11-9db1-0022489db736" lookupentity="systemuser" lookupentityname="Stephan Mars" />
        <field name="modifiedon" value="2023-04-12T15:46:21.0000000Z" />
        <field name="jarvis_name" value="Renault Trucks - Belgium - National - Performance Maxi" />
        <field name="ownerid" value="154ef5e2-7e2f-ed11-9db1-0022489db736" lookupentity="systemuser" lookupentityname="Stephan Mars" />
        <field name="owningbusinessunit" value="c3ed74bc-152d-ed11-9db1-000d3adb48a2" lookupentity="businessunit" lookupentityname="org449d870c" />
        <field name="owninguser" value="154ef5e2-7e2f-ed11-9db1-0022489db736" lookupentity="systemuser" />
        <field name="statecode" value="0" />
        <field name="statuscode" value="1" />
        <field name="jarvis_type" value="334030003" />
      </record>
      <record id="86657b23-49d9-ed11-a7c7-000d3addcd24">
        <field name="jarvis_regionalcase" value="False" />
        <field name="jarvis_brand" value="0c4b9431-176b-ed11-9561-0022489d0994" lookupentity="jarvis_brand" lookupentityname="Renault Trucks" />
        <field name="jarvis_caselocation" value="334030001" />
        <field name="jarvis_contractid" value="86657b23-49d9-ed11-a7c7-000d3addcd24" />
        <field name="jarvis_country" value="b39f7664-536b-ed11-9562-000d3addc3f9" lookupentity="jarvis_country" lookupentityname="Belgium" />
        <field name="createdby" value="154ef5e2-7e2f-ed11-9db1-0022489db736" lookupentity="systemuser" lookupentityname="Stephan Mars" />
        <field name="createdon" value="2023-04-12T15:46:21.0000000Z" />
        <field name="transactioncurrencyid" value="a457f830-732d-ed11-9db1-000d3adb48a2" lookupentity="transactioncurrency" lookupentityname="Euro" />
        <field name="exchangerate" value="1.000000000000" />
        <field name="jarvis_gopamount" value="1200.0000000000" />
        <field name="jarvis_gopamount_base" value="1200.0000000000" />
        <field name="jarvis_gopautoapproved" value="True" />
        <field name="importsequencenumber" value="42" />
        <field name="modifiedby" value="154ef5e2-7e2f-ed11-9db1-0022489db736" lookupentity="systemuser" lookupentityname="Stephan Mars" />
        <field name="modifiedon" value="2023-04-12T15:46:21.0000000Z" />
        <field name="jarvis_name" value="Renault Trucks - Belgium - National - Performance Standard" />
        <field name="ownerid" value="154ef5e2-7e2f-ed11-9db1-0022489db736" lookupentity="systemuser" lookupentityname="Stephan Mars" />
        <field name="owningbusinessunit" value="c3ed74bc-152d-ed11-9db1-000d3adb48a2" lookupentity="businessunit" lookupentityname="org449d870c" />
        <field name="owninguser" value="154ef5e2-7e2f-ed11-9db1-0022489db736" lookupentity="systemuser" />
        <field name="statecode" value="0" />
        <field name="statuscode" value="1" />
        <field name="jarvis_type" value="334030004" />
      </record>
      <record id="88657b23-49d9-ed11-a7c7-000d3addcd24">
        <field name="jarvis_regionalcase" value="False" />
        <field name="jarvis_brand" value="0c4b9431-176b-ed11-9561-0022489d0994" lookupentity="jarvis_brand" lookupentityname="Renault Trucks" />
        <field name="jarvis_caselocation" value="334030001" />
        <field name="jarvis_contractid" value="88657b23-49d9-ed11-a7c7-000d3addcd24" />
        <field name="jarvis_country" value="b39f7664-536b-ed11-9562-000d3addc3f9" lookupentity="jarvis_country" lookupentityname="Belgium" />
        <field name="createdby" value="154ef5e2-7e2f-ed11-9db1-0022489db736" lookupentity="systemuser" lookupentityname="Stephan Mars" />
        <field name="createdon" value="2023-04-12T15:46:21.0000000Z" />
        <field name="transactioncurrencyid" value="a457f830-732d-ed11-9db1-000d3adb48a2" lookupentity="transactioncurrency" lookupentityname="Euro" />
        <field name="exchangerate" value="1.000000000000" />
        <field name="jarvis_gopamount" value="1200.0000000000" />
        <field name="jarvis_gopamount_base" value="1200.0000000000" />
        <field name="jarvis_gopautoapproved" value="True" />
        <field name="importsequencenumber" value="42" />
        <field name="modifiedby" value="154ef5e2-7e2f-ed11-9db1-0022489db736" lookupentity="systemuser" lookupentityname="Stephan Mars" />
        <field name="modifiedon" value="2023-04-12T15:46:21.0000000Z" />
        <field name="jarvis_name" value="Renault Trucks - Belgium - National - Secure Maxi" />
        <field name="ownerid" value="154ef5e2-7e2f-ed11-9db1-0022489db736" lookupentity="systemuser" lookupentityname="Stephan Mars" />
        <field name="owningbusinessunit" value="c3ed74bc-152d-ed11-9db1-000d3adb48a2" lookupentity="businessunit" lookupentityname="org449d870c" />
        <field name="owninguser" value="154ef5e2-7e2f-ed11-9db1-0022489db736" lookupentity="systemuser" />
        <field name="statecode" value="0" />
        <field name="statuscode" value="1" />
        <field name="jarvis_type" value="334030005" />
      </record>
      <record id="8a657b23-49d9-ed11-a7c7-000d3addcd24">
        <field name="jarvis_regionalcase" value="False" />
        <field name="jarvis_brand" value="0c4b9431-176b-ed11-9561-0022489d0994" lookupentity="jarvis_brand" lookupentityname="Renault Trucks" />
        <field name="jarvis_caselocation" value="334030001" />
        <field name="jarvis_contractid" value="8a657b23-49d9-ed11-a7c7-000d3addcd24" />
        <field name="jarvis_country" value="b39f7664-536b-ed11-9562-000d3addc3f9" lookupentity="jarvis_country" lookupentityname="Belgium" />
        <field name="createdby" value="154ef5e2-7e2f-ed11-9db1-0022489db736" lookupentity="systemuser" lookupentityname="Stephan Mars" />
        <field name="createdon" value="2023-04-12T15:46:21.0000000Z" />
        <field name="transactioncurrencyid" value="a457f830-732d-ed11-9db1-000d3adb48a2" lookupentity="transactioncurrency" lookupentityname="Euro" />
        <field name="exchangerate" value="1.000000000000" />
        <field name="jarvis_gopamount" value="1200.0000000000" />
        <field name="jarvis_gopamount_base" value="1200.0000000000" />
        <field name="jarvis_gopautoapproved" value="True" />
        <field name="importsequencenumber" value="42" />
        <field name="modifiedby" value="154ef5e2-7e2f-ed11-9db1-0022489db736" lookupentity="systemuser" lookupentityname="Stephan Mars" />
        <field name="modifiedon" value="2023-04-12T15:46:21.0000000Z" />
        <field name="jarvis_name" value="Renault Trucks - Belgium - National - Secure Standard" />
        <field name="ownerid" value="154ef5e2-7e2f-ed11-9db1-0022489db736" lookupentity="systemuser" lookupentityname="Stephan Mars" />
        <field name="owningbusinessunit" value="c3ed74bc-152d-ed11-9db1-000d3adb48a2" lookupentity="businessunit" lookupentityname="org449d870c" />
        <field name="owninguser" value="154ef5e2-7e2f-ed11-9db1-0022489db736" lookupentity="systemuser" />
        <field name="statecode" value="0" />
        <field name="statuscode" value="1" />
        <field name="jarvis_type" value="334030006" />
      </record>
      <record id="8c657b23-49d9-ed11-a7c7-000d3addcd24">
        <field name="jarvis_regionalcase" value="False" />
        <field name="jarvis_brand" value="0c4b9431-176b-ed11-9561-0022489d0994" lookupentity="jarvis_brand" lookupentityname="Renault Trucks" />
        <field name="jarvis_caselocation" value="334030000" />
        <field name="jarvis_contractid" value="8c657b23-49d9-ed11-a7c7-000d3addcd24" />
        <field name="jarvis_country" value="b39f7664-536b-ed11-9562-000d3addc3f9" lookupentity="jarvis_country" lookupentityname="Belgium" />
        <field name="createdby" value="154ef5e2-7e2f-ed11-9db1-0022489db736" lookupentity="systemuser" lookupentityname="Stephan Mars" />
        <field name="createdon" value="2023-04-12T15:46:21.0000000Z" />
        <field name="transactioncurrencyid" value="a457f830-732d-ed11-9db1-000d3adb48a2" lookupentity="transactioncurrency" lookupentityname="Euro" />
        <field name="exchangerate" value="1.000000000000" />
        <field name="jarvis_gopamount" value="1200.0000000000" />
        <field name="jarvis_gopamount_base" value="1200.0000000000" />
        <field name="jarvis_gopautoapproved" value="True" />
        <field name="importsequencenumber" value="42" />
        <field name="modifiedby" value="154ef5e2-7e2f-ed11-9db1-0022489db736" lookupentity="systemuser" lookupentityname="Stephan Mars" />
        <field name="modifiedon" value="2023-04-12T15:46:21.0000000Z" />
        <field name="jarvis_name" value="Renault Trucks - Belgium - International - Excellence" />
        <field name="ownerid" value="154ef5e2-7e2f-ed11-9db1-0022489db736" lookupentity="systemuser" lookupentityname="Stephan Mars" />
        <field name="owningbusinessunit" value="c3ed74bc-152d-ed11-9db1-000d3adb48a2" lookupentity="businessunit" lookupentityname="org449d870c" />
        <field name="owninguser" value="154ef5e2-7e2f-ed11-9db1-0022489db736" lookupentity="systemuser" />
        <field name="statecode" value="0" />
        <field name="statuscode" value="1" />
        <field name="jarvis_type" value="334030002" />
      </record>
      <record id="8e657b23-49d9-ed11-a7c7-000d3addcd24">
        <field name="jarvis_regionalcase" value="False" />
        <field name="jarvis_brand" value="0c4b9431-176b-ed11-9561-0022489d0994" lookupentity="jarvis_brand" lookupentityname="Renault Trucks" />
        <field name="jarvis_caselocation" value="334030000" />
        <field name="jarvis_contractid" value="8e657b23-49d9-ed11-a7c7-000d3addcd24" />
        <field name="jarvis_country" value="b39f7664-536b-ed11-9562-000d3addc3f9" lookupentity="jarvis_country" lookupentityname="Belgium" />
        <field name="createdby" value="154ef5e2-7e2f-ed11-9db1-0022489db736" lookupentity="systemuser" lookupentityname="Stephan Mars" />
        <field name="createdon" value="2023-04-12T15:46:21.0000000Z" />
        <field name="transactioncurrencyid" value="a457f830-732d-ed11-9db1-000d3adb48a2" lookupentity="transactioncurrency" lookupentityname="Euro" />
        <field name="exchangerate" value="1.000000000000" />
        <field name="jarvis_gopamount" value="1200.0000000000" />
        <field name="jarvis_gopamount_base" value="1200.0000000000" />
        <field name="jarvis_gopautoapproved" value="True" />
        <field name="importsequencenumber" value="42" />
        <field name="modifiedby" value="154ef5e2-7e2f-ed11-9db1-0022489db736" lookupentity="systemuser" lookupentityname="Stephan Mars" />
        <field name="modifiedon" value="2023-04-12T15:46:21.0000000Z" />
        <field name="jarvis_name" value="Renault Trucks - Belgium - International - Performance Maxi" />
        <field name="ownerid" value="154ef5e2-7e2f-ed11-9db1-0022489db736" lookupentity="systemuser" lookupentityname="Stephan Mars" />
        <field name="owningbusinessunit" value="c3ed74bc-152d-ed11-9db1-000d3adb48a2" lookupentity="businessunit" lookupentityname="org449d870c" />
        <field name="owninguser" value="154ef5e2-7e2f-ed11-9db1-0022489db736" lookupentity="systemuser" />
        <field name="statecode" value="0" />
        <field name="statuscode" value="1" />
        <field name="jarvis_type" value="334030003" />
      </record>
      <record id="90657b23-49d9-ed11-a7c7-000d3addcd24">
        <field name="jarvis_regionalcase" value="False" />
        <field name="jarvis_brand" value="0c4b9431-176b-ed11-9561-0022489d0994" lookupentity="jarvis_brand" lookupentityname="Renault Trucks" />
        <field name="jarvis_caselocation" value="334030000" />
        <field name="jarvis_contractid" value="90657b23-49d9-ed11-a7c7-000d3addcd24" />
        <field name="jarvis_country" value="b39f7664-536b-ed11-9562-000d3addc3f9" lookupentity="jarvis_country" lookupentityname="Belgium" />
        <field name="createdby" value="154ef5e2-7e2f-ed11-9db1-0022489db736" lookupentity="systemuser" lookupentityname="Stephan Mars" />
        <field name="createdon" value="2023-04-12T15:46:21.0000000Z" />
        <field name="transactioncurrencyid" value="a457f830-732d-ed11-9db1-000d3adb48a2" lookupentity="transactioncurrency" lookupentityname="Euro" />
        <field name="exchangerate" value="1.000000000000" />
        <field name="jarvis_gopamount" value="1200.0000000000" />
        <field name="jarvis_gopamount_base" value="1200.0000000000" />
        <field name="jarvis_gopautoapproved" value="True" />
        <field name="importsequencenumber" value="42" />
        <field name="modifiedby" value="154ef5e2-7e2f-ed11-9db1-0022489db736" lookupentity="systemuser" lookupentityname="Stephan Mars" />
        <field name="modifiedon" value="2023-04-12T15:46:21.0000000Z" />
        <field name="jarvis_name" value="Renault Trucks - Belgium - International - Performance Standard" />
        <field name="ownerid" value="154ef5e2-7e2f-ed11-9db1-0022489db736" lookupentity="systemuser" lookupentityname="Stephan Mars" />
        <field name="owningbusinessunit" value="c3ed74bc-152d-ed11-9db1-000d3adb48a2" lookupentity="businessunit" lookupentityname="org449d870c" />
        <field name="owninguser" value="154ef5e2-7e2f-ed11-9db1-0022489db736" lookupentity="systemuser" />
        <field name="statecode" value="0" />
        <field name="statuscode" value="1" />
        <field name="jarvis_type" value="334030004" />
      </record>
      <record id="92657b23-49d9-ed11-a7c7-000d3addcd24">
        <field name="jarvis_regionalcase" value="False" />
        <field name="jarvis_brand" value="0c4b9431-176b-ed11-9561-0022489d0994" lookupentity="jarvis_brand" lookupentityname="Renault Trucks" />
        <field name="jarvis_caselocation" value="334030000" />
        <field name="jarvis_contractid" value="92657b23-49d9-ed11-a7c7-000d3addcd24" />
        <field name="jarvis_country" value="b39f7664-536b-ed11-9562-000d3addc3f9" lookupentity="jarvis_country" lookupentityname="Belgium" />
        <field name="createdby" value="154ef5e2-7e2f-ed11-9db1-0022489db736" lookupentity="systemuser" lookupentityname="Stephan Mars" />
        <field name="createdon" value="2023-04-12T15:46:21.0000000Z" />
        <field name="transactioncurrencyid" value="a457f830-732d-ed11-9db1-000d3adb48a2" lookupentity="transactioncurrency" lookupentityname="Euro" />
        <field name="exchangerate" value="1.000000000000" />
        <field name="jarvis_gopamount" value="1200.0000000000" />
        <field name="jarvis_gopamount_base" value="1200.0000000000" />
        <field name="jarvis_gopautoapproved" value="True" />
        <field name="importsequencenumber" value="42" />
        <field name="modifiedby" value="154ef5e2-7e2f-ed11-9db1-0022489db736" lookupentity="systemuser" lookupentityname="Stephan Mars" />
        <field name="modifiedon" value="2023-04-12T15:46:21.0000000Z" />
        <field name="jarvis_name" value="Renault Trucks - Belgium - International - Secure Maxi" />
        <field name="ownerid" value="154ef5e2-7e2f-ed11-9db1-0022489db736" lookupentity="systemuser" lookupentityname="Stephan Mars" />
        <field name="owningbusinessunit" value="c3ed74bc-152d-ed11-9db1-000d3adb48a2" lookupentity="businessunit" lookupentityname="org449d870c" />
        <field name="owninguser" value="154ef5e2-7e2f-ed11-9db1-0022489db736" lookupentity="systemuser" />
        <field name="statecode" value="0" />
        <field name="statuscode" value="1" />
        <field name="jarvis_type" value="334030005" />
      </record>
      <record id="94657b23-49d9-ed11-a7c7-000d3addcd24">
        <field name="jarvis_regionalcase" value="False" />
        <field name="jarvis_brand" value="0c4b9431-176b-ed11-9561-0022489d0994" lookupentity="jarvis_brand" lookupentityname="Renault Trucks" />
        <field name="jarvis_caselocation" value="334030000" />
        <field name="jarvis_contractid" value="94657b23-49d9-ed11-a7c7-000d3addcd24" />
        <field name="jarvis_country" value="b39f7664-536b-ed11-9562-000d3addc3f9" lookupentity="jarvis_country" lookupentityname="Belgium" />
        <field name="createdby" value="154ef5e2-7e2f-ed11-9db1-0022489db736" lookupentity="systemuser" lookupentityname="Stephan Mars" />
        <field name="createdon" value="2023-04-12T15:46:21.0000000Z" />
        <field name="transactioncurrencyid" value="a457f830-732d-ed11-9db1-000d3adb48a2" lookupentity="transactioncurrency" lookupentityname="Euro" />
        <field name="exchangerate" value="1.000000000000" />
        <field name="jarvis_gopamount" value="1200.0000000000" />
        <field name="jarvis_gopamount_base" value="1200.0000000000" />
        <field name="jarvis_gopautoapproved" value="True" />
        <field name="importsequencenumber" value="42" />
        <field name="modifiedby" value="154ef5e2-7e2f-ed11-9db1-0022489db736" lookupentity="systemuser" lookupentityname="Stephan Mars" />
        <field name="modifiedon" value="2023-04-12T15:46:21.0000000Z" />
        <field name="jarvis_name" value="Renault Trucks - Belgium - International - Secure Standard" />
        <field name="ownerid" value="154ef5e2-7e2f-ed11-9db1-0022489db736" lookupentity="systemuser" lookupentityname="Stephan Mars" />
        <field name="owningbusinessunit" value="c3ed74bc-152d-ed11-9db1-000d3adb48a2" lookupentity="businessunit" lookupentityname="org449d870c" />
        <field name="owninguser" value="154ef5e2-7e2f-ed11-9db1-0022489db736" lookupentity="systemuser" />
        <field name="statecode" value="0" />
        <field name="statuscode" value="1" />
        <field name="jarvis_type" value="334030006" />
      </record>
    </records>
    <m2mrelationships />
  </entity>
</entities>