<entities >
  <entity name="jarvis_communicationplaceholder" displayname="Communication Place Holder" etc="11074" primaryidfield="jarvis_communicationplaceholderid" primarynamefield="jarvis_name" disableplugins="false">
    <fields>
      <field displayname="Communication Place Holder" name="jarvis_communicationplaceholderid" type="guid" primaryKey="true" />
      <field displayname="Created By" name="createdby" type="entityreference" lookupType="systemuser" />
      <field displayname="Created By (Delegate)" name="createdonbehalfby" type="entityreference" lookupType="systemuser" />
      <field displayname="Created On" name="createdon" type="datetime" />
      <field displayname="Import Sequence Number" name="importsequencenumber" type="number" />
      <field displayname="Language" name="jarvis_language" type="entityreference" lookupType="jarvis_language" customfield="true" />
      <field displayname="Modified By" name="modifiedby" type="entityreference" lookupType="systemuser" />
      <field displayname="Modified By (Delegate)" name="modifiedonbehalfby" type="entityreference" lookupType="systemuser" />
      <field displayname="Modified On" name="modifiedon" type="datetime" />
      <field displayname="Name" name="jarvis_name" type="string" customfield="true" />
      <field displayname="Owner" name="ownerid" type="owner" />
      <field displayname="Owning Business Unit" name="owningbusinessunit" type="entityreference" lookupType="businessunit" />
      <field displayname="Owning Team" name="owningteam" type="entityreference" lookupType="team" />
      <field displayname="Owning User" name="owninguser" type="entityreference" lookupType="systemuser" />
      <field displayname="Place Holder" name="jarvis_placeholder" type="string" customfield="true" />
      <field displayname="Place Holder Picture Source" name="jarvis_placeholderpicturesource" type="string" customfield="true" />
      <field displayname="Place Holder Source" name="jarvis_placeholdersource" type="string" customfield="true" />
      <field displayname="Record Created On" name="overriddencreatedon" type="datetime" />
      <field displayname="Status" name="statecode" type="state" />
      <field displayname="Status Reason" name="statuscode" type="status" />
      <field displayname="Time Zone Rule Version Number" name="timezoneruleversionnumber" type="number" />
      <field displayname="Type" name="jarvis_type" type="optionsetvalue" customfield="true" />
      <field displayname="UTC Conversion Time Zone Code" name="utcconversiontimezonecode" type="number" />
      <field displayname="Version Number" name="versionnumber" type="bigint" />
    </fields>
    <relationships />
  </entity>
</entities>